[2019-10-16 01:38:24] laravel.EMERGENCY: Unable to create configured logger. Using emergency logger. {"exception":"[object] (InvalidArgumentException(code: 0): Log [] is not defined. at C:\\Users\\PhantonM\\Documents\\Projetos\\Php\
ightlife\\vendor\\laravel\\framework\\src\\Illuminate\\Log\\LogManager.php:168)
[stacktrace]
#0 C:\\Users\\PhantonM\\Documents\\Projetos\\Php\
ightlife\\vendor\\laravel\\framework\\src\\Illuminate\\Log\\LogManager.php(102): Illuminate\\Log\\LogManager->resolve(NULL)
#1 C:\\Users\\PhantonM\\Documents\\Projetos\\Php\
ightlife\\vendor\\laravel\\framework\\src\\Illuminate\\Log\\LogManager.php(90): Illuminate\\Log\\LogManager->get(NULL)
#2 C:\\Users\\PhantonM\\Documents\\Projetos\\Php\
ightlife\\vendor\\laravel\\framework\\src\\Illuminate\\Log\\LogManager.php(500): Illuminate\\Log\\LogManager->driver()
#3 C:\\Users\\PhantonM\\Documents\\Projetos\\Php\
ightlife\\vendor\\laravel\\framework\\src\\Illuminate\\Foundation\\Exceptions\\Handler.php(116): Illuminate\\Log\\LogManager->error('syntax error, u...', Array)
#4 C:\\Users\\PhantonM\\Documents\\Projetos\\Php\
ightlife\\app\\Exceptions\\Handler.php(37): Illuminate\\Foundation\\Exceptions\\Handler->report(Object(Symfony\\Component\\Debug\\Exception\\FatalThrowableError))
#5 C:\\Users\\PhantonM\\Documents\\Projetos\\Php\
ightlife\\vendor\\laravel\\framework\\src\\Illuminate\\Foundation\\Http\\Kernel.php(314): App\\Exceptions\\Handler->report(Object(Symfony\\Component\\Debug\\Exception\\FatalThrowableError))
#6 C:\\Users\\PhantonM\\Documents\\Projetos\\Php\
ightlife\\vendor\\laravel\\framework\\src\\Illuminate\\Foundation\\Http\\Kernel.php(122): Illuminate\\Foundation\\Http\\Kernel->reportException(Object(Symfony\\Component\\Debug\\Exception\\FatalThrowableError))
#7 C:\\Users\\PhantonM\\Documents\\Projetos\\Php\
ightlife\\public\\index.php(55): Illuminate\\Foundation\\Http\\Kernel->handle(Object(Illuminate\\Http\\Request))
#8 {main}
"} 
[2019-10-16 01:38:24] laravel.ERROR: syntax error, unexpected ';', expecting ']' {"exception":"[object] (Symfony\\Component\\Debug\\Exception\\FatalThrowableError(code: 0): syntax error, unexpected ';', expecting ']' at C:\\Users\\PhantonM\\Documents\\Projetos\\Php\
ightlife\\config\\adminlte.php:240)
[stacktrace]
#0 C:\\Users\\PhantonM\\Documents\\Projetos\\Php\
ightlife\\vendor\\laravel\\framework\\src\\Illuminate\\Foundation\\Bootstrap\\LoadConfiguration.php(39): Illuminate\\Foundation\\Bootstrap\\LoadConfiguration->loadConfigurationFiles(Object(Illuminate\\Foundation\\Application), Object(Illuminate\\Config\\Repository))
#1 C:\\Users\\PhantonM\\Documents\\Projetos\\Php\
ightlife\\vendor\\laravel\\framework\\src\\Illuminate\\Foundation\\Application.php(210): Illuminate\\Foundation\\Bootstrap\\LoadConfiguration->bootstrap(Object(Illuminate\\Foundation\\Application))
#2 C:\\Users\\PhantonM\\Documents\\Projetos\\Php\
ightlife\\vendor\\laravel\\framework\\src\\Illuminate\\Foundation\\Http\\Kernel.php(162): Illuminate\\Foundation\\Application->bootstrapWith(Array)
#3 C:\\Users\\PhantonM\\Documents\\Projetos\\Php\
ightlife\\vendor\\laravel\\framework\\src\\Illuminate\\Foundation\\Http\\Kernel.php(146): Illuminate\\Foundation\\Http\\Kernel->bootstrap()
#4 C:\\Users\\PhantonM\\Documents\\Projetos\\Php\
ightlife\\vendor\\laravel\\framework\\src\\Illuminate\\Foundation\\Http\\Kernel.php(116): Illuminate\\Foundation\\Http\\Kernel->sendRequestThroughRouter(Object(Illuminate\\Http\\Request))
#5 C:\\Users\\PhantonM\\Documents\\Projetos\\Php\
ightlife\\public\\index.php(55): Illuminate\\Foundation\\Http\\Kernel->handle(Object(Illuminate\\Http\\Request))
#6 {main}
"} 
[2019-10-17 02:02:32] laravel.EMERGENCY: Unable to create configured logger. Using emergency logger. {"exception":"[object] (InvalidArgumentException(code: 0): Log [] is not defined. at C:\\Users\\PhantonM\\Documents\\Projetos\\Php\
ightlife\\vendor\\laravel\\framework\\src\\Illuminate\\Log\\LogManager.php:168)
[stacktrace]
#0 C:\\Users\\PhantonM\\Documents\\Projetos\\Php\
ightlife\\vendor\\laravel\\framework\\src\\Illuminate\\Log\\LogManager.php(102): Illuminate\\Log\\LogManager->resolve(NULL)
#1 C:\\Users\\PhantonM\\Documents\\Projetos\\Php\
ightlife\\vendor\\laravel\\framework\\src\\Illuminate\\Log\\LogManager.php(90): Illuminate\\Log\\LogManager->get(NULL)
#2 C:\\Users\\PhantonM\\Documents\\Projetos\\Php\
ightlife\\vendor\\laravel\\framework\\src\\Illuminate\\Log\\LogManager.php(500): Illuminate\\Log\\LogManager->driver()
#3 C:\\Users\\PhantonM\\Documents\\Projetos\\Php\
ightlife\\vendor\\laravel\\framework\\src\\Illuminate\\Foundation\\Exceptions\\Handler.php(116): Illuminate\\Log\\LogManager->error('syntax error, u...', Array)
#4 C:\\Users\\PhantonM\\Documents\\Projetos\\Php\
ightlife\\app\\Exceptions\\Handler.php(37): Illuminate\\Foundation\\Exceptions\\Handler->report(Object(Symfony\\Component\\Debug\\Exception\\FatalThrowableError))
#5 C:\\Users\\PhantonM\\Documents\\Projetos\\Php\
ightlife\\vendor\\laravel\\framework\\src\\Illuminate\\Foundation\\Http\\Kernel.php(314): App\\Exceptions\\Handler->report(Object(Symfony\\Component\\Debug\\Exception\\FatalThrowableError))
#6 C:\\Users\\PhantonM\\Documents\\Projetos\\Php\
ightlife\\vendor\\laravel\\framework\\src\\Illuminate\\Foundation\\Http\\Kernel.php(122): Illuminate\\Foundation\\Http\\Kernel->reportException(Object(Symfony\\Component\\Debug\\Exception\\FatalThrowableError))
#7 C:\\Users\\PhantonM\\Documents\\Projetos\\Php\
ightlife\\public\\index.php(55): Illuminate\\Foundation\\Http\\Kernel->handle(Object(Illuminate\\Http\\Request))
#8 {main}
"} 
[2019-10-17 02:02:33] laravel.ERROR: syntax error, unexpected ';', expecting ']' {"exception":"[object] (Symfony\\Component\\Debug\\Exception\\FatalThrowableError(code: 0): syntax error, unexpected ';', expecting ']' at C:\\Users\\PhantonM\\Documents\\Projetos\\Php\
ightlife\\config\\adminlte.php:305)
[stacktrace]
#0 C:\\Users\\PhantonM\\Documents\\Projetos\\Php\
ightlife\\vendor\\laravel\\framework\\src\\Illuminate\\Foundation\\Bootstrap\\LoadConfiguration.php(39): Illuminate\\Foundation\\Bootstrap\\LoadConfiguration->loadConfigurationFiles(Object(Illuminate\\Foundation\\Application), Object(Illuminate\\Config\\Repository))
#1 C:\\Users\\PhantonM\\Documents\\Projetos\\Php\
ightlife\\vendor\\laravel\\framework\\src\\Illuminate\\Foundation\\Application.php(210): Illuminate\\Foundation\\Bootstrap\\LoadConfiguration->bootstrap(Object(Illuminate\\Foundation\\Application))
#2 C:\\Users\\PhantonM\\Documents\\Projetos\\Php\
ightlife\\vendor\\laravel\\framework\\src\\Illuminate\\Foundation\\Http\\Kernel.php(162): Illuminate\\Foundation\\Application->bootstrapWith(Array)
#3 C:\\Users\\PhantonM\\Documents\\Projetos\\Php\
ightlife\\vendor\\laravel\\framework\\src\\Illuminate\\Foundation\\Http\\Kernel.php(146): Illuminate\\Foundation\\Http\\Kernel->bootstrap()
#4 C:\\Users\\PhantonM\\Documents\\Projetos\\Php\
ightlife\\vendor\\laravel\\framework\\src\\Illuminate\\Foundation\\Http\\Kernel.php(116): Illuminate\\Foundation\\Http\\Kernel->sendRequestThroughRouter(Object(Illuminate\\Http\\Request))
#5 C:\\Users\\PhantonM\\Documents\\Projetos\\Php\
ightlife\\public\\index.php(55): Illuminate\\Foundation\\Http\\Kernel->handle(Object(Illuminate\\Http\\Request))
#6 {main}
"} 
[2019-10-19 15:53:37] laravel.EMERGENCY: Unable to create configured logger. Using emergency logger. {"exception":"[object] (InvalidArgumentException(code: 0): Log [] is not defined. at C:\\Users\\PhantonM\\Documents\\Projetos\\Php\
ightlife\\vendor\\laravel\\framework\\src\\Illuminate\\Log\\LogManager.php:168)
[stacktrace]
#0 C:\\Users\\PhantonM\\Documents\\Projetos\\Php\
ightlife\\vendor\\laravel\\framework\\src\\Illuminate\\Log\\LogManager.php(102): Illuminate\\Log\\LogManager->resolve(NULL)
#1 C:\\Users\\PhantonM\\Documents\\Projetos\\Php\
ightlife\\vendor\\laravel\\framework\\src\\Illuminate\\Log\\LogManager.php(90): Illuminate\\Log\\LogManager->get(NULL)
#2 C:\\Users\\PhantonM\\Documents\\Projetos\\Php\
ightlife\\vendor\\laravel\\framework\\src\\Illuminate\\Log\\LogManager.php(500): Illuminate\\Log\\LogManager->driver()
#3 C:\\Users\\PhantonM\\Documents\\Projetos\\Php\
ightlife\\vendor\\laravel\\framework\\src\\Illuminate\\Foundation\\Exceptions\\Handler.php(116): Illuminate\\Log\\LogManager->error('Argument 2 pass...', Array)
#4 C:\\Users\\PhantonM\\Documents\\Projetos\\Php\
ightlife\\app\\Exceptions\\Handler.php(37): Illuminate\\Foundation\\Exceptions\\Handler->report(Object(Symfony\\Component\\Debug\\Exception\\FatalThrowableError))
#5 C:\\Users\\PhantonM\\Documents\\Projetos\\Php\
ightlife\\vendor\\laravel\\framework\\src\\Illuminate\\Foundation\\Console\\Kernel.php(378): App\\Exceptions\\Handler->report(Object(Symfony\\Component\\Debug\\Exception\\FatalThrowableError))
#6 C:\\Users\\PhantonM\\Documents\\Projetos\\Php\
ightlife\\vendor\\laravel\\framework\\src\\Illuminate\\Foundation\\Console\\Kernel.php(143): Illuminate\\Foundation\\Console\\Kernel->reportException(Object(Symfony\\Component\\Debug\\Exception\\FatalThrowableError))
#7 C:\\Users\\PhantonM\\Documents\\Projetos\\Php\
ightlife\\artisan(37): Illuminate\\Foundation\\Console\\Kernel->handle(Object(Symfony\\Component\\Console\\Input\\ArgvInput), Object(Symfony\\Component\\Console\\Output\\ConsoleOutput))
#8 {main}
"} 
[2019-10-19 15:53:37] laravel.ERROR: Argument 2 passed to Illuminate\Routing\UrlGenerator::__construct() must be an instance of Illuminate\Http\Request, null given, called in C:\Users\PhantonM\Documents\Projetos\Php\nightlife\vendor\laravel\framework\src\Illuminate\Routing\RoutingServiceProvider.php on line 62 {"exception":"[object] (Symfony\\Component\\Debug\\Exception\\FatalThrowableError(code: 0): Argument 2 passed to Illuminate\\Routing\\UrlGenerator::__construct() must be an instance of Illuminate\\Http\\Request, null given, called in C:\\Users\\PhantonM\\Documents\\Projetos\\Php\
ightlife\\vendor\\laravel\\framework\\src\\Illuminate\\Routing\\RoutingServiceProvider.php on line 62 at C:\\Users\\PhantonM\\Documents\\Projetos\\Php\
ightlife\\vendor\\laravel\\framework\\src\\Illuminate\\Routing\\UrlGenerator.php:119)
[stacktrace]
#0 C:\\Users\\PhantonM\\Documents\\Projetos\\Php\
ightlife\\vendor\\laravel\\framework\\src\\Illuminate\\Routing\\RoutingServiceProvider.php(62): Illuminate\\Routing\\UrlGenerator->__construct(Object(Illuminate\\Routing\\RouteCollection), NULL, NULL)
#1 C:\\Users\\PhantonM\\Documents\\Projetos\\Php\
ightlife\\vendor\\laravel\\framework\\src\\Illuminate\\Container\\Container.php(787): Illuminate\\Routing\\RoutingServiceProvider->Illuminate\\Routing\\{closure}(Object(Illuminate\\Foundation\\Application), Array)
#2 C:\\Users\\PhantonM\\Documents\\Projetos\\Php\
ightlife\\vendor\\laravel\\framework\\src\\Illuminate\\Container\\Container.php(667): Illuminate\\Container\\Container->build(Object(Closure))
#3 C:\\Users\\PhantonM\\Documents\\Projetos\\Php\
ightlife\\vendor\\laravel\\framework\\src\\Illuminate\\Container\\Container.php(615): Illuminate\\Container\\Container->resolve('url', Array)
#4 C:\\Users\\PhantonM\\Documents\\Projetos\\Php\
ightlife\\vendor\\laravel\\framework\\src\\Illuminate\\Foundation\\Application.php(767): Illuminate\\Container\\Container->make('url', Array)
#5 C:\\Users\\PhantonM\\Documents\\Projetos\\Php\
ightlife\\vendor\\laravel\\framework\\src\\Illuminate\\Foundation\\helpers.php(121): Illuminate\\Foundation\\Application->make('url', Array)
#6 C:\\Users\\PhantonM\\Documents\\Projetos\\Php\
ightlife\\vendor\\laravel\\framework\\src\\Illuminate\\Foundation\\helpers.php(928): app('Illuminate\\\\Cont...')
#7 C:\\Users\\PhantonM\\Documents\\Projetos\\Php\
ightlife\\config\\adminlte.php(33): url('assets\\\\PainelAd...')
#8 C:\\Users\\PhantonM\\Documents\\Projetos\\Php\
ightlife\\vendor\\laravel\\framework\\src\\Illuminate\\Foundation\\Bootstrap\\LoadConfiguration.php(72): require('C:\\\\Users\\\\Phanto...')
#9 C:\\Users\\PhantonM\\Documents\\Projetos\\Php\
ightlife\\vendor\\laravel\\framework\\src\\Illuminate\\Foundation\\Bootstrap\\LoadConfiguration.php(39): Illuminate\\Foundation\\Bootstrap\\LoadConfiguration->loadConfigurationFiles(Object(Illuminate\\Foundation\\Application), Object(Illuminate\\Config\\Repository))
#10 C:\\Users\\PhantonM\\Documents\\Projetos\\Php\
ightlife\\vendor\\laravel\\framework\\src\\Illuminate\\Foundation\\Application.php(210): Illuminate\\Foundation\\Bootstrap\\LoadConfiguration->bootstrap(Object(Illuminate\\Foundation\\Application))
#11 C:\\Users\\PhantonM\\Documents\\Projetos\\Php\
ightlife\\vendor\\laravel\\framework\\src\\Illuminate\\Foundation\\Console\\Kernel.php(322): Illuminate\\Foundation\\Application->bootstrapWith(Array)
#12 C:\\Users\\PhantonM\\Documents\\Projetos\\Php\
ightlife\\vendor\\laravel\\framework\\src\\Illuminate\\Foundation\\Console\\Kernel.php(131): Illuminate\\Foundation\\Console\\Kernel->bootstrap()
#13 C:\\Users\\PhantonM\\Documents\\Projetos\\Php\
ightlife\\artisan(37): Illuminate\\Foundation\\Console\\Kernel->handle(Object(Symfony\\Component\\Console\\Input\\ArgvInput), Object(Symfony\\Component\\Console\\Output\\ConsoleOutput))
#14 {main}
"} 
[2019-10-19 15:53:56] laravel.EMERGENCY: Unable to create configured logger. Using emergency logger. {"exception":"[object] (InvalidArgumentException(code: 0): Log [] is not defined. at C:\\Users\\PhantonM\\Documents\\Projetos\\Php\
ightlife\\vendor\\laravel\\framework\\src\\Illuminate\\Log\\LogManager.php:168)
[stacktrace]
#0 C:\\Users\\PhantonM\\Documents\\Projetos\\Php\
ightlife\\vendor\\laravel\\framework\\src\\Illuminate\\Log\\LogManager.php(102): Illuminate\\Log\\LogManager->resolve(NULL)
#1 C:\\Users\\PhantonM\\Documents\\Projetos\\Php\
ightlife\\vendor\\laravel\\framework\\src\\Illuminate\\Log\\LogManager.php(90): Illuminate\\Log\\LogManager->get(NULL)
#2 C:\\Users\\PhantonM\\Documents\\Projetos\\Php\
ightlife\\vendor\\laravel\\framework\\src\\Illuminate\\Log\\LogManager.php(500): Illuminate\\Log\\LogManager->driver()
#3 C:\\Users\\PhantonM\\Documents\\Projetos\\Php\
ightlife\\vendor\\laravel\\framework\\src\\Illuminate\\Foundation\\Exceptions\\Handler.php(116): Illuminate\\Log\\LogManager->error('Argument 2 pass...', Array)
#4 C:\\Users\\PhantonM\\Documents\\Projetos\\Php\
ightlife\\app\\Exceptions\\Handler.php(37): Illuminate\\Foundation\\Exceptions\\Handler->report(Object(Symfony\\Component\\Debug\\Exception\\FatalThrowableError))
#5 C:\\Users\\PhantonM\\Documents\\Projetos\\Php\
ightlife\\vendor\\laravel\\framework\\src\\Illuminate\\Foundation\\Console\\Kernel.php(378): App\\Exceptions\\Handler->report(Object(Symfony\\Component\\Debug\\Exception\\FatalThrowableError))
#6 C:\\Users\\PhantonM\\Documents\\Projetos\\Php\
ightlife\\vendor\\laravel\\framework\\src\\Illuminate\\Foundation\\Console\\Kernel.php(143): Illuminate\\Foundation\\Console\\Kernel->reportException(Object(Symfony\\Component\\Debug\\Exception\\FatalThrowableError))
#7 C:\\Users\\PhantonM\\Documents\\Projetos\\Php\
ightlife\\artisan(37): Illuminate\\Foundation\\Console\\Kernel->handle(Object(Symfony\\Component\\Console\\Input\\ArgvInput), Object(Symfony\\Component\\Console\\Output\\ConsoleOutput))
#8 {main}
"} 
[2019-10-19 15:53:56] laravel.ERROR: Argument 2 passed to Illuminate\Routing\UrlGenerator::__construct() must be an instance of Illuminate\Http\Request, null given, called in C:\Users\PhantonM\Documents\Projetos\Php\nightlife\vendor\laravel\framework\src\Illuminate\Routing\RoutingServiceProvider.php on line 62 {"exception":"[object] (Symfony\\Component\\Debug\\Exception\\FatalThrowableError(code: 0): Argument 2 passed to Illuminate\\Routing\\UrlGenerator::__construct() must be an instance of Illuminate\\Http\\Request, null given, called in C:\\Users\\PhantonM\\Documents\\Projetos\\Php\
ightlife\\vendor\\laravel\\framework\\src\\Illuminate\\Routing\\RoutingServiceProvider.php on line 62 at C:\\Users\\PhantonM\\Documents\\Projetos\\Php\
ightlife\\vendor\\laravel\\framework\\src\\Illuminate\\Routing\\UrlGenerator.php:119)
[stacktrace]
#0 C:\\Users\\PhantonM\\Documents\\Projetos\\Php\
ightlife\\vendor\\laravel\\framework\\src\\Illuminate\\Routing\\RoutingServiceProvider.php(62): Illuminate\\Routing\\UrlGenerator->__construct(Object(Illuminate\\Routing\\RouteCollection), NULL, NULL)
#1 C:\\Users\\PhantonM\\Documents\\Projetos\\Php\
ightlife\\vendor\\laravel\\framework\\src\\Illuminate\\Container\\Container.php(787): Illuminate\\Routing\\RoutingServiceProvider->Illuminate\\Routing\\{closure}(Object(Illuminate\\Foundation\\Application), Array)
#2 C:\\Users\\PhantonM\\Documents\\Projetos\\Php\
ightlife\\vendor\\laravel\\framework\\src\\Illuminate\\Container\\Container.php(667): Illuminate\\Container\\Container->build(Object(Closure))
#3 C:\\Users\\PhantonM\\Documents\\Projetos\\Php\
ightlife\\vendor\\laravel\\framework\\src\\Illuminate\\Container\\Container.php(615): Illuminate\\Container\\Container->resolve('url', Array)
#4 C:\\Users\\PhantonM\\Documents\\Projetos\\Php\
ightlife\\vendor\\laravel\\framework\\src\\Illuminate\\Foundation\\Application.php(767): Illuminate\\Container\\Container->make('url', Array)
#5 C:\\Users\\PhantonM\\Documents\\Projetos\\Php\
ightlife\\vendor\\laravel\\framework\\src\\Illuminate\\Foundation\\helpers.php(121): Illuminate\\Foundation\\Application->make('url', Array)
#6 C:\\Users\\PhantonM\\Documents\\Projetos\\Php\
ightlife\\vendor\\laravel\\framework\\src\\Illuminate\\Foundation\\helpers.php(928): app('Illuminate\\\\Cont...')
#7 C:\\Users\\PhantonM\\Documents\\Projetos\\Php\
ightlife\\config\\adminlte.php(33): url('assets\\\\PainelAd...')
#8 C:\\Users\\PhantonM\\Documents\\Projetos\\Php\
ightlife\\vendor\\laravel\\framework\\src\\Illuminate\\Foundation\\Bootstrap\\LoadConfiguration.php(72): require('C:\\\\Users\\\\Phanto...')
#9 C:\\Users\\PhantonM\\Documents\\Projetos\\Php\
ightlife\\vendor\\laravel\\framework\\src\\Illuminate\\Foundation\\Bootstrap\\LoadConfiguration.php(39): Illuminate\\Foundation\\Bootstrap\\LoadConfiguration->loadConfigurationFiles(Object(Illuminate\\Foundation\\Application), Object(Illuminate\\Config\\Repository))
#10 C:\\Users\\PhantonM\\Documents\\Projetos\\Php\
ightlife\\vendor\\laravel\\framework\\src\\Illuminate\\Foundation\\Application.php(210): Illuminate\\Foundation\\Bootstrap\\LoadConfiguration->bootstrap(Object(Illuminate\\Foundation\\Application))
#11 C:\\Users\\PhantonM\\Documents\\Projetos\\Php\
ightlife\\vendor\\laravel\\framework\\src\\Illuminate\\Foundation\\Console\\Kernel.php(322): Illuminate\\Foundation\\Application->bootstrapWith(Array)
#12 C:\\Users\\PhantonM\\Documents\\Projetos\\Php\
ightlife\\vendor\\laravel\\framework\\src\\Illuminate\\Foundation\\Console\\Kernel.php(131): Illuminate\\Foundation\\Console\\Kernel->bootstrap()
#13 C:\\Users\\PhantonM\\Documents\\Projetos\\Php\
ightlife\\artisan(37): Illuminate\\Foundation\\Console\\Kernel->handle(Object(Symfony\\Component\\Console\\Input\\ArgvInput), Object(Symfony\\Component\\Console\\Output\\ConsoleOutput))
#14 {main}
"} 
[2019-10-19 15:56:19] laravel.EMERGENCY: Unable to create configured logger. Using emergency logger. {"exception":"[object] (InvalidArgumentException(code: 0): Log [] is not defined. at C:\\Users\\PhantonM\\Documents\\Projetos\\Php\
ightlife\\vendor\\laravel\\framework\\src\\Illuminate\\Log\\LogManager.php:168)
[stacktrace]
#0 C:\\Users\\PhantonM\\Documents\\Projetos\\Php\
ightlife\\vendor\\laravel\\framework\\src\\Illuminate\\Log\\LogManager.php(102): Illuminate\\Log\\LogManager->resolve(NULL)
#1 C:\\Users\\PhantonM\\Documents\\Projetos\\Php\
ightlife\\vendor\\laravel\\framework\\src\\Illuminate\\Log\\LogManager.php(90): Illuminate\\Log\\LogManager->get(NULL)
#2 C:\\Users\\PhantonM\\Documents\\Projetos\\Php\
ightlife\\vendor\\laravel\\framework\\src\\Illuminate\\Log\\LogManager.php(500): Illuminate\\Log\\LogManager->driver()
#3 C:\\Users\\PhantonM\\Documents\\Projetos\\Php\
ightlife\\vendor\\laravel\\framework\\src\\Illuminate\\Foundation\\Exceptions\\Handler.php(116): Illuminate\\Log\\LogManager->error('Argument 2 pass...', Array)
#4 C:\\Users\\PhantonM\\Documents\\Projetos\\Php\
ightlife\\app\\Exceptions\\Handler.php(37): Illuminate\\Foundation\\Exceptions\\Handler->report(Object(Symfony\\Component\\Debug\\Exception\\FatalThrowableError))
#5 C:\\Users\\PhantonM\\Documents\\Projetos\\Php\
ightlife\\vendor\\laravel\\framework\\src\\Illuminate\\Foundation\\Console\\Kernel.php(378): App\\Exceptions\\Handler->report(Object(Symfony\\Component\\Debug\\Exception\\FatalThrowableError))
#6 C:\\Users\\PhantonM\\Documents\\Projetos\\Php\
ightlife\\vendor\\laravel\\framework\\src\\Illuminate\\Foundation\\Console\\Kernel.php(143): Illuminate\\Foundation\\Console\\Kernel->reportException(Object(Symfony\\Component\\Debug\\Exception\\FatalThrowableError))
#7 C:\\Users\\PhantonM\\Documents\\Projetos\\Php\
ightlife\\artisan(37): Illuminate\\Foundation\\Console\\Kernel->handle(Object(Symfony\\Component\\Console\\Input\\ArgvInput), Object(Symfony\\Component\\Console\\Output\\ConsoleOutput))
#8 {main}
"} 
[2019-10-19 15:56:19] laravel.ERROR: Argument 2 passed to Illuminate\Routing\UrlGenerator::__construct() must be an instance of Illuminate\Http\Request, null given, called in C:\Users\PhantonM\Documents\Projetos\Php\nightlife\vendor\laravel\framework\src\Illuminate\Routing\RoutingServiceProvider.php on line 62 {"exception":"[object] (Symfony\\Component\\Debug\\Exception\\FatalThrowableError(code: 0): Argument 2 passed to Illuminate\\Routing\\UrlGenerator::__construct() must be an instance of Illuminate\\Http\\Request, null given, called in C:\\Users\\PhantonM\\Documents\\Projetos\\Php\
ightlife\\vendor\\laravel\\framework\\src\\Illuminate\\Routing\\RoutingServiceProvider.php on line 62 at C:\\Users\\PhantonM\\Documents\\Projetos\\Php\
ightlife\\vendor\\laravel\\framework\\src\\Illuminate\\Routing\\UrlGenerator.php:119)
[stacktrace]
#0 C:\\Users\\PhantonM\\Documents\\Projetos\\Php\
ightlife\\vendor\\laravel\\framework\\src\\Illuminate\\Routing\\RoutingServiceProvider.php(62): Illuminate\\Routing\\UrlGenerator->__construct(Object(Illuminate\\Routing\\RouteCollection), NULL, NULL)
#1 C:\\Users\\PhantonM\\Documents\\Projetos\\Php\
ightlife\\vendor\\laravel\\framework\\src\\Illuminate\\Container\\Container.php(787): Illuminate\\Routing\\RoutingServiceProvider->Illuminate\\Routing\\{closure}(Object(Illuminate\\Foundation\\Application), Array)
#2 C:\\Users\\PhantonM\\Documents\\Projetos\\Php\
ightlife\\vendor\\laravel\\framework\\src\\Illuminate\\Container\\Container.php(667): Illuminate\\Container\\Container->build(Object(Closure))
#3 C:\\Users\\PhantonM\\Documents\\Projetos\\Php\
ightlife\\vendor\\laravel\\framework\\src\\Illuminate\\Container\\Container.php(615): Illuminate\\Container\\Container->resolve('url', Array)
#4 C:\\Users\\PhantonM\\Documents\\Projetos\\Php\
ightlife\\vendor\\laravel\\framework\\src\\Illuminate\\Foundation\\Application.php(767): Illuminate\\Container\\Container->make('url', Array)
#5 C:\\Users\\PhantonM\\Documents\\Projetos\\Php\
ightlife\\vendor\\laravel\\framework\\src\\Illuminate\\Foundation\\helpers.php(121): Illuminate\\Foundation\\Application->make('url', Array)
#6 C:\\Users\\PhantonM\\Documents\\Projetos\\Php\
ightlife\\vendor\\laravel\\framework\\src\\Illuminate\\Foundation\\helpers.php(928): app('Illuminate\\\\Cont...')
#7 C:\\Users\\PhantonM\\Documents\\Projetos\\Php\
ightlife\\config\\adminlte.php(33): url('assets\\\\PainelAd...')
#8 C:\\Users\\PhantonM\\Documents\\Projetos\\Php\
ightlife\\vendor\\laravel\\framework\\src\\Illuminate\\Foundation\\Bootstrap\\LoadConfiguration.php(72): require('C:\\\\Users\\\\Phanto...')
#9 C:\\Users\\PhantonM\\Documents\\Projetos\\Php\
ightlife\\vendor\\laravel\\framework\\src\\Illuminate\\Foundation\\Bootstrap\\LoadConfiguration.php(39): Illuminate\\Foundation\\Bootstrap\\LoadConfiguration->loadConfigurationFiles(Object(Illuminate\\Foundation\\Application), Object(Illuminate\\Config\\Repository))
#10 C:\\Users\\PhantonM\\Documents\\Projetos\\Php\
ightlife\\vendor\\laravel\\framework\\src\\Illuminate\\Foundation\\Application.php(210): Illuminate\\Foundation\\Bootstrap\\LoadConfiguration->bootstrap(Object(Illuminate\\Foundation\\Application))
#11 C:\\Users\\PhantonM\\Documents\\Projetos\\Php\
ightlife\\vendor\\laravel\\framework\\src\\Illuminate\\Foundation\\Console\\Kernel.php(322): Illuminate\\Foundation\\Application->bootstrapWith(Array)
#12 C:\\Users\\PhantonM\\Documents\\Projetos\\Php\
ightlife\\vendor\\laravel\\framework\\src\\Illuminate\\Foundation\\Console\\Kernel.php(131): Illuminate\\Foundation\\Console\\Kernel->bootstrap()
#13 C:\\Users\\PhantonM\\Documents\\Projetos\\Php\
ightlife\\artisan(37): Illuminate\\Foundation\\Console\\Kernel->handle(Object(Symfony\\Component\\Console\\Input\\ArgvInput), Object(Symfony\\Component\\Console\\Output\\ConsoleOutput))
#14 {main}
"} 
[2019-10-19 15:57:55] laravel.EMERGENCY: Unable to create configured logger. Using emergency logger. {"exception":"[object] (InvalidArgumentException(code: 0): Log [] is not defined. at C:\\Users\\PhantonM\\Documents\\Projetos\\Php\
ightlife\\vendor\\laravel\\framework\\src\\Illuminate\\Log\\LogManager.php:168)
[stacktrace]
#0 C:\\Users\\PhantonM\\Documents\\Projetos\\Php\
ightlife\\vendor\\laravel\\framework\\src\\Illuminate\\Log\\LogManager.php(102): Illuminate\\Log\\LogManager->resolve(NULL)
#1 C:\\Users\\PhantonM\\Documents\\Projetos\\Php\
ightlife\\vendor\\laravel\\framework\\src\\Illuminate\\Log\\LogManager.php(90): Illuminate\\Log\\LogManager->get(NULL)
#2 C:\\Users\\PhantonM\\Documents\\Projetos\\Php\
ightlife\\vendor\\laravel\\framework\\src\\Illuminate\\Log\\LogManager.php(500): Illuminate\\Log\\LogManager->driver()
#3 C:\\Users\\PhantonM\\Documents\\Projetos\\Php\
ightlife\\vendor\\laravel\\framework\\src\\Illuminate\\Foundation\\Exceptions\\Handler.php(116): Illuminate\\Log\\LogManager->error('Argument 2 pass...', Array)
#4 C:\\Users\\PhantonM\\Documents\\Projetos\\Php\
ightlife\\app\\Exceptions\\Handler.php(37): Illuminate\\Foundation\\Exceptions\\Handler->report(Object(Symfony\\Component\\Debug\\Exception\\FatalThrowableError))
#5 C:\\Users\\PhantonM\\Documents\\Projetos\\Php\
ightlife\\vendor\\laravel\\framework\\src\\Illuminate\\Foundation\\Console\\Kernel.php(378): App\\Exceptions\\Handler->report(Object(Symfony\\Component\\Debug\\Exception\\FatalThrowableError))
#6 C:\\Users\\PhantonM\\Documents\\Projetos\\Php\
ightlife\\vendor\\laravel\\framework\\src\\Illuminate\\Foundation\\Console\\Kernel.php(143): Illuminate\\Foundation\\Console\\Kernel->reportException(Object(Symfony\\Component\\Debug\\Exception\\FatalThrowableError))
#7 C:\\Users\\PhantonM\\Documents\\Projetos\\Php\
ightlife\\artisan(37): Illuminate\\Foundation\\Console\\Kernel->handle(Object(Symfony\\Component\\Console\\Input\\ArgvInput), Object(Symfony\\Component\\Console\\Output\\ConsoleOutput))
#8 {main}
"} 
[2019-10-19 15:57:55] laravel.ERROR: Argument 2 passed to Illuminate\Routing\UrlGenerator::__construct() must be an instance of Illuminate\Http\Request, null given, called in C:\Users\PhantonM\Documents\Projetos\Php\nightlife\vendor\laravel\framework\src\Illuminate\Routing\RoutingServiceProvider.php on line 62 {"exception":"[object] (Symfony\\Component\\Debug\\Exception\\FatalThrowableError(code: 0): Argument 2 passed to Illuminate\\Routing\\UrlGenerator::__construct() must be an instance of Illuminate\\Http\\Request, null given, called in C:\\Users\\PhantonM\\Documents\\Projetos\\Php\
ightlife\\vendor\\laravel\\framework\\src\\Illuminate\\Routing\\RoutingServiceProvider.php on line 62 at C:\\Users\\PhantonM\\Documents\\Projetos\\Php\
ightlife\\vendor\\laravel\\framework\\src\\Illuminate\\Routing\\UrlGenerator.php:119)
[stacktrace]
#0 C:\\Users\\PhantonM\\Documents\\Projetos\\Php\
ightlife\\vendor\\laravel\\framework\\src\\Illuminate\\Routing\\RoutingServiceProvider.php(62): Illuminate\\Routing\\UrlGenerator->__construct(Object(Illuminate\\Routing\\RouteCollection), NULL, NULL)
#1 C:\\Users\\PhantonM\\Documents\\Projetos\\Php\
ightlife\\vendor\\laravel\\framework\\src\\Illuminate\\Container\\Container.php(787): Illuminate\\Routing\\RoutingServiceProvider->Illuminate\\Routing\\{closure}(Object(Illuminate\\Foundation\\Application), Array)
#2 C:\\Users\\PhantonM\\Documents\\Projetos\\Php\
ightlife\\vendor\\laravel\\framework\\src\\Illuminate\\Container\\Container.php(667): Illuminate\\Container\\Container->build(Object(Closure))
#3 C:\\Users\\PhantonM\\Documents\\Projetos\\Php\
ightlife\\vendor\\laravel\\framework\\src\\Illuminate\\Container\\Container.php(615): Illuminate\\Container\\Container->resolve('url', Array)
#4 C:\\Users\\PhantonM\\Documents\\Projetos\\Php\
ightlife\\vendor\\laravel\\framework\\src\\Illuminate\\Foundation\\Application.php(767): Illuminate\\Container\\Container->make('url', Array)
#5 C:\\Users\\PhantonM\\Documents\\Projetos\\Php\
ightlife\\vendor\\laravel\\framework\\src\\Illuminate\\Foundation\\helpers.php(121): Illuminate\\Foundation\\Application->make('url', Array)
#6 C:\\Users\\PhantonM\\Documents\\Projetos\\Php\
ightlife\\vendor\\laravel\\framework\\src\\Illuminate\\Foundation\\helpers.php(928): app('Illuminate\\\\Cont...')
#7 C:\\Users\\PhantonM\\Documents\\Projetos\\Php\
ightlife\\config\\adminlte.php(33): url('assets\\\\PainelAd...')
#8 C:\\Users\\PhantonM\\Documents\\Projetos\\Php\
ightlife\\vendor\\laravel\\framework\\src\\Illuminate\\Foundation\\Bootstrap\\LoadConfiguration.php(72): require('C:\\\\Users\\\\Phanto...')
#9 C:\\Users\\PhantonM\\Documents\\Projetos\\Php\
ightlife\\vendor\\laravel\\framework\\src\\Illuminate\\Foundation\\Bootstrap\\LoadConfiguration.php(39): Illuminate\\Foundation\\Bootstrap\\LoadConfiguration->loadConfigurationFiles(Object(Illuminate\\Foundation\\Application), Object(Illuminate\\Config\\Repository))
#10 C:\\Users\\PhantonM\\Documents\\Projetos\\Php\
ightlife\\vendor\\laravel\\framework\\src\\Illuminate\\Foundation\\Application.php(210): Illuminate\\Foundation\\Bootstrap\\LoadConfiguration->bootstrap(Object(Illuminate\\Foundation\\Application))
#11 C:\\Users\\PhantonM\\Documents\\Projetos\\Php\
ightlife\\vendor\\laravel\\framework\\src\\Illuminate\\Foundation\\Console\\Kernel.php(322): Illuminate\\Foundation\\Application->bootstrapWith(Array)
#12 C:\\Users\\PhantonM\\Documents\\Projetos\\Php\
ightlife\\vendor\\laravel\\framework\\src\\Illuminate\\Foundation\\Console\\Kernel.php(131): Illuminate\\Foundation\\Console\\Kernel->bootstrap()
#13 C:\\Users\\PhantonM\\Documents\\Projetos\\Php\
ightlife\\artisan(37): Illuminate\\Foundation\\Console\\Kernel->handle(Object(Symfony\\Component\\Console\\Input\\ArgvInput), Object(Symfony\\Component\\Console\\Output\\ConsoleOutput))
#14 {main}
"} 
[2019-10-19 16:00:18] laravel.EMERGENCY: Unable to create configured logger. Using emergency logger. {"exception":"[object] (InvalidArgumentException(code: 0): Log [] is not defined. at C:\\Users\\PhantonM\\Documents\\Projetos\\Php\
ightlife\\vendor\\laravel\\framework\\src\\Illuminate\\Log\\LogManager.php:168)
[stacktrace]
#0 C:\\Users\\PhantonM\\Documents\\Projetos\\Php\
ightlife\\vendor\\laravel\\framework\\src\\Illuminate\\Log\\LogManager.php(102): Illuminate\\Log\\LogManager->resolve(NULL)
#1 C:\\Users\\PhantonM\\Documents\\Projetos\\Php\
ightlife\\vendor\\laravel\\framework\\src\\Illuminate\\Log\\LogManager.php(90): Illuminate\\Log\\LogManager->get(NULL)
#2 C:\\Users\\PhantonM\\Documents\\Projetos\\Php\
ightlife\\vendor\\laravel\\framework\\src\\Illuminate\\Log\\LogManager.php(500): Illuminate\\Log\\LogManager->driver()
#3 C:\\Users\\PhantonM\\Documents\\Projetos\\Php\
ightlife\\vendor\\laravel\\framework\\src\\Illuminate\\Foundation\\Exceptions\\Handler.php(116): Illuminate\\Log\\LogManager->error('Argument 2 pass...', Array)
#4 C:\\Users\\PhantonM\\Documents\\Projetos\\Php\
ightlife\\app\\Exceptions\\Handler.php(37): Illuminate\\Foundation\\Exceptions\\Handler->report(Object(Symfony\\Component\\Debug\\Exception\\FatalThrowableError))
#5 C:\\Users\\PhantonM\\Documents\\Projetos\\Php\
ightlife\\vendor\\laravel\\framework\\src\\Illuminate\\Foundation\\Console\\Kernel.php(378): App\\Exceptions\\Handler->report(Object(Symfony\\Component\\Debug\\Exception\\FatalThrowableError))
#6 C:\\Users\\PhantonM\\Documents\\Projetos\\Php\
ightlife\\vendor\\laravel\\framework\\src\\Illuminate\\Foundation\\Console\\Kernel.php(143): Illuminate\\Foundation\\Console\\Kernel->reportException(Object(Symfony\\Component\\Debug\\Exception\\FatalThrowableError))
#7 C:\\Users\\PhantonM\\Documents\\Projetos\\Php\
ightlife\\artisan(37): Illuminate\\Foundation\\Console\\Kernel->handle(Object(Symfony\\Component\\Console\\Input\\ArgvInput), Object(Symfony\\Component\\Console\\Output\\ConsoleOutput))
#8 {main}
"} 
[2019-10-19 16:00:18] laravel.ERROR: Argument 2 passed to Illuminate\Routing\UrlGenerator::__construct() must be an instance of Illuminate\Http\Request, null given, called in C:\Users\PhantonM\Documents\Projetos\Php\nightlife\vendor\laravel\framework\src\Illuminate\Routing\RoutingServiceProvider.php on line 62 {"exception":"[object] (Symfony\\Component\\Debug\\Exception\\FatalThrowableError(code: 0): Argument 2 passed to Illuminate\\Routing\\UrlGenerator::__construct() must be an instance of Illuminate\\Http\\Request, null given, called in C:\\Users\\PhantonM\\Documents\\Projetos\\Php\
ightlife\\vendor\\laravel\\framework\\src\\Illuminate\\Routing\\RoutingServiceProvider.php on line 62 at C:\\Users\\PhantonM\\Documents\\Projetos\\Php\
ightlife\\vendor\\laravel\\framework\\src\\Illuminate\\Routing\\UrlGenerator.php:119)
[stacktrace]
#0 C:\\Users\\PhantonM\\Documents\\Projetos\\Php\
ightlife\\vendor\\laravel\\framework\\src\\Illuminate\\Routing\\RoutingServiceProvider.php(62): Illuminate\\Routing\\UrlGenerator->__construct(Object(Illuminate\\Routing\\RouteCollection), NULL, NULL)
#1 C:\\Users\\PhantonM\\Documents\\Projetos\\Php\
ightlife\\vendor\\laravel\\framework\\src\\Illuminate\\Container\\Container.php(787): Illuminate\\Routing\\RoutingServiceProvider->Illuminate\\Routing\\{closure}(Object(Illuminate\\Foundation\\Application), Array)
#2 C:\\Users\\PhantonM\\Documents\\Projetos\\Php\
ightlife\\vendor\\laravel\\framework\\src\\Illuminate\\Container\\Container.php(667): Illuminate\\Container\\Container->build(Object(Closure))
#3 C:\\Users\\PhantonM\\Documents\\Projetos\\Php\
ightlife\\vendor\\laravel\\framework\\src\\Illuminate\\Container\\Container.php(615): Illuminate\\Container\\Container->resolve('url', Array)
#4 C:\\Users\\PhantonM\\Documents\\Projetos\\Php\
ightlife\\vendor\\laravel\\framework\\src\\Illuminate\\Foundation\\Application.php(767): Illuminate\\Container\\Container->make('url', Array)
#5 C:\\Users\\PhantonM\\Documents\\Projetos\\Php\
ightlife\\vendor\\laravel\\framework\\src\\Illuminate\\Foundation\\helpers.php(121): Illuminate\\Foundation\\Application->make('url', Array)
#6 C:\\Users\\PhantonM\\Documents\\Projetos\\Php\
ightlife\\vendor\\laravel\\framework\\src\\Illuminate\\Foundation\\helpers.php(928): app('Illuminate\\\\Cont...')
#7 C:\\Users\\PhantonM\\Documents\\Projetos\\Php\
ightlife\\config\\adminlte.php(33): url('assets\\\\PainelAd...')
#8 C:\\Users\\PhantonM\\Documents\\Projetos\\Php\
ightlife\\vendor\\laravel\\framework\\src\\Illuminate\\Foundation\\Bootstrap\\LoadConfiguration.php(72): require('C:\\\\Users\\\\Phanto...')
#9 C:\\Users\\PhantonM\\Documents\\Projetos\\Php\
ightlife\\vendor\\laravel\\framework\\src\\Illuminate\\Foundation\\Bootstrap\\LoadConfiguration.php(39): Illuminate\\Foundation\\Bootstrap\\LoadConfiguration->loadConfigurationFiles(Object(Illuminate\\Foundation\\Application), Object(Illuminate\\Config\\Repository))
#10 C:\\Users\\PhantonM\\Documents\\Projetos\\Php\
ightlife\\vendor\\laravel\\framework\\src\\Illuminate\\Foundation\\Application.php(210): Illuminate\\Foundation\\Bootstrap\\LoadConfiguration->bootstrap(Object(Illuminate\\Foundation\\Application))
#11 C:\\Users\\PhantonM\\Documents\\Projetos\\Php\
ightlife\\vendor\\laravel\\framework\\src\\Illuminate\\Foundation\\Console\\Kernel.php(322): Illuminate\\Foundation\\Application->bootstrapWith(Array)
#12 C:\\Users\\PhantonM\\Documents\\Projetos\\Php\
ightlife\\vendor\\laravel\\framework\\src\\Illuminate\\Foundation\\Console\\Kernel.php(131): Illuminate\\Foundation\\Console\\Kernel->bootstrap()
#13 C:\\Users\\PhantonM\\Documents\\Projetos\\Php\
ightlife\\artisan(37): Illuminate\\Foundation\\Console\\Kernel->handle(Object(Symfony\\Component\\Console\\Input\\ArgvInput), Object(Symfony\\Component\\Console\\Output\\ConsoleOutput))
#14 {main}
"} 
[2019-10-19 16:01:15] laravel.EMERGENCY: Unable to create configured logger. Using emergency logger. {"exception":"[object] (InvalidArgumentException(code: 0): Log [] is not defined. at C:\\Users\\PhantonM\\Documents\\Projetos\\Php\
ightlife\\vendor\\laravel\\framework\\src\\Illuminate\\Log\\LogManager.php:168)
[stacktrace]
#0 C:\\Users\\PhantonM\\Documents\\Projetos\\Php\
ightlife\\vendor\\laravel\\framework\\src\\Illuminate\\Log\\LogManager.php(102): Illuminate\\Log\\LogManager->resolve(NULL)
#1 C:\\Users\\PhantonM\\Documents\\Projetos\\Php\
ightlife\\vendor\\laravel\\framework\\src\\Illuminate\\Log\\LogManager.php(90): Illuminate\\Log\\LogManager->get(NULL)
#2 C:\\Users\\PhantonM\\Documents\\Projetos\\Php\
ightlife\\vendor\\laravel\\framework\\src\\Illuminate\\Log\\LogManager.php(500): Illuminate\\Log\\LogManager->driver()
#3 C:\\Users\\PhantonM\\Documents\\Projetos\\Php\
ightlife\\vendor\\laravel\\framework\\src\\Illuminate\\Foundation\\Exceptions\\Handler.php(116): Illuminate\\Log\\LogManager->error('Argument 2 pass...', Array)
#4 C:\\Users\\PhantonM\\Documents\\Projetos\\Php\
ightlife\\app\\Exceptions\\Handler.php(37): Illuminate\\Foundation\\Exceptions\\Handler->report(Object(Symfony\\Component\\Debug\\Exception\\FatalThrowableError))
#5 C:\\Users\\PhantonM\\Documents\\Projetos\\Php\
ightlife\\vendor\\laravel\\framework\\src\\Illuminate\\Foundation\\Console\\Kernel.php(378): App\\Exceptions\\Handler->report(Object(Symfony\\Component\\Debug\\Exception\\FatalThrowableError))
#6 C:\\Users\\PhantonM\\Documents\\Projetos\\Php\
ightlife\\vendor\\laravel\\framework\\src\\Illuminate\\Foundation\\Console\\Kernel.php(143): Illuminate\\Foundation\\Console\\Kernel->reportException(Object(Symfony\\Component\\Debug\\Exception\\FatalThrowableError))
#7 C:\\Users\\PhantonM\\Documents\\Projetos\\Php\
ightlife\\artisan(37): Illuminate\\Foundation\\Console\\Kernel->handle(Object(Symfony\\Component\\Console\\Input\\ArgvInput), Object(Symfony\\Component\\Console\\Output\\ConsoleOutput))
#8 {main}
"} 
[2019-10-19 16:01:15] laravel.ERROR: Argument 2 passed to Illuminate\Routing\UrlGenerator::__construct() must be an instance of Illuminate\Http\Request, null given, called in C:\Users\PhantonM\Documents\Projetos\Php\nightlife\vendor\laravel\framework\src\Illuminate\Routing\RoutingServiceProvider.php on line 62 {"exception":"[object] (Symfony\\Component\\Debug\\Exception\\FatalThrowableError(code: 0): Argument 2 passed to Illuminate\\Routing\\UrlGenerator::__construct() must be an instance of Illuminate\\Http\\Request, null given, called in C:\\Users\\PhantonM\\Documents\\Projetos\\Php\
ightlife\\vendor\\laravel\\framework\\src\\Illuminate\\Routing\\RoutingServiceProvider.php on line 62 at C:\\Users\\PhantonM\\Documents\\Projetos\\Php\
ightlife\\vendor\\laravel\\framework\\src\\Illuminate\\Routing\\UrlGenerator.php:119)
[stacktrace]
#0 C:\\Users\\PhantonM\\Documents\\Projetos\\Php\
ightlife\\vendor\\laravel\\framework\\src\\Illuminate\\Routing\\RoutingServiceProvider.php(62): Illuminate\\Routing\\UrlGenerator->__construct(Object(Illuminate\\Routing\\RouteCollection), NULL, NULL)
#1 C:\\Users\\PhantonM\\Documents\\Projetos\\Php\
ightlife\\vendor\\laravel\\framework\\src\\Illuminate\\Container\\Container.php(787): Illuminate\\Routing\\RoutingServiceProvider->Illuminate\\Routing\\{closure}(Object(Illuminate\\Foundation\\Application), Array)
#2 C:\\Users\\PhantonM\\Documents\\Projetos\\Php\
ightlife\\vendor\\laravel\\framework\\src\\Illuminate\\Container\\Container.php(667): Illuminate\\Container\\Container->build(Object(Closure))
#3 C:\\Users\\PhantonM\\Documents\\Projetos\\Php\
ightlife\\vendor\\laravel\\framework\\src\\Illuminate\\Container\\Container.php(615): Illuminate\\Container\\Container->resolve('url', Array)
#4 C:\\Users\\PhantonM\\Documents\\Projetos\\Php\
ightlife\\vendor\\laravel\\framework\\src\\Illuminate\\Foundation\\Application.php(767): Illuminate\\Container\\Container->make('url', Array)
#5 C:\\Users\\PhantonM\\Documents\\Projetos\\Php\
ightlife\\vendor\\laravel\\framework\\src\\Illuminate\\Foundation\\helpers.php(121): Illuminate\\Foundation\\Application->make('url', Array)
#6 C:\\Users\\PhantonM\\Documents\\Projetos\\Php\
ightlife\\vendor\\laravel\\framework\\src\\Illuminate\\Foundation\\helpers.php(928): app('Illuminate\\\\Cont...')
#7 C:\\Users\\PhantonM\\Documents\\Projetos\\Php\
ightlife\\config\\adminlte.php(33): url('assets\\\\PainelAd...')
#8 C:\\Users\\PhantonM\\Documents\\Projetos\\Php\
ightlife\\vendor\\laravel\\framework\\src\\Illuminate\\Foundation\\Bootstrap\\LoadConfiguration.php(72): require('C:\\\\Users\\\\Phanto...')
#9 C:\\Users\\PhantonM\\Documents\\Projetos\\Php\
ightlife\\vendor\\laravel\\framework\\src\\Illuminate\\Foundation\\Bootstrap\\LoadConfiguration.php(39): Illuminate\\Foundation\\Bootstrap\\LoadConfiguration->loadConfigurationFiles(Object(Illuminate\\Foundation\\Application), Object(Illuminate\\Config\\Repository))
#10 C:\\Users\\PhantonM\\Documents\\Projetos\\Php\
ightlife\\vendor\\laravel\\framework\\src\\Illuminate\\Foundation\\Application.php(210): Illuminate\\Foundation\\Bootstrap\\LoadConfiguration->bootstrap(Object(Illuminate\\Foundation\\Application))
#11 C:\\Users\\PhantonM\\Documents\\Projetos\\Php\
ightlife\\vendor\\laravel\\framework\\src\\Illuminate\\Foundation\\Console\\Kernel.php(322): Illuminate\\Foundation\\Application->bootstrapWith(Array)
#12 C:\\Users\\PhantonM\\Documents\\Projetos\\Php\
ightlife\\vendor\\laravel\\framework\\src\\Illuminate\\Foundation\\Console\\Kernel.php(131): Illuminate\\Foundation\\Console\\Kernel->bootstrap()
#13 C:\\Users\\PhantonM\\Documents\\Projetos\\Php\
ightlife\\artisan(37): Illuminate\\Foundation\\Console\\Kernel->handle(Object(Symfony\\Component\\Console\\Input\\ArgvInput), Object(Symfony\\Component\\Console\\Output\\ConsoleOutput))
#14 {main}
"} 
[2019-10-19 16:01:21] laravel.EMERGENCY: Unable to create configured logger. Using emergency logger. {"exception":"[object] (InvalidArgumentException(code: 0): Log [] is not defined. at C:\\Users\\PhantonM\\Documents\\Projetos\\Php\
ightlife\\vendor\\laravel\\framework\\src\\Illuminate\\Log\\LogManager.php:168)
[stacktrace]
#0 C:\\Users\\PhantonM\\Documents\\Projetos\\Php\
ightlife\\vendor\\laravel\\framework\\src\\Illuminate\\Log\\LogManager.php(102): Illuminate\\Log\\LogManager->resolve(NULL)
#1 C:\\Users\\PhantonM\\Documents\\Projetos\\Php\
ightlife\\vendor\\laravel\\framework\\src\\Illuminate\\Log\\LogManager.php(90): Illuminate\\Log\\LogManager->get(NULL)
#2 C:\\Users\\PhantonM\\Documents\\Projetos\\Php\
ightlife\\vendor\\laravel\\framework\\src\\Illuminate\\Log\\LogManager.php(500): Illuminate\\Log\\LogManager->driver()
#3 C:\\Users\\PhantonM\\Documents\\Projetos\\Php\
ightlife\\vendor\\laravel\\framework\\src\\Illuminate\\Foundation\\Exceptions\\Handler.php(116): Illuminate\\Log\\LogManager->error('Argument 2 pass...', Array)
#4 C:\\Users\\PhantonM\\Documents\\Projetos\\Php\
ightlife\\app\\Exceptions\\Handler.php(37): Illuminate\\Foundation\\Exceptions\\Handler->report(Object(Symfony\\Component\\Debug\\Exception\\FatalThrowableError))
#5 C:\\Users\\PhantonM\\Documents\\Projetos\\Php\
ightlife\\vendor\\laravel\\framework\\src\\Illuminate\\Foundation\\Console\\Kernel.php(378): App\\Exceptions\\Handler->report(Object(Symfony\\Component\\Debug\\Exception\\FatalThrowableError))
#6 C:\\Users\\PhantonM\\Documents\\Projetos\\Php\
ightlife\\vendor\\laravel\\framework\\src\\Illuminate\\Foundation\\Console\\Kernel.php(143): Illuminate\\Foundation\\Console\\Kernel->reportException(Object(Symfony\\Component\\Debug\\Exception\\FatalThrowableError))
#7 C:\\Users\\PhantonM\\Documents\\Projetos\\Php\
ightlife\\artisan(37): Illuminate\\Foundation\\Console\\Kernel->handle(Object(Symfony\\Component\\Console\\Input\\ArgvInput), Object(Symfony\\Component\\Console\\Output\\ConsoleOutput))
#8 {main}
"} 
[2019-10-19 16:01:21] laravel.ERROR: Argument 2 passed to Illuminate\Routing\UrlGenerator::__construct() must be an instance of Illuminate\Http\Request, null given, called in C:\Users\PhantonM\Documents\Projetos\Php\nightlife\vendor\laravel\framework\src\Illuminate\Routing\RoutingServiceProvider.php on line 62 {"exception":"[object] (Symfony\\Component\\Debug\\Exception\\FatalThrowableError(code: 0): Argument 2 passed to Illuminate\\Routing\\UrlGenerator::__construct() must be an instance of Illuminate\\Http\\Request, null given, called in C:\\Users\\PhantonM\\Documents\\Projetos\\Php\
ightlife\\vendor\\laravel\\framework\\src\\Illuminate\\Routing\\RoutingServiceProvider.php on line 62 at C:\\Users\\PhantonM\\Documents\\Projetos\\Php\
ightlife\\vendor\\laravel\\framework\\src\\Illuminate\\Routing\\UrlGenerator.php:119)
[stacktrace]
#0 C:\\Users\\PhantonM\\Documents\\Projetos\\Php\
ightlife\\vendor\\laravel\\framework\\src\\Illuminate\\Routing\\RoutingServiceProvider.php(62): Illuminate\\Routing\\UrlGenerator->__construct(Object(Illuminate\\Routing\\RouteCollection), NULL, NULL)
#1 C:\\Users\\PhantonM\\Documents\\Projetos\\Php\
ightlife\\vendor\\laravel\\framework\\src\\Illuminate\\Container\\Container.php(787): Illuminate\\Routing\\RoutingServiceProvider->Illuminate\\Routing\\{closure}(Object(Illuminate\\Foundation\\Application), Array)
#2 C:\\Users\\PhantonM\\Documents\\Projetos\\Php\
ightlife\\vendor\\laravel\\framework\\src\\Illuminate\\Container\\Container.php(667): Illuminate\\Container\\Container->build(Object(Closure))
#3 C:\\Users\\PhantonM\\Documents\\Projetos\\Php\
ightlife\\vendor\\laravel\\framework\\src\\Illuminate\\Container\\Container.php(615): Illuminate\\Container\\Container->resolve('url', Array)
#4 C:\\Users\\PhantonM\\Documents\\Projetos\\Php\
ightlife\\vendor\\laravel\\framework\\src\\Illuminate\\Foundation\\Application.php(767): Illuminate\\Container\\Container->make('url', Array)
#5 C:\\Users\\PhantonM\\Documents\\Projetos\\Php\
ightlife\\vendor\\laravel\\framework\\src\\Illuminate\\Foundation\\helpers.php(121): Illuminate\\Foundation\\Application->make('url', Array)
#6 C:\\Users\\PhantonM\\Documents\\Projetos\\Php\
ightlife\\vendor\\laravel\\framework\\src\\Illuminate\\Foundation\\helpers.php(928): app('Illuminate\\\\Cont...')
#7 C:\\Users\\PhantonM\\Documents\\Projetos\\Php\
ightlife\\config\\adminlte.php(33): url('assets\\\\PainelAd...')
#8 C:\\Users\\PhantonM\\Documents\\Projetos\\Php\
ightlife\\vendor\\laravel\\framework\\src\\Illuminate\\Foundation\\Bootstrap\\LoadConfiguration.php(72): require('C:\\\\Users\\\\Phanto...')
#9 C:\\Users\\PhantonM\\Documents\\Projetos\\Php\
ightlife\\vendor\\laravel\\framework\\src\\Illuminate\\Foundation\\Bootstrap\\LoadConfiguration.php(39): Illuminate\\Foundation\\Bootstrap\\LoadConfiguration->loadConfigurationFiles(Object(Illuminate\\Foundation\\Application), Object(Illuminate\\Config\\Repository))
#10 C:\\Users\\PhantonM\\Documents\\Projetos\\Php\
ightlife\\vendor\\laravel\\framework\\src\\Illuminate\\Foundation\\Application.php(210): Illuminate\\Foundation\\Bootstrap\\LoadConfiguration->bootstrap(Object(Illuminate\\Foundation\\Application))
#11 C:\\Users\\PhantonM\\Documents\\Projetos\\Php\
ightlife\\vendor\\laravel\\framework\\src\\Illuminate\\Foundation\\Console\\Kernel.php(322): Illuminate\\Foundation\\Application->bootstrapWith(Array)
#12 C:\\Users\\PhantonM\\Documents\\Projetos\\Php\
ightlife\\vendor\\laravel\\framework\\src\\Illuminate\\Foundation\\Console\\Kernel.php(131): Illuminate\\Foundation\\Console\\Kernel->bootstrap()
#13 C:\\Users\\PhantonM\\Documents\\Projetos\\Php\
ightlife\\artisan(37): Illuminate\\Foundation\\Console\\Kernel->handle(Object(Symfony\\Component\\Console\\Input\\ArgvInput), Object(Symfony\\Component\\Console\\Output\\ConsoleOutput))
#14 {main}
"} 
[2019-10-19 16:01:27] laravel.EMERGENCY: Unable to create configured logger. Using emergency logger. {"exception":"[object] (InvalidArgumentException(code: 0): Log [] is not defined. at C:\\Users\\PhantonM\\Documents\\Projetos\\Php\
ightlife\\vendor\\laravel\\framework\\src\\Illuminate\\Log\\LogManager.php:168)
[stacktrace]
#0 C:\\Users\\PhantonM\\Documents\\Projetos\\Php\
ightlife\\vendor\\laravel\\framework\\src\\Illuminate\\Log\\LogManager.php(102): Illuminate\\Log\\LogManager->resolve(NULL)
#1 C:\\Users\\PhantonM\\Documents\\Projetos\\Php\
ightlife\\vendor\\laravel\\framework\\src\\Illuminate\\Log\\LogManager.php(90): Illuminate\\Log\\LogManager->get(NULL)
#2 C:\\Users\\PhantonM\\Documents\\Projetos\\Php\
ightlife\\vendor\\laravel\\framework\\src\\Illuminate\\Log\\LogManager.php(500): Illuminate\\Log\\LogManager->driver()
#3 C:\\Users\\PhantonM\\Documents\\Projetos\\Php\
ightlife\\vendor\\laravel\\framework\\src\\Illuminate\\Foundation\\Exceptions\\Handler.php(116): Illuminate\\Log\\LogManager->error('Argument 2 pass...', Array)
#4 C:\\Users\\PhantonM\\Documents\\Projetos\\Php\
ightlife\\app\\Exceptions\\Handler.php(37): Illuminate\\Foundation\\Exceptions\\Handler->report(Object(Symfony\\Component\\Debug\\Exception\\FatalThrowableError))
#5 C:\\Users\\PhantonM\\Documents\\Projetos\\Php\
ightlife\\vendor\\laravel\\framework\\src\\Illuminate\\Foundation\\Console\\Kernel.php(378): App\\Exceptions\\Handler->report(Object(Symfony\\Component\\Debug\\Exception\\FatalThrowableError))
#6 C:\\Users\\PhantonM\\Documents\\Projetos\\Php\
ightlife\\vendor\\laravel\\framework\\src\\Illuminate\\Foundation\\Console\\Kernel.php(143): Illuminate\\Foundation\\Console\\Kernel->reportException(Object(Symfony\\Component\\Debug\\Exception\\FatalThrowableError))
#7 C:\\Users\\PhantonM\\Documents\\Projetos\\Php\
ightlife\\artisan(37): Illuminate\\Foundation\\Console\\Kernel->handle(Object(Symfony\\Component\\Console\\Input\\ArgvInput), Object(Symfony\\Component\\Console\\Output\\ConsoleOutput))
#8 {main}
"} 
[2019-10-19 16:01:27] laravel.ERROR: Argument 2 passed to Illuminate\Routing\UrlGenerator::__construct() must be an instance of Illuminate\Http\Request, null given, called in C:\Users\PhantonM\Documents\Projetos\Php\nightlife\vendor\laravel\framework\src\Illuminate\Routing\RoutingServiceProvider.php on line 62 {"exception":"[object] (Symfony\\Component\\Debug\\Exception\\FatalThrowableError(code: 0): Argument 2 passed to Illuminate\\Routing\\UrlGenerator::__construct() must be an instance of Illuminate\\Http\\Request, null given, called in C:\\Users\\PhantonM\\Documents\\Projetos\\Php\
ightlife\\vendor\\laravel\\framework\\src\\Illuminate\\Routing\\RoutingServiceProvider.php on line 62 at C:\\Users\\PhantonM\\Documents\\Projetos\\Php\
ightlife\\vendor\\laravel\\framework\\src\\Illuminate\\Routing\\UrlGenerator.php:119)
[stacktrace]
#0 C:\\Users\\PhantonM\\Documents\\Projetos\\Php\
ightlife\\vendor\\laravel\\framework\\src\\Illuminate\\Routing\\RoutingServiceProvider.php(62): Illuminate\\Routing\\UrlGenerator->__construct(Object(Illuminate\\Routing\\RouteCollection), NULL, NULL)
#1 C:\\Users\\PhantonM\\Documents\\Projetos\\Php\
ightlife\\vendor\\laravel\\framework\\src\\Illuminate\\Container\\Container.php(787): Illuminate\\Routing\\RoutingServiceProvider->Illuminate\\Routing\\{closure}(Object(Illuminate\\Foundation\\Application), Array)
#2 C:\\Users\\PhantonM\\Documents\\Projetos\\Php\
ightlife\\vendor\\laravel\\framework\\src\\Illuminate\\Container\\Container.php(667): Illuminate\\Container\\Container->build(Object(Closure))
#3 C:\\Users\\PhantonM\\Documents\\Projetos\\Php\
ightlife\\vendor\\laravel\\framework\\src\\Illuminate\\Container\\Container.php(615): Illuminate\\Container\\Container->resolve('url', Array)
#4 C:\\Users\\PhantonM\\Documents\\Projetos\\Php\
ightlife\\vendor\\laravel\\framework\\src\\Illuminate\\Foundation\\Application.php(767): Illuminate\\Container\\Container->make('url', Array)
#5 C:\\Users\\PhantonM\\Documents\\Projetos\\Php\
ightlife\\vendor\\laravel\\framework\\src\\Illuminate\\Foundation\\helpers.php(121): Illuminate\\Foundation\\Application->make('url', Array)
#6 C:\\Users\\PhantonM\\Documents\\Projetos\\Php\
ightlife\\vendor\\laravel\\framework\\src\\Illuminate\\Foundation\\helpers.php(928): app('Illuminate\\\\Cont...')
#7 C:\\Users\\PhantonM\\Documents\\Projetos\\Php\
ightlife\\config\\adminlte.php(33): url('assets\\\\PainelAd...')
#8 C:\\Users\\PhantonM\\Documents\\Projetos\\Php\
ightlife\\vendor\\laravel\\framework\\src\\Illuminate\\Foundation\\Bootstrap\\LoadConfiguration.php(72): require('C:\\\\Users\\\\Phanto...')
#9 C:\\Users\\PhantonM\\Documents\\Projetos\\Php\
ightlife\\vendor\\laravel\\framework\\src\\Illuminate\\Foundation\\Bootstrap\\LoadConfiguration.php(39): Illuminate\\Foundation\\Bootstrap\\LoadConfiguration->loadConfigurationFiles(Object(Illuminate\\Foundation\\Application), Object(Illuminate\\Config\\Repository))
#10 C:\\Users\\PhantonM\\Documents\\Projetos\\Php\
ightlife\\vendor\\laravel\\framework\\src\\Illuminate\\Foundation\\Application.php(210): Illuminate\\Foundation\\Bootstrap\\LoadConfiguration->bootstrap(Object(Illuminate\\Foundation\\Application))
#11 C:\\Users\\PhantonM\\Documents\\Projetos\\Php\
ightlife\\vendor\\laravel\\framework\\src\\Illuminate\\Foundation\\Console\\Kernel.php(322): Illuminate\\Foundation\\Application->bootstrapWith(Array)
#12 C:\\Users\\PhantonM\\Documents\\Projetos\\Php\
ightlife\\vendor\\laravel\\framework\\src\\Illuminate\\Foundation\\Console\\Kernel.php(131): Illuminate\\Foundation\\Console\\Kernel->bootstrap()
#13 C:\\Users\\PhantonM\\Documents\\Projetos\\Php\
ightlife\\artisan(37): Illuminate\\Foundation\\Console\\Kernel->handle(Object(Symfony\\Component\\Console\\Input\\ArgvInput), Object(Symfony\\Component\\Console\\Output\\ConsoleOutput))
#14 {main}
"} 
[2019-10-19 16:01:53] laravel.EMERGENCY: Unable to create configured logger. Using emergency logger. {"exception":"[object] (InvalidArgumentException(code: 0): Log [] is not defined. at C:\\Users\\PhantonM\\Documents\\Projetos\\Php\
ightlife\\vendor\\laravel\\framework\\src\\Illuminate\\Log\\LogManager.php:168)
[stacktrace]
#0 C:\\Users\\PhantonM\\Documents\\Projetos\\Php\
ightlife\\vendor\\laravel\\framework\\src\\Illuminate\\Log\\LogManager.php(102): Illuminate\\Log\\LogManager->resolve(NULL)
#1 C:\\Users\\PhantonM\\Documents\\Projetos\\Php\
ightlife\\vendor\\laravel\\framework\\src\\Illuminate\\Log\\LogManager.php(90): Illuminate\\Log\\LogManager->get(NULL)
#2 C:\\Users\\PhantonM\\Documents\\Projetos\\Php\
ightlife\\vendor\\laravel\\framework\\src\\Illuminate\\Log\\LogManager.php(500): Illuminate\\Log\\LogManager->driver()
#3 C:\\Users\\PhantonM\\Documents\\Projetos\\Php\
ightlife\\vendor\\laravel\\framework\\src\\Illuminate\\Foundation\\Exceptions\\Handler.php(116): Illuminate\\Log\\LogManager->error('Argument 2 pass...', Array)
#4 C:\\Users\\PhantonM\\Documents\\Projetos\\Php\
ightlife\\app\\Exceptions\\Handler.php(37): Illuminate\\Foundation\\Exceptions\\Handler->report(Object(Symfony\\Component\\Debug\\Exception\\FatalThrowableError))
#5 C:\\Users\\PhantonM\\Documents\\Projetos\\Php\
ightlife\\vendor\\laravel\\framework\\src\\Illuminate\\Foundation\\Console\\Kernel.php(378): App\\Exceptions\\Handler->report(Object(Symfony\\Component\\Debug\\Exception\\FatalThrowableError))
#6 C:\\Users\\PhantonM\\Documents\\Projetos\\Php\
ightlife\\vendor\\laravel\\framework\\src\\Illuminate\\Foundation\\Console\\Kernel.php(143): Illuminate\\Foundation\\Console\\Kernel->reportException(Object(Symfony\\Component\\Debug\\Exception\\FatalThrowableError))
#7 C:\\Users\\PhantonM\\Documents\\Projetos\\Php\
ightlife\\artisan(37): Illuminate\\Foundation\\Console\\Kernel->handle(Object(Symfony\\Component\\Console\\Input\\ArgvInput), Object(Symfony\\Component\\Console\\Output\\ConsoleOutput))
#8 {main}
"} 
[2019-10-19 16:01:53] laravel.ERROR: Argument 2 passed to Illuminate\Routing\UrlGenerator::__construct() must be an instance of Illuminate\Http\Request, null given, called in C:\Users\PhantonM\Documents\Projetos\Php\nightlife\vendor\laravel\framework\src\Illuminate\Routing\RoutingServiceProvider.php on line 62 {"exception":"[object] (Symfony\\Component\\Debug\\Exception\\FatalThrowableError(code: 0): Argument 2 passed to Illuminate\\Routing\\UrlGenerator::__construct() must be an instance of Illuminate\\Http\\Request, null given, called in C:\\Users\\PhantonM\\Documents\\Projetos\\Php\
ightlife\\vendor\\laravel\\framework\\src\\Illuminate\\Routing\\RoutingServiceProvider.php on line 62 at C:\\Users\\PhantonM\\Documents\\Projetos\\Php\
ightlife\\vendor\\laravel\\framework\\src\\Illuminate\\Routing\\UrlGenerator.php:119)
[stacktrace]
#0 C:\\Users\\PhantonM\\Documents\\Projetos\\Php\
ightlife\\vendor\\laravel\\framework\\src\\Illuminate\\Routing\\RoutingServiceProvider.php(62): Illuminate\\Routing\\UrlGenerator->__construct(Object(Illuminate\\Routing\\RouteCollection), NULL, NULL)
#1 C:\\Users\\PhantonM\\Documents\\Projetos\\Php\
ightlife\\vendor\\laravel\\framework\\src\\Illuminate\\Container\\Container.php(787): Illuminate\\Routing\\RoutingServiceProvider->Illuminate\\Routing\\{closure}(Object(Illuminate\\Foundation\\Application), Array)
#2 C:\\Users\\PhantonM\\Documents\\Projetos\\Php\
ightlife\\vendor\\laravel\\framework\\src\\Illuminate\\Container\\Container.php(667): Illuminate\\Container\\Container->build(Object(Closure))
#3 C:\\Users\\PhantonM\\Documents\\Projetos\\Php\
ightlife\\vendor\\laravel\\framework\\src\\Illuminate\\Container\\Container.php(615): Illuminate\\Container\\Container->resolve('url', Array)
#4 C:\\Users\\PhantonM\\Documents\\Projetos\\Php\
ightlife\\vendor\\laravel\\framework\\src\\Illuminate\\Foundation\\Application.php(767): Illuminate\\Container\\Container->make('url', Array)
#5 C:\\Users\\PhantonM\\Documents\\Projetos\\Php\
ightlife\\vendor\\laravel\\framework\\src\\Illuminate\\Foundation\\helpers.php(121): Illuminate\\Foundation\\Application->make('url', Array)
#6 C:\\Users\\PhantonM\\Documents\\Projetos\\Php\
ightlife\\vendor\\laravel\\framework\\src\\Illuminate\\Foundation\\helpers.php(928): app('Illuminate\\\\Cont...')
#7 C:\\Users\\PhantonM\\Documents\\Projetos\\Php\
ightlife\\config\\adminlte.php(33): url('assets\\\\PainelAd...')
#8 C:\\Users\\PhantonM\\Documents\\Projetos\\Php\
ightlife\\vendor\\laravel\\framework\\src\\Illuminate\\Foundation\\Bootstrap\\LoadConfiguration.php(72): require('C:\\\\Users\\\\Phanto...')
#9 C:\\Users\\PhantonM\\Documents\\Projetos\\Php\
ightlife\\vendor\\laravel\\framework\\src\\Illuminate\\Foundation\\Bootstrap\\LoadConfiguration.php(39): Illuminate\\Foundation\\Bootstrap\\LoadConfiguration->loadConfigurationFiles(Object(Illuminate\\Foundation\\Application), Object(Illuminate\\Config\\Repository))
#10 C:\\Users\\PhantonM\\Documents\\Projetos\\Php\
ightlife\\vendor\\laravel\\framework\\src\\Illuminate\\Foundation\\Application.php(210): Illuminate\\Foundation\\Bootstrap\\LoadConfiguration->bootstrap(Object(Illuminate\\Foundation\\Application))
#11 C:\\Users\\PhantonM\\Documents\\Projetos\\Php\
ightlife\\vendor\\laravel\\framework\\src\\Illuminate\\Foundation\\Console\\Kernel.php(322): Illuminate\\Foundation\\Application->bootstrapWith(Array)
#12 C:\\Users\\PhantonM\\Documents\\Projetos\\Php\
ightlife\\vendor\\laravel\\framework\\src\\Illuminate\\Foundation\\Console\\Kernel.php(131): Illuminate\\Foundation\\Console\\Kernel->bootstrap()
#13 C:\\Users\\PhantonM\\Documents\\Projetos\\Php\
ightlife\\artisan(37): Illuminate\\Foundation\\Console\\Kernel->handle(Object(Symfony\\Component\\Console\\Input\\ArgvInput), Object(Symfony\\Component\\Console\\Output\\ConsoleOutput))
#14 {main}
"} 
[2019-10-19 16:01:56] laravel.EMERGENCY: Unable to create configured logger. Using emergency logger. {"exception":"[object] (InvalidArgumentException(code: 0): Log [] is not defined. at C:\\Users\\PhantonM\\Documents\\Projetos\\Php\
ightlife\\vendor\\laravel\\framework\\src\\Illuminate\\Log\\LogManager.php:168)
[stacktrace]
#0 C:\\Users\\PhantonM\\Documents\\Projetos\\Php\
ightlife\\vendor\\laravel\\framework\\src\\Illuminate\\Log\\LogManager.php(102): Illuminate\\Log\\LogManager->resolve(NULL)
#1 C:\\Users\\PhantonM\\Documents\\Projetos\\Php\
ightlife\\vendor\\laravel\\framework\\src\\Illuminate\\Log\\LogManager.php(90): Illuminate\\Log\\LogManager->get(NULL)
#2 C:\\Users\\PhantonM\\Documents\\Projetos\\Php\
ightlife\\vendor\\laravel\\framework\\src\\Illuminate\\Log\\LogManager.php(500): Illuminate\\Log\\LogManager->driver()
#3 C:\\Users\\PhantonM\\Documents\\Projetos\\Php\
ightlife\\vendor\\laravel\\framework\\src\\Illuminate\\Foundation\\Exceptions\\Handler.php(116): Illuminate\\Log\\LogManager->error('Argument 2 pass...', Array)
#4 C:\\Users\\PhantonM\\Documents\\Projetos\\Php\
ightlife\\app\\Exceptions\\Handler.php(37): Illuminate\\Foundation\\Exceptions\\Handler->report(Object(Symfony\\Component\\Debug\\Exception\\FatalThrowableError))
#5 C:\\Users\\PhantonM\\Documents\\Projetos\\Php\
ightlife\\vendor\\laravel\\framework\\src\\Illuminate\\Foundation\\Console\\Kernel.php(378): App\\Exceptions\\Handler->report(Object(Symfony\\Component\\Debug\\Exception\\FatalThrowableError))
#6 C:\\Users\\PhantonM\\Documents\\Projetos\\Php\
ightlife\\vendor\\laravel\\framework\\src\\Illuminate\\Foundation\\Console\\Kernel.php(143): Illuminate\\Foundation\\Console\\Kernel->reportException(Object(Symfony\\Component\\Debug\\Exception\\FatalThrowableError))
#7 C:\\Users\\PhantonM\\Documents\\Projetos\\Php\
ightlife\\artisan(37): Illuminate\\Foundation\\Console\\Kernel->handle(Object(Symfony\\Component\\Console\\Input\\ArgvInput), Object(Symfony\\Component\\Console\\Output\\ConsoleOutput))
#8 {main}
"} 
[2019-10-19 16:01:56] laravel.ERROR: Argument 2 passed to Illuminate\Routing\UrlGenerator::__construct() must be an instance of Illuminate\Http\Request, null given, called in C:\Users\PhantonM\Documents\Projetos\Php\nightlife\vendor\laravel\framework\src\Illuminate\Routing\RoutingServiceProvider.php on line 62 {"exception":"[object] (Symfony\\Component\\Debug\\Exception\\FatalThrowableError(code: 0): Argument 2 passed to Illuminate\\Routing\\UrlGenerator::__construct() must be an instance of Illuminate\\Http\\Request, null given, called in C:\\Users\\PhantonM\\Documents\\Projetos\\Php\
ightlife\\vendor\\laravel\\framework\\src\\Illuminate\\Routing\\RoutingServiceProvider.php on line 62 at C:\\Users\\PhantonM\\Documents\\Projetos\\Php\
ightlife\\vendor\\laravel\\framework\\src\\Illuminate\\Routing\\UrlGenerator.php:119)
[stacktrace]
#0 C:\\Users\\PhantonM\\Documents\\Projetos\\Php\
ightlife\\vendor\\laravel\\framework\\src\\Illuminate\\Routing\\RoutingServiceProvider.php(62): Illuminate\\Routing\\UrlGenerator->__construct(Object(Illuminate\\Routing\\RouteCollection), NULL, NULL)
#1 C:\\Users\\PhantonM\\Documents\\Projetos\\Php\
ightlife\\vendor\\laravel\\framework\\src\\Illuminate\\Container\\Container.php(787): Illuminate\\Routing\\RoutingServiceProvider->Illuminate\\Routing\\{closure}(Object(Illuminate\\Foundation\\Application), Array)
#2 C:\\Users\\PhantonM\\Documents\\Projetos\\Php\
ightlife\\vendor\\laravel\\framework\\src\\Illuminate\\Container\\Container.php(667): Illuminate\\Container\\Container->build(Object(Closure))
#3 C:\\Users\\PhantonM\\Documents\\Projetos\\Php\
ightlife\\vendor\\laravel\\framework\\src\\Illuminate\\Container\\Container.php(615): Illuminate\\Container\\Container->resolve('url', Array)
#4 C:\\Users\\PhantonM\\Documents\\Projetos\\Php\
ightlife\\vendor\\laravel\\framework\\src\\Illuminate\\Foundation\\Application.php(767): Illuminate\\Container\\Container->make('url', Array)
#5 C:\\Users\\PhantonM\\Documents\\Projetos\\Php\
ightlife\\vendor\\laravel\\framework\\src\\Illuminate\\Foundation\\helpers.php(121): Illuminate\\Foundation\\Application->make('url', Array)
#6 C:\\Users\\PhantonM\\Documents\\Projetos\\Php\
ightlife\\vendor\\laravel\\framework\\src\\Illuminate\\Foundation\\helpers.php(928): app('Illuminate\\\\Cont...')
#7 C:\\Users\\PhantonM\\Documents\\Projetos\\Php\
ightlife\\config\\adminlte.php(33): url('assets\\\\PainelAd...')
#8 C:\\Users\\PhantonM\\Documents\\Projetos\\Php\
ightlife\\vendor\\laravel\\framework\\src\\Illuminate\\Foundation\\Bootstrap\\LoadConfiguration.php(72): require('C:\\\\Users\\\\Phanto...')
#9 C:\\Users\\PhantonM\\Documents\\Projetos\\Php\
ightlife\\vendor\\laravel\\framework\\src\\Illuminate\\Foundation\\Bootstrap\\LoadConfiguration.php(39): Illuminate\\Foundation\\Bootstrap\\LoadConfiguration->loadConfigurationFiles(Object(Illuminate\\Foundation\\Application), Object(Illuminate\\Config\\Repository))
#10 C:\\Users\\PhantonM\\Documents\\Projetos\\Php\
ightlife\\vendor\\laravel\\framework\\src\\Illuminate\\Foundation\\Application.php(210): Illuminate\\Foundation\\Bootstrap\\LoadConfiguration->bootstrap(Object(Illuminate\\Foundation\\Application))
#11 C:\\Users\\PhantonM\\Documents\\Projetos\\Php\
ightlife\\vendor\\laravel\\framework\\src\\Illuminate\\Foundation\\Console\\Kernel.php(322): Illuminate\\Foundation\\Application->bootstrapWith(Array)
#12 C:\\Users\\PhantonM\\Documents\\Projetos\\Php\
ightlife\\vendor\\laravel\\framework\\src\\Illuminate\\Foundation\\Console\\Kernel.php(131): Illuminate\\Foundation\\Console\\Kernel->bootstrap()
#13 C:\\Users\\PhantonM\\Documents\\Projetos\\Php\
ightlife\\artisan(37): Illuminate\\Foundation\\Console\\Kernel->handle(Object(Symfony\\Component\\Console\\Input\\ArgvInput), Object(Symfony\\Component\\Console\\Output\\ConsoleOutput))
#14 {main}
"} 
[2019-10-19 16:01:59] laravel.EMERGENCY: Unable to create configured logger. Using emergency logger. {"exception":"[object] (InvalidArgumentException(code: 0): Log [] is not defined. at C:\\Users\\PhantonM\\Documents\\Projetos\\Php\
ightlife\\vendor\\laravel\\framework\\src\\Illuminate\\Log\\LogManager.php:168)
[stacktrace]
#0 C:\\Users\\PhantonM\\Documents\\Projetos\\Php\
ightlife\\vendor\\laravel\\framework\\src\\Illuminate\\Log\\LogManager.php(102): Illuminate\\Log\\LogManager->resolve(NULL)
#1 C:\\Users\\PhantonM\\Documents\\Projetos\\Php\
ightlife\\vendor\\laravel\\framework\\src\\Illuminate\\Log\\LogManager.php(90): Illuminate\\Log\\LogManager->get(NULL)
#2 C:\\Users\\PhantonM\\Documents\\Projetos\\Php\
ightlife\\vendor\\laravel\\framework\\src\\Illuminate\\Log\\LogManager.php(500): Illuminate\\Log\\LogManager->driver()
#3 C:\\Users\\PhantonM\\Documents\\Projetos\\Php\
ightlife\\vendor\\laravel\\framework\\src\\Illuminate\\Foundation\\Exceptions\\Handler.php(116): Illuminate\\Log\\LogManager->error('Argument 2 pass...', Array)
#4 C:\\Users\\PhantonM\\Documents\\Projetos\\Php\
ightlife\\app\\Exceptions\\Handler.php(37): Illuminate\\Foundation\\Exceptions\\Handler->report(Object(Symfony\\Component\\Debug\\Exception\\FatalThrowableError))
#5 C:\\Users\\PhantonM\\Documents\\Projetos\\Php\
ightlife\\vendor\\laravel\\framework\\src\\Illuminate\\Foundation\\Console\\Kernel.php(378): App\\Exceptions\\Handler->report(Object(Symfony\\Component\\Debug\\Exception\\FatalThrowableError))
#6 C:\\Users\\PhantonM\\Documents\\Projetos\\Php\
ightlife\\vendor\\laravel\\framework\\src\\Illuminate\\Foundation\\Console\\Kernel.php(143): Illuminate\\Foundation\\Console\\Kernel->reportException(Object(Symfony\\Component\\Debug\\Exception\\FatalThrowableError))
#7 C:\\Users\\PhantonM\\Documents\\Projetos\\Php\
ightlife\\artisan(37): Illuminate\\Foundation\\Console\\Kernel->handle(Object(Symfony\\Component\\Console\\Input\\ArgvInput), Object(Symfony\\Component\\Console\\Output\\ConsoleOutput))
#8 {main}
"} 
[2019-10-19 16:01:59] laravel.ERROR: Argument 2 passed to Illuminate\Routing\UrlGenerator::__construct() must be an instance of Illuminate\Http\Request, null given, called in C:\Users\PhantonM\Documents\Projetos\Php\nightlife\vendor\laravel\framework\src\Illuminate\Routing\RoutingServiceProvider.php on line 62 {"exception":"[object] (Symfony\\Component\\Debug\\Exception\\FatalThrowableError(code: 0): Argument 2 passed to Illuminate\\Routing\\UrlGenerator::__construct() must be an instance of Illuminate\\Http\\Request, null given, called in C:\\Users\\PhantonM\\Documents\\Projetos\\Php\
ightlife\\vendor\\laravel\\framework\\src\\Illuminate\\Routing\\RoutingServiceProvider.php on line 62 at C:\\Users\\PhantonM\\Documents\\Projetos\\Php\
ightlife\\vendor\\laravel\\framework\\src\\Illuminate\\Routing\\UrlGenerator.php:119)
[stacktrace]
#0 C:\\Users\\PhantonM\\Documents\\Projetos\\Php\
ightlife\\vendor\\laravel\\framework\\src\\Illuminate\\Routing\\RoutingServiceProvider.php(62): Illuminate\\Routing\\UrlGenerator->__construct(Object(Illuminate\\Routing\\RouteCollection), NULL, NULL)
#1 C:\\Users\\PhantonM\\Documents\\Projetos\\Php\
ightlife\\vendor\\laravel\\framework\\src\\Illuminate\\Container\\Container.php(787): Illuminate\\Routing\\RoutingServiceProvider->Illuminate\\Routing\\{closure}(Object(Illuminate\\Foundation\\Application), Array)
#2 C:\\Users\\PhantonM\\Documents\\Projetos\\Php\
ightlife\\vendor\\laravel\\framework\\src\\Illuminate\\Container\\Container.php(667): Illuminate\\Container\\Container->build(Object(Closure))
#3 C:\\Users\\PhantonM\\Documents\\Projetos\\Php\
ightlife\\vendor\\laravel\\framework\\src\\Illuminate\\Container\\Container.php(615): Illuminate\\Container\\Container->resolve('url', Array)
#4 C:\\Users\\PhantonM\\Documents\\Projetos\\Php\
ightlife\\vendor\\laravel\\framework\\src\\Illuminate\\Foundation\\Application.php(767): Illuminate\\Container\\Container->make('url', Array)
#5 C:\\Users\\PhantonM\\Documents\\Projetos\\Php\
ightlife\\vendor\\laravel\\framework\\src\\Illuminate\\Foundation\\helpers.php(121): Illuminate\\Foundation\\Application->make('url', Array)
#6 C:\\Users\\PhantonM\\Documents\\Projetos\\Php\
ightlife\\vendor\\laravel\\framework\\src\\Illuminate\\Foundation\\helpers.php(928): app('Illuminate\\\\Cont...')
#7 C:\\Users\\PhantonM\\Documents\\Projetos\\Php\
ightlife\\config\\adminlte.php(33): url('assets\\\\PainelAd...')
#8 C:\\Users\\PhantonM\\Documents\\Projetos\\Php\
ightlife\\vendor\\laravel\\framework\\src\\Illuminate\\Foundation\\Bootstrap\\LoadConfiguration.php(72): require('C:\\\\Users\\\\Phanto...')
#9 C:\\Users\\PhantonM\\Documents\\Projetos\\Php\
ightlife\\vendor\\laravel\\framework\\src\\Illuminate\\Foundation\\Bootstrap\\LoadConfiguration.php(39): Illuminate\\Foundation\\Bootstrap\\LoadConfiguration->loadConfigurationFiles(Object(Illuminate\\Foundation\\Application), Object(Illuminate\\Config\\Repository))
#10 C:\\Users\\PhantonM\\Documents\\Projetos\\Php\
ightlife\\vendor\\laravel\\framework\\src\\Illuminate\\Foundation\\Application.php(210): Illuminate\\Foundation\\Bootstrap\\LoadConfiguration->bootstrap(Object(Illuminate\\Foundation\\Application))
#11 C:\\Users\\PhantonM\\Documents\\Projetos\\Php\
ightlife\\vendor\\laravel\\framework\\src\\Illuminate\\Foundation\\Console\\Kernel.php(322): Illuminate\\Foundation\\Application->bootstrapWith(Array)
#12 C:\\Users\\PhantonM\\Documents\\Projetos\\Php\
ightlife\\vendor\\laravel\\framework\\src\\Illuminate\\Foundation\\Console\\Kernel.php(131): Illuminate\\Foundation\\Console\\Kernel->bootstrap()
#13 C:\\Users\\PhantonM\\Documents\\Projetos\\Php\
ightlife\\artisan(37): Illuminate\\Foundation\\Console\\Kernel->handle(Object(Symfony\\Component\\Console\\Input\\ArgvInput), Object(Symfony\\Component\\Console\\Output\\ConsoleOutput))
#14 {main}
"} 
[2019-10-19 16:04:24] laravel.EMERGENCY: Unable to create configured logger. Using emergency logger. {"exception":"[object] (InvalidArgumentException(code: 0): Log [] is not defined. at C:\\Users\\PhantonM\\Documents\\Projetos\\Php\
ightlife\\vendor\\laravel\\framework\\src\\Illuminate\\Log\\LogManager.php:168)
[stacktrace]
#0 C:\\Users\\PhantonM\\Documents\\Projetos\\Php\
ightlife\\vendor\\laravel\\framework\\src\\Illuminate\\Log\\LogManager.php(102): Illuminate\\Log\\LogManager->resolve(NULL)
#1 C:\\Users\\PhantonM\\Documents\\Projetos\\Php\
ightlife\\vendor\\laravel\\framework\\src\\Illuminate\\Log\\LogManager.php(90): Illuminate\\Log\\LogManager->get(NULL)
#2 C:\\Users\\PhantonM\\Documents\\Projetos\\Php\
ightlife\\vendor\\laravel\\framework\\src\\Illuminate\\Log\\LogManager.php(500): Illuminate\\Log\\LogManager->driver()
#3 C:\\Users\\PhantonM\\Documents\\Projetos\\Php\
ightlife\\vendor\\laravel\\framework\\src\\Illuminate\\Foundation\\Exceptions\\Handler.php(116): Illuminate\\Log\\LogManager->error('Argument 2 pass...', Array)
#4 C:\\Users\\PhantonM\\Documents\\Projetos\\Php\
ightlife\\app\\Exceptions\\Handler.php(37): Illuminate\\Foundation\\Exceptions\\Handler->report(Object(Symfony\\Component\\Debug\\Exception\\FatalThrowableError))
#5 C:\\Users\\PhantonM\\Documents\\Projetos\\Php\
ightlife\\vendor\\laravel\\framework\\src\\Illuminate\\Foundation\\Console\\Kernel.php(378): App\\Exceptions\\Handler->report(Object(Symfony\\Component\\Debug\\Exception\\FatalThrowableError))
#6 C:\\Users\\PhantonM\\Documents\\Projetos\\Php\
ightlife\\vendor\\laravel\\framework\\src\\Illuminate\\Foundation\\Console\\Kernel.php(143): Illuminate\\Foundation\\Console\\Kernel->reportException(Object(Symfony\\Component\\Debug\\Exception\\FatalThrowableError))
#7 C:\\Users\\PhantonM\\Documents\\Projetos\\Php\
ightlife\\artisan(37): Illuminate\\Foundation\\Console\\Kernel->handle(Object(Symfony\\Component\\Console\\Input\\ArgvInput), Object(Symfony\\Component\\Console\\Output\\ConsoleOutput))
#8 {main}
"} 
[2019-10-19 16:04:24] laravel.ERROR: Argument 2 passed to Illuminate\Routing\UrlGenerator::__construct() must be an instance of Illuminate\Http\Request, null given, called in C:\Users\PhantonM\Documents\Projetos\Php\nightlife\vendor\laravel\framework\src\Illuminate\Routing\RoutingServiceProvider.php on line 62 {"exception":"[object] (Symfony\\Component\\Debug\\Exception\\FatalThrowableError(code: 0): Argument 2 passed to Illuminate\\Routing\\UrlGenerator::__construct() must be an instance of Illuminate\\Http\\Request, null given, called in C:\\Users\\PhantonM\\Documents\\Projetos\\Php\
ightlife\\vendor\\laravel\\framework\\src\\Illuminate\\Routing\\RoutingServiceProvider.php on line 62 at C:\\Users\\PhantonM\\Documents\\Projetos\\Php\
ightlife\\vendor\\laravel\\framework\\src\\Illuminate\\Routing\\UrlGenerator.php:119)
[stacktrace]
#0 C:\\Users\\PhantonM\\Documents\\Projetos\\Php\
ightlife\\vendor\\laravel\\framework\\src\\Illuminate\\Routing\\RoutingServiceProvider.php(62): Illuminate\\Routing\\UrlGenerator->__construct(Object(Illuminate\\Routing\\RouteCollection), NULL, NULL)
#1 C:\\Users\\PhantonM\\Documents\\Projetos\\Php\
ightlife\\vendor\\laravel\\framework\\src\\Illuminate\\Container\\Container.php(787): Illuminate\\Routing\\RoutingServiceProvider->Illuminate\\Routing\\{closure}(Object(Illuminate\\Foundation\\Application), Array)
#2 C:\\Users\\PhantonM\\Documents\\Projetos\\Php\
ightlife\\vendor\\laravel\\framework\\src\\Illuminate\\Container\\Container.php(667): Illuminate\\Container\\Container->build(Object(Closure))
#3 C:\\Users\\PhantonM\\Documents\\Projetos\\Php\
ightlife\\vendor\\laravel\\framework\\src\\Illuminate\\Container\\Container.php(615): Illuminate\\Container\\Container->resolve('url', Array)
#4 C:\\Users\\PhantonM\\Documents\\Projetos\\Php\
ightlife\\vendor\\laravel\\framework\\src\\Illuminate\\Foundation\\Application.php(767): Illuminate\\Container\\Container->make('url', Array)
#5 C:\\Users\\PhantonM\\Documents\\Projetos\\Php\
ightlife\\vendor\\laravel\\framework\\src\\Illuminate\\Foundation\\helpers.php(121): Illuminate\\Foundation\\Application->make('url', Array)
#6 C:\\Users\\PhantonM\\Documents\\Projetos\\Php\
ightlife\\vendor\\laravel\\framework\\src\\Illuminate\\Foundation\\helpers.php(928): app('Illuminate\\\\Cont...')
#7 C:\\Users\\PhantonM\\Documents\\Projetos\\Php\
ightlife\\config\\adminlte.php(33): url('assets\\\\PainelAd...')
#8 C:\\Users\\PhantonM\\Documents\\Projetos\\Php\
ightlife\\vendor\\laravel\\framework\\src\\Illuminate\\Foundation\\Bootstrap\\LoadConfiguration.php(72): require('C:\\\\Users\\\\Phanto...')
#9 C:\\Users\\PhantonM\\Documents\\Projetos\\Php\
ightlife\\vendor\\laravel\\framework\\src\\Illuminate\\Foundation\\Bootstrap\\LoadConfiguration.php(39): Illuminate\\Foundation\\Bootstrap\\LoadConfiguration->loadConfigurationFiles(Object(Illuminate\\Foundation\\Application), Object(Illuminate\\Config\\Repository))
#10 C:\\Users\\PhantonM\\Documents\\Projetos\\Php\
ightlife\\vendor\\laravel\\framework\\src\\Illuminate\\Foundation\\Application.php(210): Illuminate\\Foundation\\Bootstrap\\LoadConfiguration->bootstrap(Object(Illuminate\\Foundation\\Application))
#11 C:\\Users\\PhantonM\\Documents\\Projetos\\Php\
ightlife\\vendor\\laravel\\framework\\src\\Illuminate\\Foundation\\Console\\Kernel.php(322): Illuminate\\Foundation\\Application->bootstrapWith(Array)
#12 C:\\Users\\PhantonM\\Documents\\Projetos\\Php\
ightlife\\vendor\\laravel\\framework\\src\\Illuminate\\Foundation\\Console\\Kernel.php(131): Illuminate\\Foundation\\Console\\Kernel->bootstrap()
#13 C:\\Users\\PhantonM\\Documents\\Projetos\\Php\
ightlife\\artisan(37): Illuminate\\Foundation\\Console\\Kernel->handle(Object(Symfony\\Component\\Console\\Input\\ArgvInput), Object(Symfony\\Component\\Console\\Output\\ConsoleOutput))
#14 {main}
"} 
[2019-10-19 16:04:34] laravel.EMERGENCY: Unable to create configured logger. Using emergency logger. {"exception":"[object] (InvalidArgumentException(code: 0): Log [] is not defined. at C:\\Users\\PhantonM\\Documents\\Projetos\\Php\
ightlife\\vendor\\laravel\\framework\\src\\Illuminate\\Log\\LogManager.php:168)
[stacktrace]
#0 C:\\Users\\PhantonM\\Documents\\Projetos\\Php\
ightlife\\vendor\\laravel\\framework\\src\\Illuminate\\Log\\LogManager.php(102): Illuminate\\Log\\LogManager->resolve(NULL)
#1 C:\\Users\\PhantonM\\Documents\\Projetos\\Php\
ightlife\\vendor\\laravel\\framework\\src\\Illuminate\\Log\\LogManager.php(90): Illuminate\\Log\\LogManager->get(NULL)
#2 C:\\Users\\PhantonM\\Documents\\Projetos\\Php\
ightlife\\vendor\\laravel\\framework\\src\\Illuminate\\Log\\LogManager.php(500): Illuminate\\Log\\LogManager->driver()
#3 C:\\Users\\PhantonM\\Documents\\Projetos\\Php\
ightlife\\vendor\\laravel\\framework\\src\\Illuminate\\Foundation\\Exceptions\\Handler.php(116): Illuminate\\Log\\LogManager->error('Argument 2 pass...', Array)
#4 C:\\Users\\PhantonM\\Documents\\Projetos\\Php\
ightlife\\app\\Exceptions\\Handler.php(37): Illuminate\\Foundation\\Exceptions\\Handler->report(Object(Symfony\\Component\\Debug\\Exception\\FatalThrowableError))
#5 C:\\Users\\PhantonM\\Documents\\Projetos\\Php\
ightlife\\vendor\\laravel\\framework\\src\\Illuminate\\Foundation\\Console\\Kernel.php(378): App\\Exceptions\\Handler->report(Object(Symfony\\Component\\Debug\\Exception\\FatalThrowableError))
#6 C:\\Users\\PhantonM\\Documents\\Projetos\\Php\
ightlife\\vendor\\laravel\\framework\\src\\Illuminate\\Foundation\\Console\\Kernel.php(143): Illuminate\\Foundation\\Console\\Kernel->reportException(Object(Symfony\\Component\\Debug\\Exception\\FatalThrowableError))
#7 C:\\Users\\PhantonM\\Documents\\Projetos\\Php\
ightlife\\artisan(37): Illuminate\\Foundation\\Console\\Kernel->handle(Object(Symfony\\Component\\Console\\Input\\ArgvInput), Object(Symfony\\Component\\Console\\Output\\ConsoleOutput))
#8 {main}
"} 
[2019-10-19 16:04:34] laravel.ERROR: Argument 2 passed to Illuminate\Routing\UrlGenerator::__construct() must be an instance of Illuminate\Http\Request, null given, called in C:\Users\PhantonM\Documents\Projetos\Php\nightlife\vendor\laravel\framework\src\Illuminate\Routing\RoutingServiceProvider.php on line 62 {"exception":"[object] (Symfony\\Component\\Debug\\Exception\\FatalThrowableError(code: 0): Argument 2 passed to Illuminate\\Routing\\UrlGenerator::__construct() must be an instance of Illuminate\\Http\\Request, null given, called in C:\\Users\\PhantonM\\Documents\\Projetos\\Php\
ightlife\\vendor\\laravel\\framework\\src\\Illuminate\\Routing\\RoutingServiceProvider.php on line 62 at C:\\Users\\PhantonM\\Documents\\Projetos\\Php\
ightlife\\vendor\\laravel\\framework\\src\\Illuminate\\Routing\\UrlGenerator.php:119)
[stacktrace]
#0 C:\\Users\\PhantonM\\Documents\\Projetos\\Php\
ightlife\\vendor\\laravel\\framework\\src\\Illuminate\\Routing\\RoutingServiceProvider.php(62): Illuminate\\Routing\\UrlGenerator->__construct(Object(Illuminate\\Routing\\RouteCollection), NULL, NULL)
#1 C:\\Users\\PhantonM\\Documents\\Projetos\\Php\
ightlife\\vendor\\laravel\\framework\\src\\Illuminate\\Container\\Container.php(787): Illuminate\\Routing\\RoutingServiceProvider->Illuminate\\Routing\\{closure}(Object(Illuminate\\Foundation\\Application), Array)
#2 C:\\Users\\PhantonM\\Documents\\Projetos\\Php\
ightlife\\vendor\\laravel\\framework\\src\\Illuminate\\Container\\Container.php(667): Illuminate\\Container\\Container->build(Object(Closure))
#3 C:\\Users\\PhantonM\\Documents\\Projetos\\Php\
ightlife\\vendor\\laravel\\framework\\src\\Illuminate\\Container\\Container.php(615): Illuminate\\Container\\Container->resolve('url', Array)
#4 C:\\Users\\PhantonM\\Documents\\Projetos\\Php\
ightlife\\vendor\\laravel\\framework\\src\\Illuminate\\Foundation\\Application.php(767): Illuminate\\Container\\Container->make('url', Array)
#5 C:\\Users\\PhantonM\\Documents\\Projetos\\Php\
ightlife\\vendor\\laravel\\framework\\src\\Illuminate\\Foundation\\helpers.php(121): Illuminate\\Foundation\\Application->make('url', Array)
#6 C:\\Users\\PhantonM\\Documents\\Projetos\\Php\
ightlife\\vendor\\laravel\\framework\\src\\Illuminate\\Foundation\\helpers.php(928): app('Illuminate\\\\Cont...')
#7 C:\\Users\\PhantonM\\Documents\\Projetos\\Php\
ightlife\\config\\adminlte.php(33): url('assets\\\\PainelAd...')
#8 C:\\Users\\PhantonM\\Documents\\Projetos\\Php\
ightlife\\vendor\\laravel\\framework\\src\\Illuminate\\Foundation\\Bootstrap\\LoadConfiguration.php(72): require('C:\\\\Users\\\\Phanto...')
#9 C:\\Users\\PhantonM\\Documents\\Projetos\\Php\
ightlife\\vendor\\laravel\\framework\\src\\Illuminate\\Foundation\\Bootstrap\\LoadConfiguration.php(39): Illuminate\\Foundation\\Bootstrap\\LoadConfiguration->loadConfigurationFiles(Object(Illuminate\\Foundation\\Application), Object(Illuminate\\Config\\Repository))
#10 C:\\Users\\PhantonM\\Documents\\Projetos\\Php\
ightlife\\vendor\\laravel\\framework\\src\\Illuminate\\Foundation\\Application.php(210): Illuminate\\Foundation\\Bootstrap\\LoadConfiguration->bootstrap(Object(Illuminate\\Foundation\\Application))
#11 C:\\Users\\PhantonM\\Documents\\Projetos\\Php\
ightlife\\vendor\\laravel\\framework\\src\\Illuminate\\Foundation\\Console\\Kernel.php(322): Illuminate\\Foundation\\Application->bootstrapWith(Array)
#12 C:\\Users\\PhantonM\\Documents\\Projetos\\Php\
ightlife\\vendor\\laravel\\framework\\src\\Illuminate\\Foundation\\Console\\Kernel.php(131): Illuminate\\Foundation\\Console\\Kernel->bootstrap()
#13 C:\\Users\\PhantonM\\Documents\\Projetos\\Php\
ightlife\\artisan(37): Illuminate\\Foundation\\Console\\Kernel->handle(Object(Symfony\\Component\\Console\\Input\\ArgvInput), Object(Symfony\\Component\\Console\\Output\\ConsoleOutput))
#14 {main}
"} 
[2019-10-19 16:09:30] laravel.EMERGENCY: Unable to create configured logger. Using emergency logger. {"exception":"[object] (InvalidArgumentException(code: 0): Log [] is not defined. at C:\\Users\\PhantonM\\Documents\\Projetos\\Php\
ightlife\\vendor\\laravel\\framework\\src\\Illuminate\\Log\\LogManager.php:168)
[stacktrace]
#0 C:\\Users\\PhantonM\\Documents\\Projetos\\Php\
ightlife\\vendor\\laravel\\framework\\src\\Illuminate\\Log\\LogManager.php(102): Illuminate\\Log\\LogManager->resolve(NULL)
#1 C:\\Users\\PhantonM\\Documents\\Projetos\\Php\
ightlife\\vendor\\laravel\\framework\\src\\Illuminate\\Log\\LogManager.php(90): Illuminate\\Log\\LogManager->get(NULL)
#2 C:\\Users\\PhantonM\\Documents\\Projetos\\Php\
ightlife\\vendor\\laravel\\framework\\src\\Illuminate\\Log\\LogManager.php(500): Illuminate\\Log\\LogManager->driver()
#3 C:\\Users\\PhantonM\\Documents\\Projetos\\Php\
ightlife\\vendor\\laravel\\framework\\src\\Illuminate\\Foundation\\Exceptions\\Handler.php(118): Illuminate\\Log\\LogManager->error('Argument 2 pass...', Array)
#4 C:\\Users\\PhantonM\\Documents\\Projetos\\Php\
ightlife\\app\\Exceptions\\Handler.php(37): Illuminate\\Foundation\\Exceptions\\Handler->report(Object(Symfony\\Component\\Debug\\Exception\\FatalThrowableError))
#5 C:\\Users\\PhantonM\\Documents\\Projetos\\Php\
ightlife\\vendor\\laravel\\framework\\src\\Illuminate\\Foundation\\Console\\Kernel.php(378): App\\Exceptions\\Handler->report(Object(Symfony\\Component\\Debug\\Exception\\FatalThrowableError))
#6 C:\\Users\\PhantonM\\Documents\\Projetos\\Php\
ightlife\\vendor\\laravel\\framework\\src\\Illuminate\\Foundation\\Console\\Kernel.php(143): Illuminate\\Foundation\\Console\\Kernel->reportException(Object(Symfony\\Component\\Debug\\Exception\\FatalThrowableError))
#7 C:\\Users\\PhantonM\\Documents\\Projetos\\Php\
ightlife\\artisan(37): Illuminate\\Foundation\\Console\\Kernel->handle(Object(Symfony\\Component\\Console\\Input\\ArgvInput), Object(Symfony\\Component\\Console\\Output\\ConsoleOutput))
#8 {main}
"} 
[2019-10-19 16:09:30] laravel.ERROR: Argument 2 passed to Illuminate\Routing\UrlGenerator::__construct() must be an instance of Illuminate\Http\Request, null given, called in C:\Users\PhantonM\Documents\Projetos\Php\nightlife\vendor\laravel\framework\src\Illuminate\Routing\RoutingServiceProvider.php on line 62 {"exception":"[object] (Symfony\\Component\\Debug\\Exception\\FatalThrowableError(code: 0): Argument 2 passed to Illuminate\\Routing\\UrlGenerator::__construct() must be an instance of Illuminate\\Http\\Request, null given, called in C:\\Users\\PhantonM\\Documents\\Projetos\\Php\
ightlife\\vendor\\laravel\\framework\\src\\Illuminate\\Routing\\RoutingServiceProvider.php on line 62 at C:\\Users\\PhantonM\\Documents\\Projetos\\Php\
ightlife\\vendor\\laravel\\framework\\src\\Illuminate\\Routing\\UrlGenerator.php:119)
[stacktrace]
#0 C:\\Users\\PhantonM\\Documents\\Projetos\\Php\
ightlife\\vendor\\laravel\\framework\\src\\Illuminate\\Routing\\RoutingServiceProvider.php(62): Illuminate\\Routing\\UrlGenerator->__construct(Object(Illuminate\\Routing\\RouteCollection), NULL, NULL)
#1 C:\\Users\\PhantonM\\Documents\\Projetos\\Php\
ightlife\\vendor\\laravel\\framework\\src\\Illuminate\\Container\\Container.php(785): Illuminate\\Routing\\RoutingServiceProvider->Illuminate\\Routing\\{closure}(Object(Illuminate\\Foundation\\Application), Array)
#2 C:\\Users\\PhantonM\\Documents\\Projetos\\Php\
ightlife\\vendor\\laravel\\framework\\src\\Illuminate\\Container\\Container.php(667): Illuminate\\Container\\Container->build(Object(Closure))
#3 C:\\Users\\PhantonM\\Documents\\Projetos\\Php\
ightlife\\vendor\\laravel\\framework\\src\\Illuminate\\Container\\Container.php(615): Illuminate\\Container\\Container->resolve('url', Array)
#4 C:\\Users\\PhantonM\\Documents\\Projetos\\Php\
ightlife\\vendor\\laravel\\framework\\src\\Illuminate\\Foundation\\Application.php(767): Illuminate\\Container\\Container->make('url', Array)
#5 C:\\Users\\PhantonM\\Documents\\Projetos\\Php\
ightlife\\vendor\\laravel\\framework\\src\\Illuminate\\Foundation\\helpers.php(121): Illuminate\\Foundation\\Application->make('url', Array)
#6 C:\\Users\\PhantonM\\Documents\\Projetos\\Php\
ightlife\\vendor\\laravel\\framework\\src\\Illuminate\\Foundation\\helpers.php(928): app('Illuminate\\\\Cont...')
#7 C:\\Users\\PhantonM\\Documents\\Projetos\\Php\
ightlife\\config\\adminlte.php(33): url('assets\\\\PainelAd...')
#8 C:\\Users\\PhantonM\\Documents\\Projetos\\Php\
ightlife\\vendor\\laravel\\framework\\src\\Illuminate\\Foundation\\Bootstrap\\LoadConfiguration.php(72): require('C:\\\\Users\\\\Phanto...')
#9 C:\\Users\\PhantonM\\Documents\\Projetos\\Php\
ightlife\\vendor\\laravel\\framework\\src\\Illuminate\\Foundation\\Bootstrap\\LoadConfiguration.php(39): Illuminate\\Foundation\\Bootstrap\\LoadConfiguration->loadConfigurationFiles(Object(Illuminate\\Foundation\\Application), Object(Illuminate\\Config\\Repository))
#10 C:\\Users\\PhantonM\\Documents\\Projetos\\Php\
ightlife\\vendor\\laravel\\framework\\src\\Illuminate\\Foundation\\Application.php(210): Illuminate\\Foundation\\Bootstrap\\LoadConfiguration->bootstrap(Object(Illuminate\\Foundation\\Application))
#11 C:\\Users\\PhantonM\\Documents\\Projetos\\Php\
ightlife\\vendor\\laravel\\framework\\src\\Illuminate\\Foundation\\Console\\Kernel.php(322): Illuminate\\Foundation\\Application->bootstrapWith(Array)
#12 C:\\Users\\PhantonM\\Documents\\Projetos\\Php\
ightlife\\vendor\\laravel\\framework\\src\\Illuminate\\Foundation\\Console\\Kernel.php(131): Illuminate\\Foundation\\Console\\Kernel->bootstrap()
#13 C:\\Users\\PhantonM\\Documents\\Projetos\\Php\
ightlife\\artisan(37): Illuminate\\Foundation\\Console\\Kernel->handle(Object(Symfony\\Component\\Console\\Input\\ArgvInput), Object(Symfony\\Component\\Console\\Output\\ConsoleOutput))
#14 {main}
"} 
[2019-10-19 16:11:25] laravel.EMERGENCY: Unable to create configured logger. Using emergency logger. {"exception":"[object] (InvalidArgumentException(code: 0): Log [] is not defined. at C:\\Users\\PhantonM\\Documents\\Projetos\\Php\
ightlife\\vendor\\laravel\\framework\\src\\Illuminate\\Log\\LogManager.php:168)
[stacktrace]
#0 C:\\Users\\PhantonM\\Documents\\Projetos\\Php\
ightlife\\vendor\\laravel\\framework\\src\\Illuminate\\Log\\LogManager.php(102): Illuminate\\Log\\LogManager->resolve(NULL)
#1 C:\\Users\\PhantonM\\Documents\\Projetos\\Php\
ightlife\\vendor\\laravel\\framework\\src\\Illuminate\\Log\\LogManager.php(90): Illuminate\\Log\\LogManager->get(NULL)
#2 C:\\Users\\PhantonM\\Documents\\Projetos\\Php\
ightlife\\vendor\\laravel\\framework\\src\\Illuminate\\Log\\LogManager.php(500): Illuminate\\Log\\LogManager->driver()
#3 C:\\Users\\PhantonM\\Documents\\Projetos\\Php\
ightlife\\vendor\\laravel\\framework\\src\\Illuminate\\Foundation\\Exceptions\\Handler.php(118): Illuminate\\Log\\LogManager->error('Argument 2 pass...', Array)
#4 C:\\Users\\PhantonM\\Documents\\Projetos\\Php\
ightlife\\app\\Exceptions\\Handler.php(37): Illuminate\\Foundation\\Exceptions\\Handler->report(Object(Symfony\\Component\\Debug\\Exception\\FatalThrowableError))
#5 C:\\Users\\PhantonM\\Documents\\Projetos\\Php\
ightlife\\vendor\\laravel\\framework\\src\\Illuminate\\Foundation\\Console\\Kernel.php(378): App\\Exceptions\\Handler->report(Object(Symfony\\Component\\Debug\\Exception\\FatalThrowableError))
#6 C:\\Users\\PhantonM\\Documents\\Projetos\\Php\
ightlife\\vendor\\laravel\\framework\\src\\Illuminate\\Foundation\\Console\\Kernel.php(143): Illuminate\\Foundation\\Console\\Kernel->reportException(Object(Symfony\\Component\\Debug\\Exception\\FatalThrowableError))
#7 C:\\Users\\PhantonM\\Documents\\Projetos\\Php\
ightlife\\artisan(37): Illuminate\\Foundation\\Console\\Kernel->handle(Object(Symfony\\Component\\Console\\Input\\ArgvInput), Object(Symfony\\Component\\Console\\Output\\ConsoleOutput))
#8 {main}
"} 
[2019-10-19 16:11:25] laravel.ERROR: Argument 2 passed to Illuminate\Routing\UrlGenerator::__construct() must be an instance of Illuminate\Http\Request, null given, called in C:\Users\PhantonM\Documents\Projetos\Php\nightlife\vendor\laravel\framework\src\Illuminate\Routing\RoutingServiceProvider.php on line 62 {"exception":"[object] (Symfony\\Component\\Debug\\Exception\\FatalThrowableError(code: 0): Argument 2 passed to Illuminate\\Routing\\UrlGenerator::__construct() must be an instance of Illuminate\\Http\\Request, null given, called in C:\\Users\\PhantonM\\Documents\\Projetos\\Php\
ightlife\\vendor\\laravel\\framework\\src\\Illuminate\\Routing\\RoutingServiceProvider.php on line 62 at C:\\Users\\PhantonM\\Documents\\Projetos\\Php\
ightlife\\vendor\\laravel\\framework\\src\\Illuminate\\Routing\\UrlGenerator.php:119)
[stacktrace]
#0 C:\\Users\\PhantonM\\Documents\\Projetos\\Php\
ightlife\\vendor\\laravel\\framework\\src\\Illuminate\\Routing\\RoutingServiceProvider.php(62): Illuminate\\Routing\\UrlGenerator->__construct(Object(Illuminate\\Routing\\RouteCollection), NULL, NULL)
#1 C:\\Users\\PhantonM\\Documents\\Projetos\\Php\
ightlife\\vendor\\laravel\\framework\\src\\Illuminate\\Container\\Container.php(785): Illuminate\\Routing\\RoutingServiceProvider->Illuminate\\Routing\\{closure}(Object(Illuminate\\Foundation\\Application), Array)
#2 C:\\Users\\PhantonM\\Documents\\Projetos\\Php\
ightlife\\vendor\\laravel\\framework\\src\\Illuminate\\Container\\Container.php(667): Illuminate\\Container\\Container->build(Object(Closure))
#3 C:\\Users\\PhantonM\\Documents\\Projetos\\Php\
ightlife\\vendor\\laravel\\framework\\src\\Illuminate\\Container\\Container.php(615): Illuminate\\Container\\Container->resolve('url', Array)
#4 C:\\Users\\PhantonM\\Documents\\Projetos\\Php\
ightlife\\vendor\\laravel\\framework\\src\\Illuminate\\Foundation\\Application.php(767): Illuminate\\Container\\Container->make('url', Array)
#5 C:\\Users\\PhantonM\\Documents\\Projetos\\Php\
ightlife\\vendor\\laravel\\framework\\src\\Illuminate\\Foundation\\helpers.php(121): Illuminate\\Foundation\\Application->make('url', Array)
#6 C:\\Users\\PhantonM\\Documents\\Projetos\\Php\
ightlife\\vendor\\laravel\\framework\\src\\Illuminate\\Foundation\\helpers.php(928): app('Illuminate\\\\Cont...')
#7 C:\\Users\\PhantonM\\Documents\\Projetos\\Php\
ightlife\\config\\adminlte.php(33): url('assets\\\\PainelAd...')
#8 C:\\Users\\PhantonM\\Documents\\Projetos\\Php\
ightlife\\vendor\\laravel\\framework\\src\\Illuminate\\Foundation\\Bootstrap\\LoadConfiguration.php(72): require('C:\\\\Users\\\\Phanto...')
#9 C:\\Users\\PhantonM\\Documents\\Projetos\\Php\
ightlife\\vendor\\laravel\\framework\\src\\Illuminate\\Foundation\\Bootstrap\\LoadConfiguration.php(39): Illuminate\\Foundation\\Bootstrap\\LoadConfiguration->loadConfigurationFiles(Object(Illuminate\\Foundation\\Application), Object(Illuminate\\Config\\Repository))
#10 C:\\Users\\PhantonM\\Documents\\Projetos\\Php\
ightlife\\vendor\\laravel\\framework\\src\\Illuminate\\Foundation\\Application.php(210): Illuminate\\Foundation\\Bootstrap\\LoadConfiguration->bootstrap(Object(Illuminate\\Foundation\\Application))
#11 C:\\Users\\PhantonM\\Documents\\Projetos\\Php\
ightlife\\vendor\\laravel\\framework\\src\\Illuminate\\Foundation\\Console\\Kernel.php(322): Illuminate\\Foundation\\Application->bootstrapWith(Array)
#12 C:\\Users\\PhantonM\\Documents\\Projetos\\Php\
ightlife\\vendor\\laravel\\framework\\src\\Illuminate\\Foundation\\Console\\Kernel.php(131): Illuminate\\Foundation\\Console\\Kernel->bootstrap()
#13 C:\\Users\\PhantonM\\Documents\\Projetos\\Php\
ightlife\\artisan(37): Illuminate\\Foundation\\Console\\Kernel->handle(Object(Symfony\\Component\\Console\\Input\\ArgvInput), Object(Symfony\\Component\\Console\\Output\\ConsoleOutput))
#14 {main}
"} 
[2019-10-19 16:11:55] laravel.EMERGENCY: Unable to create configured logger. Using emergency logger. {"exception":"[object] (InvalidArgumentException(code: 0): Log [] is not defined. at C:\\Users\\PhantonM\\Documents\\Projetos\\Php\
ightlife\\vendor\\laravel\\framework\\src\\Illuminate\\Log\\LogManager.php:168)
[stacktrace]
#0 C:\\Users\\PhantonM\\Documents\\Projetos\\Php\
ightlife\\vendor\\laravel\\framework\\src\\Illuminate\\Log\\LogManager.php(102): Illuminate\\Log\\LogManager->resolve(NULL)
#1 C:\\Users\\PhantonM\\Documents\\Projetos\\Php\
ightlife\\vendor\\laravel\\framework\\src\\Illuminate\\Log\\LogManager.php(90): Illuminate\\Log\\LogManager->get(NULL)
#2 C:\\Users\\PhantonM\\Documents\\Projetos\\Php\
ightlife\\vendor\\laravel\\framework\\src\\Illuminate\\Log\\LogManager.php(500): Illuminate\\Log\\LogManager->driver()
#3 C:\\Users\\PhantonM\\Documents\\Projetos\\Php\
ightlife\\vendor\\laravel\\framework\\src\\Illuminate\\Foundation\\Exceptions\\Handler.php(118): Illuminate\\Log\\LogManager->error('Argument 2 pass...', Array)
#4 C:\\Users\\PhantonM\\Documents\\Projetos\\Php\
ightlife\\app\\Exceptions\\Handler.php(37): Illuminate\\Foundation\\Exceptions\\Handler->report(Object(Symfony\\Component\\Debug\\Exception\\FatalThrowableError))
#5 C:\\Users\\PhantonM\\Documents\\Projetos\\Php\
ightlife\\vendor\\laravel\\framework\\src\\Illuminate\\Foundation\\Console\\Kernel.php(378): App\\Exceptions\\Handler->report(Object(Symfony\\Component\\Debug\\Exception\\FatalThrowableError))
#6 C:\\Users\\PhantonM\\Documents\\Projetos\\Php\
ightlife\\vendor\\laravel\\framework\\src\\Illuminate\\Foundation\\Console\\Kernel.php(143): Illuminate\\Foundation\\Console\\Kernel->reportException(Object(Symfony\\Component\\Debug\\Exception\\FatalThrowableError))
#7 C:\\Users\\PhantonM\\Documents\\Projetos\\Php\
ightlife\\artisan(37): Illuminate\\Foundation\\Console\\Kernel->handle(Object(Symfony\\Component\\Console\\Input\\ArgvInput), Object(Symfony\\Component\\Console\\Output\\ConsoleOutput))
#8 {main}
"} 
[2019-10-19 16:11:55] laravel.ERROR: Argument 2 passed to Illuminate\Routing\UrlGenerator::__construct() must be an instance of Illuminate\Http\Request, null given, called in C:\Users\PhantonM\Documents\Projetos\Php\nightlife\vendor\laravel\framework\src\Illuminate\Routing\RoutingServiceProvider.php on line 62 {"exception":"[object] (Symfony\\Component\\Debug\\Exception\\FatalThrowableError(code: 0): Argument 2 passed to Illuminate\\Routing\\UrlGenerator::__construct() must be an instance of Illuminate\\Http\\Request, null given, called in C:\\Users\\PhantonM\\Documents\\Projetos\\Php\
ightlife\\vendor\\laravel\\framework\\src\\Illuminate\\Routing\\RoutingServiceProvider.php on line 62 at C:\\Users\\PhantonM\\Documents\\Projetos\\Php\
ightlife\\vendor\\laravel\\framework\\src\\Illuminate\\Routing\\UrlGenerator.php:119)
[stacktrace]
#0 C:\\Users\\PhantonM\\Documents\\Projetos\\Php\
ightlife\\vendor\\laravel\\framework\\src\\Illuminate\\Routing\\RoutingServiceProvider.php(62): Illuminate\\Routing\\UrlGenerator->__construct(Object(Illuminate\\Routing\\RouteCollection), NULL, NULL)
#1 C:\\Users\\PhantonM\\Documents\\Projetos\\Php\
ightlife\\vendor\\laravel\\framework\\src\\Illuminate\\Container\\Container.php(785): Illuminate\\Routing\\RoutingServiceProvider->Illuminate\\Routing\\{closure}(Object(Illuminate\\Foundation\\Application), Array)
#2 C:\\Users\\PhantonM\\Documents\\Projetos\\Php\
ightlife\\vendor\\laravel\\framework\\src\\Illuminate\\Container\\Container.php(667): Illuminate\\Container\\Container->build(Object(Closure))
#3 C:\\Users\\PhantonM\\Documents\\Projetos\\Php\
ightlife\\vendor\\laravel\\framework\\src\\Illuminate\\Container\\Container.php(615): Illuminate\\Container\\Container->resolve('url', Array)
#4 C:\\Users\\PhantonM\\Documents\\Projetos\\Php\
ightlife\\vendor\\laravel\\framework\\src\\Illuminate\\Foundation\\Application.php(767): Illuminate\\Container\\Container->make('url', Array)
#5 C:\\Users\\PhantonM\\Documents\\Projetos\\Php\
ightlife\\vendor\\laravel\\framework\\src\\Illuminate\\Foundation\\helpers.php(121): Illuminate\\Foundation\\Application->make('url', Array)
#6 C:\\Users\\PhantonM\\Documents\\Projetos\\Php\
ightlife\\vendor\\laravel\\framework\\src\\Illuminate\\Foundation\\helpers.php(928): app('Illuminate\\\\Cont...')
#7 C:\\Users\\PhantonM\\Documents\\Projetos\\Php\
ightlife\\config\\adminlte.php(33): url('assets\\\\PainelAd...')
#8 C:\\Users\\PhantonM\\Documents\\Projetos\\Php\
ightlife\\vendor\\laravel\\framework\\src\\Illuminate\\Foundation\\Bootstrap\\LoadConfiguration.php(72): require('C:\\\\Users\\\\Phanto...')
#9 C:\\Users\\PhantonM\\Documents\\Projetos\\Php\
ightlife\\vendor\\laravel\\framework\\src\\Illuminate\\Foundation\\Bootstrap\\LoadConfiguration.php(39): Illuminate\\Foundation\\Bootstrap\\LoadConfiguration->loadConfigurationFiles(Object(Illuminate\\Foundation\\Application), Object(Illuminate\\Config\\Repository))
#10 C:\\Users\\PhantonM\\Documents\\Projetos\\Php\
ightlife\\vendor\\laravel\\framework\\src\\Illuminate\\Foundation\\Application.php(210): Illuminate\\Foundation\\Bootstrap\\LoadConfiguration->bootstrap(Object(Illuminate\\Foundation\\Application))
#11 C:\\Users\\PhantonM\\Documents\\Projetos\\Php\
ightlife\\vendor\\laravel\\framework\\src\\Illuminate\\Foundation\\Console\\Kernel.php(322): Illuminate\\Foundation\\Application->bootstrapWith(Array)
#12 C:\\Users\\PhantonM\\Documents\\Projetos\\Php\
ightlife\\vendor\\laravel\\framework\\src\\Illuminate\\Foundation\\Console\\Kernel.php(131): Illuminate\\Foundation\\Console\\Kernel->bootstrap()
#13 C:\\Users\\PhantonM\\Documents\\Projetos\\Php\
ightlife\\artisan(37): Illuminate\\Foundation\\Console\\Kernel->handle(Object(Symfony\\Component\\Console\\Input\\ArgvInput), Object(Symfony\\Component\\Console\\Output\\ConsoleOutput))
#14 {main}
"} 
[2019-10-19 16:12:51] laravel.EMERGENCY: Unable to create configured logger. Using emergency logger. {"exception":"[object] (InvalidArgumentException(code: 0): Log [] is not defined. at C:\\Users\\PhantonM\\Documents\\Projetos\\Php\
ightlife\\vendor\\laravel\\framework\\src\\Illuminate\\Log\\LogManager.php:168)
[stacktrace]
#0 C:\\Users\\PhantonM\\Documents\\Projetos\\Php\
ightlife\\vendor\\laravel\\framework\\src\\Illuminate\\Log\\LogManager.php(102): Illuminate\\Log\\LogManager->resolve(NULL)
#1 C:\\Users\\PhantonM\\Documents\\Projetos\\Php\
ightlife\\vendor\\laravel\\framework\\src\\Illuminate\\Log\\LogManager.php(90): Illuminate\\Log\\LogManager->get(NULL)
#2 C:\\Users\\PhantonM\\Documents\\Projetos\\Php\
ightlife\\vendor\\laravel\\framework\\src\\Illuminate\\Log\\LogManager.php(500): Illuminate\\Log\\LogManager->driver()
#3 C:\\Users\\PhantonM\\Documents\\Projetos\\Php\
ightlife\\vendor\\laravel\\framework\\src\\Illuminate\\Foundation\\Exceptions\\Handler.php(118): Illuminate\\Log\\LogManager->error('Argument 2 pass...', Array)
#4 C:\\Users\\PhantonM\\Documents\\Projetos\\Php\
ightlife\\app\\Exceptions\\Handler.php(37): Illuminate\\Foundation\\Exceptions\\Handler->report(Object(Symfony\\Component\\Debug\\Exception\\FatalThrowableError))
#5 C:\\Users\\PhantonM\\Documents\\Projetos\\Php\
ightlife\\vendor\\laravel\\framework\\src\\Illuminate\\Foundation\\Console\\Kernel.php(378): App\\Exceptions\\Handler->report(Object(Symfony\\Component\\Debug\\Exception\\FatalThrowableError))
#6 C:\\Users\\PhantonM\\Documents\\Projetos\\Php\
ightlife\\vendor\\laravel\\framework\\src\\Illuminate\\Foundation\\Console\\Kernel.php(143): Illuminate\\Foundation\\Console\\Kernel->reportException(Object(Symfony\\Component\\Debug\\Exception\\FatalThrowableError))
#7 C:\\Users\\PhantonM\\Documents\\Projetos\\Php\
ightlife\\artisan(37): Illuminate\\Foundation\\Console\\Kernel->handle(Object(Symfony\\Component\\Console\\Input\\ArgvInput), Object(Symfony\\Component\\Console\\Output\\ConsoleOutput))
#8 {main}
"} 
[2019-10-19 16:12:51] laravel.ERROR: Argument 2 passed to Illuminate\Routing\UrlGenerator::__construct() must be an instance of Illuminate\Http\Request, null given, called in C:\Users\PhantonM\Documents\Projetos\Php\nightlife\vendor\laravel\framework\src\Illuminate\Routing\RoutingServiceProvider.php on line 62 {"exception":"[object] (Symfony\\Component\\Debug\\Exception\\FatalThrowableError(code: 0): Argument 2 passed to Illuminate\\Routing\\UrlGenerator::__construct() must be an instance of Illuminate\\Http\\Request, null given, called in C:\\Users\\PhantonM\\Documents\\Projetos\\Php\
ightlife\\vendor\\laravel\\framework\\src\\Illuminate\\Routing\\RoutingServiceProvider.php on line 62 at C:\\Users\\PhantonM\\Documents\\Projetos\\Php\
ightlife\\vendor\\laravel\\framework\\src\\Illuminate\\Routing\\UrlGenerator.php:119)
[stacktrace]
#0 C:\\Users\\PhantonM\\Documents\\Projetos\\Php\
ightlife\\vendor\\laravel\\framework\\src\\Illuminate\\Routing\\RoutingServiceProvider.php(62): Illuminate\\Routing\\UrlGenerator->__construct(Object(Illuminate\\Routing\\RouteCollection), NULL, NULL)
#1 C:\\Users\\PhantonM\\Documents\\Projetos\\Php\
ightlife\\vendor\\laravel\\framework\\src\\Illuminate\\Container\\Container.php(785): Illuminate\\Routing\\RoutingServiceProvider->Illuminate\\Routing\\{closure}(Object(Illuminate\\Foundation\\Application), Array)
#2 C:\\Users\\PhantonM\\Documents\\Projetos\\Php\
ightlife\\vendor\\laravel\\framework\\src\\Illuminate\\Container\\Container.php(667): Illuminate\\Container\\Container->build(Object(Closure))
#3 C:\\Users\\PhantonM\\Documents\\Projetos\\Php\
ightlife\\vendor\\laravel\\framework\\src\\Illuminate\\Container\\Container.php(615): Illuminate\\Container\\Container->resolve('url', Array)
#4 C:\\Users\\PhantonM\\Documents\\Projetos\\Php\
ightlife\\vendor\\laravel\\framework\\src\\Illuminate\\Foundation\\Application.php(767): Illuminate\\Container\\Container->make('url', Array)
#5 C:\\Users\\PhantonM\\Documents\\Projetos\\Php\
ightlife\\vendor\\laravel\\framework\\src\\Illuminate\\Foundation\\helpers.php(121): Illuminate\\Foundation\\Application->make('url', Array)
#6 C:\\Users\\PhantonM\\Documents\\Projetos\\Php\
ightlife\\vendor\\laravel\\framework\\src\\Illuminate\\Foundation\\helpers.php(928): app('Illuminate\\\\Cont...')
#7 C:\\Users\\PhantonM\\Documents\\Projetos\\Php\
ightlife\\config\\adminlte.php(33): url('assets\\\\PainelAd...')
#8 C:\\Users\\PhantonM\\Documents\\Projetos\\Php\
ightlife\\vendor\\laravel\\framework\\src\\Illuminate\\Foundation\\Bootstrap\\LoadConfiguration.php(72): require('C:\\\\Users\\\\Phanto...')
#9 C:\\Users\\PhantonM\\Documents\\Projetos\\Php\
ightlife\\vendor\\laravel\\framework\\src\\Illuminate\\Foundation\\Bootstrap\\LoadConfiguration.php(39): Illuminate\\Foundation\\Bootstrap\\LoadConfiguration->loadConfigurationFiles(Object(Illuminate\\Foundation\\Application), Object(Illuminate\\Config\\Repository))
#10 C:\\Users\\PhantonM\\Documents\\Projetos\\Php\
ightlife\\vendor\\laravel\\framework\\src\\Illuminate\\Foundation\\Application.php(210): Illuminate\\Foundation\\Bootstrap\\LoadConfiguration->bootstrap(Object(Illuminate\\Foundation\\Application))
#11 C:\\Users\\PhantonM\\Documents\\Projetos\\Php\
ightlife\\vendor\\laravel\\framework\\src\\Illuminate\\Foundation\\Console\\Kernel.php(322): Illuminate\\Foundation\\Application->bootstrapWith(Array)
#12 C:\\Users\\PhantonM\\Documents\\Projetos\\Php\
ightlife\\vendor\\laravel\\framework\\src\\Illuminate\\Foundation\\Console\\Kernel.php(131): Illuminate\\Foundation\\Console\\Kernel->bootstrap()
#13 C:\\Users\\PhantonM\\Documents\\Projetos\\Php\
ightlife\\artisan(37): Illuminate\\Foundation\\Console\\Kernel->handle(Object(Symfony\\Component\\Console\\Input\\ArgvInput), Object(Symfony\\Component\\Console\\Output\\ConsoleOutput))
#14 {main}
"} 
[2019-10-19 16:14:01] laravel.EMERGENCY: Unable to create configured logger. Using emergency logger. {"exception":"[object] (InvalidArgumentException(code: 0): Log [] is not defined. at C:\\Users\\PhantonM\\Documents\\Projetos\\Php\
ightlife\\vendor\\laravel\\framework\\src\\Illuminate\\Log\\LogManager.php:168)
[stacktrace]
#0 C:\\Users\\PhantonM\\Documents\\Projetos\\Php\
ightlife\\vendor\\laravel\\framework\\src\\Illuminate\\Log\\LogManager.php(102): Illuminate\\Log\\LogManager->resolve(NULL)
#1 C:\\Users\\PhantonM\\Documents\\Projetos\\Php\
ightlife\\vendor\\laravel\\framework\\src\\Illuminate\\Log\\LogManager.php(90): Illuminate\\Log\\LogManager->get(NULL)
#2 C:\\Users\\PhantonM\\Documents\\Projetos\\Php\
ightlife\\vendor\\laravel\\framework\\src\\Illuminate\\Log\\LogManager.php(500): Illuminate\\Log\\LogManager->driver()
#3 C:\\Users\\PhantonM\\Documents\\Projetos\\Php\
ightlife\\vendor\\laravel\\framework\\src\\Illuminate\\Foundation\\Exceptions\\Handler.php(118): Illuminate\\Log\\LogManager->error('Argument 2 pass...', Array)
#4 C:\\Users\\PhantonM\\Documents\\Projetos\\Php\
ightlife\\app\\Exceptions\\Handler.php(37): Illuminate\\Foundation\\Exceptions\\Handler->report(Object(Symfony\\Component\\Debug\\Exception\\FatalThrowableError))
#5 C:\\Users\\PhantonM\\Documents\\Projetos\\Php\
ightlife\\vendor\\laravel\\framework\\src\\Illuminate\\Foundation\\Console\\Kernel.php(378): App\\Exceptions\\Handler->report(Object(Symfony\\Component\\Debug\\Exception\\FatalThrowableError))
#6 C:\\Users\\PhantonM\\Documents\\Projetos\\Php\
ightlife\\vendor\\laravel\\framework\\src\\Illuminate\\Foundation\\Console\\Kernel.php(143): Illuminate\\Foundation\\Console\\Kernel->reportException(Object(Symfony\\Component\\Debug\\Exception\\FatalThrowableError))
#7 C:\\Users\\PhantonM\\Documents\\Projetos\\Php\
ightlife\\artisan(37): Illuminate\\Foundation\\Console\\Kernel->handle(Object(Symfony\\Component\\Console\\Input\\ArgvInput), Object(Symfony\\Component\\Console\\Output\\ConsoleOutput))
#8 {main}
"} 
[2019-10-19 16:14:01] laravel.ERROR: Argument 2 passed to Illuminate\Routing\UrlGenerator::__construct() must be an instance of Illuminate\Http\Request, null given, called in C:\Users\PhantonM\Documents\Projetos\Php\nightlife\vendor\laravel\framework\src\Illuminate\Routing\RoutingServiceProvider.php on line 62 {"exception":"[object] (Symfony\\Component\\Debug\\Exception\\FatalThrowableError(code: 0): Argument 2 passed to Illuminate\\Routing\\UrlGenerator::__construct() must be an instance of Illuminate\\Http\\Request, null given, called in C:\\Users\\PhantonM\\Documents\\Projetos\\Php\
ightlife\\vendor\\laravel\\framework\\src\\Illuminate\\Routing\\RoutingServiceProvider.php on line 62 at C:\\Users\\PhantonM\\Documents\\Projetos\\Php\
ightlife\\vendor\\laravel\\framework\\src\\Illuminate\\Routing\\UrlGenerator.php:119)
[stacktrace]
#0 C:\\Users\\PhantonM\\Documents\\Projetos\\Php\
ightlife\\vendor\\laravel\\framework\\src\\Illuminate\\Routing\\RoutingServiceProvider.php(62): Illuminate\\Routing\\UrlGenerator->__construct(Object(Illuminate\\Routing\\RouteCollection), NULL, NULL)
#1 C:\\Users\\PhantonM\\Documents\\Projetos\\Php\
ightlife\\vendor\\laravel\\framework\\src\\Illuminate\\Container\\Container.php(785): Illuminate\\Routing\\RoutingServiceProvider->Illuminate\\Routing\\{closure}(Object(Illuminate\\Foundation\\Application), Array)
#2 C:\\Users\\PhantonM\\Documents\\Projetos\\Php\
ightlife\\vendor\\laravel\\framework\\src\\Illuminate\\Container\\Container.php(667): Illuminate\\Container\\Container->build(Object(Closure))
#3 C:\\Users\\PhantonM\\Documents\\Projetos\\Php\
ightlife\\vendor\\laravel\\framework\\src\\Illuminate\\Container\\Container.php(615): Illuminate\\Container\\Container->resolve('url', Array)
#4 C:\\Users\\PhantonM\\Documents\\Projetos\\Php\
ightlife\\vendor\\laravel\\framework\\src\\Illuminate\\Foundation\\Application.php(767): Illuminate\\Container\\Container->make('url', Array)
#5 C:\\Users\\PhantonM\\Documents\\Projetos\\Php\
ightlife\\vendor\\laravel\\framework\\src\\Illuminate\\Foundation\\helpers.php(121): Illuminate\\Foundation\\Application->make('url', Array)
#6 C:\\Users\\PhantonM\\Documents\\Projetos\\Php\
ightlife\\vendor\\laravel\\framework\\src\\Illuminate\\Foundation\\helpers.php(928): app('Illuminate\\\\Cont...')
#7 C:\\Users\\PhantonM\\Documents\\Projetos\\Php\
ightlife\\config\\adminlte.php(33): url('assets\\\\PainelAd...')
#8 C:\\Users\\PhantonM\\Documents\\Projetos\\Php\
ightlife\\vendor\\laravel\\framework\\src\\Illuminate\\Foundation\\Bootstrap\\LoadConfiguration.php(72): require('C:\\\\Users\\\\Phanto...')
#9 C:\\Users\\PhantonM\\Documents\\Projetos\\Php\
ightlife\\vendor\\laravel\\framework\\src\\Illuminate\\Foundation\\Bootstrap\\LoadConfiguration.php(39): Illuminate\\Foundation\\Bootstrap\\LoadConfiguration->loadConfigurationFiles(Object(Illuminate\\Foundation\\Application), Object(Illuminate\\Config\\Repository))
#10 C:\\Users\\PhantonM\\Documents\\Projetos\\Php\
ightlife\\vendor\\laravel\\framework\\src\\Illuminate\\Foundation\\Application.php(210): Illuminate\\Foundation\\Bootstrap\\LoadConfiguration->bootstrap(Object(Illuminate\\Foundation\\Application))
#11 C:\\Users\\PhantonM\\Documents\\Projetos\\Php\
ightlife\\vendor\\laravel\\framework\\src\\Illuminate\\Foundation\\Console\\Kernel.php(322): Illuminate\\Foundation\\Application->bootstrapWith(Array)
#12 C:\\Users\\PhantonM\\Documents\\Projetos\\Php\
ightlife\\vendor\\laravel\\framework\\src\\Illuminate\\Foundation\\Console\\Kernel.php(131): Illuminate\\Foundation\\Console\\Kernel->bootstrap()
#13 C:\\Users\\PhantonM\\Documents\\Projetos\\Php\
ightlife\\artisan(37): Illuminate\\Foundation\\Console\\Kernel->handle(Object(Symfony\\Component\\Console\\Input\\ArgvInput), Object(Symfony\\Component\\Console\\Output\\ConsoleOutput))
#14 {main}
"} 
[2019-10-19 16:18:59] laravel.EMERGENCY: Unable to create configured logger. Using emergency logger. {"exception":"[object] (InvalidArgumentException(code: 0): Log [] is not defined. at C:\\Users\\PhantonM\\Documents\\Projetos\\Php\
ightlife\\vendor\\laravel\\framework\\src\\Illuminate\\Log\\LogManager.php:168)
[stacktrace]
#0 C:\\Users\\PhantonM\\Documents\\Projetos\\Php\
ightlife\\vendor\\laravel\\framework\\src\\Illuminate\\Log\\LogManager.php(102): Illuminate\\Log\\LogManager->resolve(NULL)
#1 C:\\Users\\PhantonM\\Documents\\Projetos\\Php\
ightlife\\vendor\\laravel\\framework\\src\\Illuminate\\Log\\LogManager.php(90): Illuminate\\Log\\LogManager->get(NULL)
#2 C:\\Users\\PhantonM\\Documents\\Projetos\\Php\
ightlife\\vendor\\laravel\\framework\\src\\Illuminate\\Log\\LogManager.php(500): Illuminate\\Log\\LogManager->driver()
#3 C:\\Users\\PhantonM\\Documents\\Projetos\\Php\
ightlife\\vendor\\laravel\\framework\\src\\Illuminate\\Foundation\\Exceptions\\Handler.php(118): Illuminate\\Log\\LogManager->error('Argument 2 pass...', Array)
#4 C:\\Users\\PhantonM\\Documents\\Projetos\\Php\
ightlife\\app\\Exceptions\\Handler.php(37): Illuminate\\Foundation\\Exceptions\\Handler->report(Object(Symfony\\Component\\Debug\\Exception\\FatalThrowableError))
#5 C:\\Users\\PhantonM\\Documents\\Projetos\\Php\
ightlife\\vendor\\laravel\\framework\\src\\Illuminate\\Foundation\\Console\\Kernel.php(378): App\\Exceptions\\Handler->report(Object(Symfony\\Component\\Debug\\Exception\\FatalThrowableError))
#6 C:\\Users\\PhantonM\\Documents\\Projetos\\Php\
ightlife\\vendor\\laravel\\framework\\src\\Illuminate\\Foundation\\Console\\Kernel.php(143): Illuminate\\Foundation\\Console\\Kernel->reportException(Object(Symfony\\Component\\Debug\\Exception\\FatalThrowableError))
#7 C:\\Users\\PhantonM\\Documents\\Projetos\\Php\
ightlife\\artisan(37): Illuminate\\Foundation\\Console\\Kernel->handle(Object(Symfony\\Component\\Console\\Input\\ArgvInput), Object(Symfony\\Component\\Console\\Output\\ConsoleOutput))
#8 {main}
"} 
[2019-10-19 16:18:59] laravel.ERROR: Argument 2 passed to Illuminate\Routing\UrlGenerator::__construct() must be an instance of Illuminate\Http\Request, null given, called in C:\Users\PhantonM\Documents\Projetos\Php\nightlife\vendor\laravel\framework\src\Illuminate\Routing\RoutingServiceProvider.php on line 62 {"exception":"[object] (Symfony\\Component\\Debug\\Exception\\FatalThrowableError(code: 0): Argument 2 passed to Illuminate\\Routing\\UrlGenerator::__construct() must be an instance of Illuminate\\Http\\Request, null given, called in C:\\Users\\PhantonM\\Documents\\Projetos\\Php\
ightlife\\vendor\\laravel\\framework\\src\\Illuminate\\Routing\\RoutingServiceProvider.php on line 62 at C:\\Users\\PhantonM\\Documents\\Projetos\\Php\
ightlife\\vendor\\laravel\\framework\\src\\Illuminate\\Routing\\UrlGenerator.php:119)
[stacktrace]
#0 C:\\Users\\PhantonM\\Documents\\Projetos\\Php\
ightlife\\vendor\\laravel\\framework\\src\\Illuminate\\Routing\\RoutingServiceProvider.php(62): Illuminate\\Routing\\UrlGenerator->__construct(Object(Illuminate\\Routing\\RouteCollection), NULL, NULL)
#1 C:\\Users\\PhantonM\\Documents\\Projetos\\Php\
ightlife\\vendor\\laravel\\framework\\src\\Illuminate\\Container\\Container.php(785): Illuminate\\Routing\\RoutingServiceProvider->Illuminate\\Routing\\{closure}(Object(Illuminate\\Foundation\\Application), Array)
#2 C:\\Users\\PhantonM\\Documents\\Projetos\\Php\
ightlife\\vendor\\laravel\\framework\\src\\Illuminate\\Container\\Container.php(667): Illuminate\\Container\\Container->build(Object(Closure))
#3 C:\\Users\\PhantonM\\Documents\\Projetos\\Php\
ightlife\\vendor\\laravel\\framework\\src\\Illuminate\\Container\\Container.php(615): Illuminate\\Container\\Container->resolve('url', Array)
#4 C:\\Users\\PhantonM\\Documents\\Projetos\\Php\
ightlife\\vendor\\laravel\\framework\\src\\Illuminate\\Foundation\\Application.php(767): Illuminate\\Container\\Container->make('url', Array)
#5 C:\\Users\\PhantonM\\Documents\\Projetos\\Php\
ightlife\\vendor\\laravel\\framework\\src\\Illuminate\\Foundation\\helpers.php(121): Illuminate\\Foundation\\Application->make('url', Array)
#6 C:\\Users\\PhantonM\\Documents\\Projetos\\Php\
ightlife\\vendor\\laravel\\framework\\src\\Illuminate\\Foundation\\helpers.php(928): app('Illuminate\\\\Cont...')
#7 C:\\Users\\PhantonM\\Documents\\Projetos\\Php\
ightlife\\config\\adminlte.php(33): url('assets\\\\PainelAd...')
#8 C:\\Users\\PhantonM\\Documents\\Projetos\\Php\
ightlife\\vendor\\laravel\\framework\\src\\Illuminate\\Foundation\\Bootstrap\\LoadConfiguration.php(72): require('C:\\\\Users\\\\Phanto...')
#9 C:\\Users\\PhantonM\\Documents\\Projetos\\Php\
ightlife\\vendor\\laravel\\framework\\src\\Illuminate\\Foundation\\Bootstrap\\LoadConfiguration.php(39): Illuminate\\Foundation\\Bootstrap\\LoadConfiguration->loadConfigurationFiles(Object(Illuminate\\Foundation\\Application), Object(Illuminate\\Config\\Repository))
#10 C:\\Users\\PhantonM\\Documents\\Projetos\\Php\
ightlife\\vendor\\laravel\\framework\\src\\Illuminate\\Foundation\\Application.php(210): Illuminate\\Foundation\\Bootstrap\\LoadConfiguration->bootstrap(Object(Illuminate\\Foundation\\Application))
#11 C:\\Users\\PhantonM\\Documents\\Projetos\\Php\
ightlife\\vendor\\laravel\\framework\\src\\Illuminate\\Foundation\\Console\\Kernel.php(322): Illuminate\\Foundation\\Application->bootstrapWith(Array)
#12 C:\\Users\\PhantonM\\Documents\\Projetos\\Php\
ightlife\\vendor\\laravel\\framework\\src\\Illuminate\\Foundation\\Console\\Kernel.php(131): Illuminate\\Foundation\\Console\\Kernel->bootstrap()
#13 C:\\Users\\PhantonM\\Documents\\Projetos\\Php\
ightlife\\artisan(37): Illuminate\\Foundation\\Console\\Kernel->handle(Object(Symfony\\Component\\Console\\Input\\ArgvInput), Object(Symfony\\Component\\Console\\Output\\ConsoleOutput))
#14 {main}
"} 
[2019-10-19 16:24:44] laravel.EMERGENCY: Unable to create configured logger. Using emergency logger. {"exception":"[object] (InvalidArgumentException(code: 0): Log [] is not defined. at C:\\Users\\PhantonM\\Documents\\Projetos\\Php\
ightlife\\vendor\\laravel\\framework\\src\\Illuminate\\Log\\LogManager.php:168)
[stacktrace]
#0 C:\\Users\\PhantonM\\Documents\\Projetos\\Php\
ightlife\\vendor\\laravel\\framework\\src\\Illuminate\\Log\\LogManager.php(102): Illuminate\\Log\\LogManager->resolve(NULL)
#1 C:\\Users\\PhantonM\\Documents\\Projetos\\Php\
ightlife\\vendor\\laravel\\framework\\src\\Illuminate\\Log\\LogManager.php(90): Illuminate\\Log\\LogManager->get(NULL)
#2 C:\\Users\\PhantonM\\Documents\\Projetos\\Php\
ightlife\\vendor\\laravel\\framework\\src\\Illuminate\\Log\\LogManager.php(500): Illuminate\\Log\\LogManager->driver()
#3 C:\\Users\\PhantonM\\Documents\\Projetos\\Php\
ightlife\\vendor\\laravel\\framework\\src\\Illuminate\\Foundation\\Exceptions\\Handler.php(118): Illuminate\\Log\\LogManager->error('Argument 2 pass...', Array)
#4 C:\\Users\\PhantonM\\Documents\\Projetos\\Php\
ightlife\\app\\Exceptions\\Handler.php(37): Illuminate\\Foundation\\Exceptions\\Handler->report(Object(Symfony\\Component\\Debug\\Exception\\FatalThrowableError))
#5 C:\\Users\\PhantonM\\Documents\\Projetos\\Php\
ightlife\\vendor\\laravel\\framework\\src\\Illuminate\\Foundation\\Console\\Kernel.php(378): App\\Exceptions\\Handler->report(Object(Symfony\\Component\\Debug\\Exception\\FatalThrowableError))
#6 C:\\Users\\PhantonM\\Documents\\Projetos\\Php\
ightlife\\vendor\\laravel\\framework\\src\\Illuminate\\Foundation\\Console\\Kernel.php(143): Illuminate\\Foundation\\Console\\Kernel->reportException(Object(Symfony\\Component\\Debug\\Exception\\FatalThrowableError))
#7 C:\\Users\\PhantonM\\Documents\\Projetos\\Php\
ightlife\\artisan(37): Illuminate\\Foundation\\Console\\Kernel->handle(Object(Symfony\\Component\\Console\\Input\\ArgvInput), Object(Symfony\\Component\\Console\\Output\\ConsoleOutput))
#8 {main}
"} 
[2019-10-19 16:24:44] laravel.ERROR: Argument 2 passed to Illuminate\Routing\UrlGenerator::__construct() must be an instance of Illuminate\Http\Request, null given, called in C:\Users\PhantonM\Documents\Projetos\Php\nightlife\vendor\laravel\framework\src\Illuminate\Routing\RoutingServiceProvider.php on line 62 {"exception":"[object] (Symfony\\Component\\Debug\\Exception\\FatalThrowableError(code: 0): Argument 2 passed to Illuminate\\Routing\\UrlGenerator::__construct() must be an instance of Illuminate\\Http\\Request, null given, called in C:\\Users\\PhantonM\\Documents\\Projetos\\Php\
ightlife\\vendor\\laravel\\framework\\src\\Illuminate\\Routing\\RoutingServiceProvider.php on line 62 at C:\\Users\\PhantonM\\Documents\\Projetos\\Php\
ightlife\\vendor\\laravel\\framework\\src\\Illuminate\\Routing\\UrlGenerator.php:119)
[stacktrace]
#0 C:\\Users\\PhantonM\\Documents\\Projetos\\Php\
ightlife\\vendor\\laravel\\framework\\src\\Illuminate\\Routing\\RoutingServiceProvider.php(62): Illuminate\\Routing\\UrlGenerator->__construct(Object(Illuminate\\Routing\\RouteCollection), NULL, NULL)
#1 C:\\Users\\PhantonM\\Documents\\Projetos\\Php\
ightlife\\vendor\\laravel\\framework\\src\\Illuminate\\Container\\Container.php(785): Illuminate\\Routing\\RoutingServiceProvider->Illuminate\\Routing\\{closure}(Object(Illuminate\\Foundation\\Application), Array)
#2 C:\\Users\\PhantonM\\Documents\\Projetos\\Php\
ightlife\\vendor\\laravel\\framework\\src\\Illuminate\\Container\\Container.php(667): Illuminate\\Container\\Container->build(Object(Closure))
#3 C:\\Users\\PhantonM\\Documents\\Projetos\\Php\
ightlife\\vendor\\laravel\\framework\\src\\Illuminate\\Container\\Container.php(615): Illuminate\\Container\\Container->resolve('url', Array)
#4 C:\\Users\\PhantonM\\Documents\\Projetos\\Php\
ightlife\\vendor\\laravel\\framework\\src\\Illuminate\\Foundation\\Application.php(767): Illuminate\\Container\\Container->make('url', Array)
#5 C:\\Users\\PhantonM\\Documents\\Projetos\\Php\
ightlife\\vendor\\laravel\\framework\\src\\Illuminate\\Foundation\\helpers.php(121): Illuminate\\Foundation\\Application->make('url', Array)
#6 C:\\Users\\PhantonM\\Documents\\Projetos\\Php\
ightlife\\vendor\\laravel\\framework\\src\\Illuminate\\Foundation\\helpers.php(928): app('Illuminate\\\\Cont...')
#7 C:\\Users\\PhantonM\\Documents\\Projetos\\Php\
ightlife\\config\\adminlte.php(33): url('assets\\\\PainelAd...')
#8 C:\\Users\\PhantonM\\Documents\\Projetos\\Php\
ightlife\\vendor\\laravel\\framework\\src\\Illuminate\\Foundation\\Bootstrap\\LoadConfiguration.php(72): require('C:\\\\Users\\\\Phanto...')
#9 C:\\Users\\PhantonM\\Documents\\Projetos\\Php\
ightlife\\vendor\\laravel\\framework\\src\\Illuminate\\Foundation\\Bootstrap\\LoadConfiguration.php(39): Illuminate\\Foundation\\Bootstrap\\LoadConfiguration->loadConfigurationFiles(Object(Illuminate\\Foundation\\Application), Object(Illuminate\\Config\\Repository))
#10 C:\\Users\\PhantonM\\Documents\\Projetos\\Php\
ightlife\\vendor\\laravel\\framework\\src\\Illuminate\\Foundation\\Application.php(210): Illuminate\\Foundation\\Bootstrap\\LoadConfiguration->bootstrap(Object(Illuminate\\Foundation\\Application))
#11 C:\\Users\\PhantonM\\Documents\\Projetos\\Php\
ightlife\\vendor\\laravel\\framework\\src\\Illuminate\\Foundation\\Console\\Kernel.php(322): Illuminate\\Foundation\\Application->bootstrapWith(Array)
#12 C:\\Users\\PhantonM\\Documents\\Projetos\\Php\
ightlife\\vendor\\laravel\\framework\\src\\Illuminate\\Foundation\\Console\\Kernel.php(131): Illuminate\\Foundation\\Console\\Kernel->bootstrap()
#13 C:\\Users\\PhantonM\\Documents\\Projetos\\Php\
ightlife\\artisan(37): Illuminate\\Foundation\\Console\\Kernel->handle(Object(Symfony\\Component\\Console\\Input\\ArgvInput), Object(Symfony\\Component\\Console\\Output\\ConsoleOutput))
#14 {main}
"} 
[2019-10-19 16:29:11] laravel.EMERGENCY: Unable to create configured logger. Using emergency logger. {"exception":"[object] (InvalidArgumentException(code: 0): Log [] is not defined. at C:\\Users\\PhantonM\\Documents\\Projetos\\Php\
ightlife\\vendor\\laravel\\framework\\src\\Illuminate\\Log\\LogManager.php:168)
[stacktrace]
#0 C:\\Users\\PhantonM\\Documents\\Projetos\\Php\
ightlife\\vendor\\laravel\\framework\\src\\Illuminate\\Log\\LogManager.php(102): Illuminate\\Log\\LogManager->resolve(NULL)
#1 C:\\Users\\PhantonM\\Documents\\Projetos\\Php\
ightlife\\vendor\\laravel\\framework\\src\\Illuminate\\Log\\LogManager.php(90): Illuminate\\Log\\LogManager->get(NULL)
#2 C:\\Users\\PhantonM\\Documents\\Projetos\\Php\
ightlife\\vendor\\laravel\\framework\\src\\Illuminate\\Log\\LogManager.php(500): Illuminate\\Log\\LogManager->driver()
#3 C:\\Users\\PhantonM\\Documents\\Projetos\\Php\
ightlife\\vendor\\laravel\\framework\\src\\Illuminate\\Foundation\\Exceptions\\Handler.php(118): Illuminate\\Log\\LogManager->error('Argument 2 pass...', Array)
#4 C:\\Users\\PhantonM\\Documents\\Projetos\\Php\
ightlife\\app\\Exceptions\\Handler.php(37): Illuminate\\Foundation\\Exceptions\\Handler->report(Object(Symfony\\Component\\Debug\\Exception\\FatalThrowableError))
#5 C:\\Users\\PhantonM\\Documents\\Projetos\\Php\
ightlife\\vendor\\laravel\\framework\\src\\Illuminate\\Foundation\\Console\\Kernel.php(378): App\\Exceptions\\Handler->report(Object(Symfony\\Component\\Debug\\Exception\\FatalThrowableError))
#6 C:\\Users\\PhantonM\\Documents\\Projetos\\Php\
ightlife\\vendor\\laravel\\framework\\src\\Illuminate\\Foundation\\Console\\Kernel.php(143): Illuminate\\Foundation\\Console\\Kernel->reportException(Object(Symfony\\Component\\Debug\\Exception\\FatalThrowableError))
#7 C:\\Users\\PhantonM\\Documents\\Projetos\\Php\
ightlife\\artisan(37): Illuminate\\Foundation\\Console\\Kernel->handle(Object(Symfony\\Component\\Console\\Input\\ArgvInput), Object(Symfony\\Component\\Console\\Output\\ConsoleOutput))
#8 {main}
"} 
[2019-10-19 16:29:11] laravel.ERROR: Argument 2 passed to Illuminate\Routing\UrlGenerator::__construct() must be an instance of Illuminate\Http\Request, null given, called in C:\Users\PhantonM\Documents\Projetos\Php\nightlife\vendor\laravel\framework\src\Illuminate\Routing\RoutingServiceProvider.php on line 62 {"exception":"[object] (Symfony\\Component\\Debug\\Exception\\FatalThrowableError(code: 0): Argument 2 passed to Illuminate\\Routing\\UrlGenerator::__construct() must be an instance of Illuminate\\Http\\Request, null given, called in C:\\Users\\PhantonM\\Documents\\Projetos\\Php\
ightlife\\vendor\\laravel\\framework\\src\\Illuminate\\Routing\\RoutingServiceProvider.php on line 62 at C:\\Users\\PhantonM\\Documents\\Projetos\\Php\
ightlife\\vendor\\laravel\\framework\\src\\Illuminate\\Routing\\UrlGenerator.php:119)
[stacktrace]
#0 C:\\Users\\PhantonM\\Documents\\Projetos\\Php\
ightlife\\vendor\\laravel\\framework\\src\\Illuminate\\Routing\\RoutingServiceProvider.php(62): Illuminate\\Routing\\UrlGenerator->__construct(Object(Illuminate\\Routing\\RouteCollection), NULL, NULL)
#1 C:\\Users\\PhantonM\\Documents\\Projetos\\Php\
ightlife\\vendor\\laravel\\framework\\src\\Illuminate\\Container\\Container.php(785): Illuminate\\Routing\\RoutingServiceProvider->Illuminate\\Routing\\{closure}(Object(Illuminate\\Foundation\\Application), Array)
#2 C:\\Users\\PhantonM\\Documents\\Projetos\\Php\
ightlife\\vendor\\laravel\\framework\\src\\Illuminate\\Container\\Container.php(667): Illuminate\\Container\\Container->build(Object(Closure))
#3 C:\\Users\\PhantonM\\Documents\\Projetos\\Php\
ightlife\\vendor\\laravel\\framework\\src\\Illuminate\\Container\\Container.php(615): Illuminate\\Container\\Container->resolve('url', Array)
#4 C:\\Users\\PhantonM\\Documents\\Projetos\\Php\
ightlife\\vendor\\laravel\\framework\\src\\Illuminate\\Foundation\\Application.php(767): Illuminate\\Container\\Container->make('url', Array)
#5 C:\\Users\\PhantonM\\Documents\\Projetos\\Php\
ightlife\\vendor\\laravel\\framework\\src\\Illuminate\\Foundation\\helpers.php(121): Illuminate\\Foundation\\Application->make('url', Array)
#6 C:\\Users\\PhantonM\\Documents\\Projetos\\Php\
ightlife\\vendor\\laravel\\framework\\src\\Illuminate\\Foundation\\helpers.php(928): app('Illuminate\\\\Cont...')
#7 C:\\Users\\PhantonM\\Documents\\Projetos\\Php\
ightlife\\config\\adminlte.php(33): url('assets\\\\PainelAd...')
#8 C:\\Users\\PhantonM\\Documents\\Projetos\\Php\
ightlife\\vendor\\laravel\\framework\\src\\Illuminate\\Foundation\\Bootstrap\\LoadConfiguration.php(72): require('C:\\\\Users\\\\Phanto...')
#9 C:\\Users\\PhantonM\\Documents\\Projetos\\Php\
ightlife\\vendor\\laravel\\framework\\src\\Illuminate\\Foundation\\Bootstrap\\LoadConfiguration.php(39): Illuminate\\Foundation\\Bootstrap\\LoadConfiguration->loadConfigurationFiles(Object(Illuminate\\Foundation\\Application), Object(Illuminate\\Config\\Repository))
#10 C:\\Users\\PhantonM\\Documents\\Projetos\\Php\
ightlife\\vendor\\laravel\\framework\\src\\Illuminate\\Foundation\\Application.php(210): Illuminate\\Foundation\\Bootstrap\\LoadConfiguration->bootstrap(Object(Illuminate\\Foundation\\Application))
#11 C:\\Users\\PhantonM\\Documents\\Projetos\\Php\
ightlife\\vendor\\laravel\\framework\\src\\Illuminate\\Foundation\\Console\\Kernel.php(322): Illuminate\\Foundation\\Application->bootstrapWith(Array)
#12 C:\\Users\\PhantonM\\Documents\\Projetos\\Php\
ightlife\\vendor\\laravel\\framework\\src\\Illuminate\\Foundation\\Console\\Kernel.php(131): Illuminate\\Foundation\\Console\\Kernel->bootstrap()
#13 C:\\Users\\PhantonM\\Documents\\Projetos\\Php\
ightlife\\artisan(37): Illuminate\\Foundation\\Console\\Kernel->handle(Object(Symfony\\Component\\Console\\Input\\ArgvInput), Object(Symfony\\Component\\Console\\Output\\ConsoleOutput))
#14 {main}
"} 
[2019-10-19 16:29:25] laravel.EMERGENCY: Unable to create configured logger. Using emergency logger. {"exception":"[object] (InvalidArgumentException(code: 0): Log [] is not defined. at C:\\Users\\PhantonM\\Documents\\Projetos\\Php\
ightlife\\vendor\\laravel\\framework\\src\\Illuminate\\Log\\LogManager.php:168)
[stacktrace]
#0 C:\\Users\\PhantonM\\Documents\\Projetos\\Php\
ightlife\\vendor\\laravel\\framework\\src\\Illuminate\\Log\\LogManager.php(102): Illuminate\\Log\\LogManager->resolve(NULL)
#1 C:\\Users\\PhantonM\\Documents\\Projetos\\Php\
ightlife\\vendor\\laravel\\framework\\src\\Illuminate\\Log\\LogManager.php(90): Illuminate\\Log\\LogManager->get(NULL)
#2 C:\\Users\\PhantonM\\Documents\\Projetos\\Php\
ightlife\\vendor\\laravel\\framework\\src\\Illuminate\\Log\\LogManager.php(500): Illuminate\\Log\\LogManager->driver()
#3 C:\\Users\\PhantonM\\Documents\\Projetos\\Php\
ightlife\\vendor\\laravel\\framework\\src\\Illuminate\\Foundation\\Exceptions\\Handler.php(118): Illuminate\\Log\\LogManager->error('Argument 2 pass...', Array)
#4 C:\\Users\\PhantonM\\Documents\\Projetos\\Php\
ightlife\\app\\Exceptions\\Handler.php(37): Illuminate\\Foundation\\Exceptions\\Handler->report(Object(Symfony\\Component\\Debug\\Exception\\FatalThrowableError))
#5 C:\\Users\\PhantonM\\Documents\\Projetos\\Php\
ightlife\\vendor\\laravel\\framework\\src\\Illuminate\\Foundation\\Console\\Kernel.php(378): App\\Exceptions\\Handler->report(Object(Symfony\\Component\\Debug\\Exception\\FatalThrowableError))
#6 C:\\Users\\PhantonM\\Documents\\Projetos\\Php\
ightlife\\vendor\\laravel\\framework\\src\\Illuminate\\Foundation\\Console\\Kernel.php(143): Illuminate\\Foundation\\Console\\Kernel->reportException(Object(Symfony\\Component\\Debug\\Exception\\FatalThrowableError))
#7 C:\\Users\\PhantonM\\Documents\\Projetos\\Php\
ightlife\\artisan(37): Illuminate\\Foundation\\Console\\Kernel->handle(Object(Symfony\\Component\\Console\\Input\\ArgvInput), Object(Symfony\\Component\\Console\\Output\\ConsoleOutput))
#8 {main}
"} 
[2019-10-19 16:29:25] laravel.ERROR: Argument 2 passed to Illuminate\Routing\UrlGenerator::__construct() must be an instance of Illuminate\Http\Request, null given, called in C:\Users\PhantonM\Documents\Projetos\Php\nightlife\vendor\laravel\framework\src\Illuminate\Routing\RoutingServiceProvider.php on line 62 {"exception":"[object] (Symfony\\Component\\Debug\\Exception\\FatalThrowableError(code: 0): Argument 2 passed to Illuminate\\Routing\\UrlGenerator::__construct() must be an instance of Illuminate\\Http\\Request, null given, called in C:\\Users\\PhantonM\\Documents\\Projetos\\Php\
ightlife\\vendor\\laravel\\framework\\src\\Illuminate\\Routing\\RoutingServiceProvider.php on line 62 at C:\\Users\\PhantonM\\Documents\\Projetos\\Php\
ightlife\\vendor\\laravel\\framework\\src\\Illuminate\\Routing\\UrlGenerator.php:119)
[stacktrace]
#0 C:\\Users\\PhantonM\\Documents\\Projetos\\Php\
ightlife\\vendor\\laravel\\framework\\src\\Illuminate\\Routing\\RoutingServiceProvider.php(62): Illuminate\\Routing\\UrlGenerator->__construct(Object(Illuminate\\Routing\\RouteCollection), NULL, NULL)
#1 C:\\Users\\PhantonM\\Documents\\Projetos\\Php\
ightlife\\vendor\\laravel\\framework\\src\\Illuminate\\Container\\Container.php(785): Illuminate\\Routing\\RoutingServiceProvider->Illuminate\\Routing\\{closure}(Object(Illuminate\\Foundation\\Application), Array)
#2 C:\\Users\\PhantonM\\Documents\\Projetos\\Php\
ightlife\\vendor\\laravel\\framework\\src\\Illuminate\\Container\\Container.php(667): Illuminate\\Container\\Container->build(Object(Closure))
#3 C:\\Users\\PhantonM\\Documents\\Projetos\\Php\
ightlife\\vendor\\laravel\\framework\\src\\Illuminate\\Container\\Container.php(615): Illuminate\\Container\\Container->resolve('url', Array)
#4 C:\\Users\\PhantonM\\Documents\\Projetos\\Php\
ightlife\\vendor\\laravel\\framework\\src\\Illuminate\\Foundation\\Application.php(767): Illuminate\\Container\\Container->make('url', Array)
#5 C:\\Users\\PhantonM\\Documents\\Projetos\\Php\
ightlife\\vendor\\laravel\\framework\\src\\Illuminate\\Foundation\\helpers.php(121): Illuminate\\Foundation\\Application->make('url', Array)
#6 C:\\Users\\PhantonM\\Documents\\Projetos\\Php\
ightlife\\vendor\\laravel\\framework\\src\\Illuminate\\Foundation\\helpers.php(928): app('Illuminate\\\\Cont...')
#7 C:\\Users\\PhantonM\\Documents\\Projetos\\Php\
ightlife\\config\\adminlte.php(33): url('assets\\\\PainelAd...')
#8 C:\\Users\\PhantonM\\Documents\\Projetos\\Php\
ightlife\\vendor\\laravel\\framework\\src\\Illuminate\\Foundation\\Bootstrap\\LoadConfiguration.php(72): require('C:\\\\Users\\\\Phanto...')
#9 C:\\Users\\PhantonM\\Documents\\Projetos\\Php\
ightlife\\vendor\\laravel\\framework\\src\\Illuminate\\Foundation\\Bootstrap\\LoadConfiguration.php(39): Illuminate\\Foundation\\Bootstrap\\LoadConfiguration->loadConfigurationFiles(Object(Illuminate\\Foundation\\Application), Object(Illuminate\\Config\\Repository))
#10 C:\\Users\\PhantonM\\Documents\\Projetos\\Php\
ightlife\\vendor\\laravel\\framework\\src\\Illuminate\\Foundation\\Application.php(210): Illuminate\\Foundation\\Bootstrap\\LoadConfiguration->bootstrap(Object(Illuminate\\Foundation\\Application))
#11 C:\\Users\\PhantonM\\Documents\\Projetos\\Php\
ightlife\\vendor\\laravel\\framework\\src\\Illuminate\\Foundation\\Console\\Kernel.php(322): Illuminate\\Foundation\\Application->bootstrapWith(Array)
#12 C:\\Users\\PhantonM\\Documents\\Projetos\\Php\
ightlife\\vendor\\laravel\\framework\\src\\Illuminate\\Foundation\\Console\\Kernel.php(131): Illuminate\\Foundation\\Console\\Kernel->bootstrap()
#13 C:\\Users\\PhantonM\\Documents\\Projetos\\Php\
ightlife\\artisan(37): Illuminate\\Foundation\\Console\\Kernel->handle(Object(Symfony\\Component\\Console\\Input\\ArgvInput), Object(Symfony\\Component\\Console\\Output\\ConsoleOutput))
#14 {main}
"} 
[2019-10-19 16:29:46] laravel.EMERGENCY: Unable to create configured logger. Using emergency logger. {"exception":"[object] (InvalidArgumentException(code: 0): Log [] is not defined. at C:\\Users\\PhantonM\\Documents\\Projetos\\Php\
ightlife\\vendor\\laravel\\framework\\src\\Illuminate\\Log\\LogManager.php:168)
[stacktrace]
#0 C:\\Users\\PhantonM\\Documents\\Projetos\\Php\
ightlife\\vendor\\laravel\\framework\\src\\Illuminate\\Log\\LogManager.php(102): Illuminate\\Log\\LogManager->resolve(NULL)
#1 C:\\Users\\PhantonM\\Documents\\Projetos\\Php\
ightlife\\vendor\\laravel\\framework\\src\\Illuminate\\Log\\LogManager.php(90): Illuminate\\Log\\LogManager->get(NULL)
#2 C:\\Users\\PhantonM\\Documents\\Projetos\\Php\
ightlife\\vendor\\laravel\\framework\\src\\Illuminate\\Log\\LogManager.php(500): Illuminate\\Log\\LogManager->driver()
#3 C:\\Users\\PhantonM\\Documents\\Projetos\\Php\
ightlife\\vendor\\laravel\\framework\\src\\Illuminate\\Foundation\\Exceptions\\Handler.php(118): Illuminate\\Log\\LogManager->error('Argument 2 pass...', Array)
#4 C:\\Users\\PhantonM\\Documents\\Projetos\\Php\
ightlife\\app\\Exceptions\\Handler.php(37): Illuminate\\Foundation\\Exceptions\\Handler->report(Object(Symfony\\Component\\Debug\\Exception\\FatalThrowableError))
#5 C:\\Users\\PhantonM\\Documents\\Projetos\\Php\
ightlife\\vendor\\laravel\\framework\\src\\Illuminate\\Foundation\\Console\\Kernel.php(378): App\\Exceptions\\Handler->report(Object(Symfony\\Component\\Debug\\Exception\\FatalThrowableError))
#6 C:\\Users\\PhantonM\\Documents\\Projetos\\Php\
ightlife\\vendor\\laravel\\framework\\src\\Illuminate\\Foundation\\Console\\Kernel.php(143): Illuminate\\Foundation\\Console\\Kernel->reportException(Object(Symfony\\Component\\Debug\\Exception\\FatalThrowableError))
#7 C:\\Users\\PhantonM\\Documents\\Projetos\\Php\
ightlife\\artisan(37): Illuminate\\Foundation\\Console\\Kernel->handle(Object(Symfony\\Component\\Console\\Input\\ArgvInput), Object(Symfony\\Component\\Console\\Output\\ConsoleOutput))
#8 {main}
"} 
[2019-10-19 16:29:46] laravel.ERROR: Argument 2 passed to Illuminate\Routing\UrlGenerator::__construct() must be an instance of Illuminate\Http\Request, null given, called in C:\Users\PhantonM\Documents\Projetos\Php\nightlife\vendor\laravel\framework\src\Illuminate\Routing\RoutingServiceProvider.php on line 62 {"exception":"[object] (Symfony\\Component\\Debug\\Exception\\FatalThrowableError(code: 0): Argument 2 passed to Illuminate\\Routing\\UrlGenerator::__construct() must be an instance of Illuminate\\Http\\Request, null given, called in C:\\Users\\PhantonM\\Documents\\Projetos\\Php\
ightlife\\vendor\\laravel\\framework\\src\\Illuminate\\Routing\\RoutingServiceProvider.php on line 62 at C:\\Users\\PhantonM\\Documents\\Projetos\\Php\
ightlife\\vendor\\laravel\\framework\\src\\Illuminate\\Routing\\UrlGenerator.php:119)
[stacktrace]
#0 C:\\Users\\PhantonM\\Documents\\Projetos\\Php\
ightlife\\vendor\\laravel\\framework\\src\\Illuminate\\Routing\\RoutingServiceProvider.php(62): Illuminate\\Routing\\UrlGenerator->__construct(Object(Illuminate\\Routing\\RouteCollection), NULL, NULL)
#1 C:\\Users\\PhantonM\\Documents\\Projetos\\Php\
ightlife\\vendor\\laravel\\framework\\src\\Illuminate\\Container\\Container.php(785): Illuminate\\Routing\\RoutingServiceProvider->Illuminate\\Routing\\{closure}(Object(Illuminate\\Foundation\\Application), Array)
#2 C:\\Users\\PhantonM\\Documents\\Projetos\\Php\
ightlife\\vendor\\laravel\\framework\\src\\Illuminate\\Container\\Container.php(667): Illuminate\\Container\\Container->build(Object(Closure))
#3 C:\\Users\\PhantonM\\Documents\\Projetos\\Php\
ightlife\\vendor\\laravel\\framework\\src\\Illuminate\\Container\\Container.php(615): Illuminate\\Container\\Container->resolve('url', Array)
#4 C:\\Users\\PhantonM\\Documents\\Projetos\\Php\
ightlife\\vendor\\laravel\\framework\\src\\Illuminate\\Foundation\\Application.php(767): Illuminate\\Container\\Container->make('url', Array)
#5 C:\\Users\\PhantonM\\Documents\\Projetos\\Php\
ightlife\\vendor\\laravel\\framework\\src\\Illuminate\\Foundation\\helpers.php(121): Illuminate\\Foundation\\Application->make('url', Array)
#6 C:\\Users\\PhantonM\\Documents\\Projetos\\Php\
ightlife\\vendor\\laravel\\framework\\src\\Illuminate\\Foundation\\helpers.php(928): app('Illuminate\\\\Cont...')
#7 C:\\Users\\PhantonM\\Documents\\Projetos\\Php\
ightlife\\config\\adminlte.php(33): url('assets\\\\PainelAd...')
#8 C:\\Users\\PhantonM\\Documents\\Projetos\\Php\
ightlife\\vendor\\laravel\\framework\\src\\Illuminate\\Foundation\\Bootstrap\\LoadConfiguration.php(72): require('C:\\\\Users\\\\Phanto...')
#9 C:\\Users\\PhantonM\\Documents\\Projetos\\Php\
ightlife\\vendor\\laravel\\framework\\src\\Illuminate\\Foundation\\Bootstrap\\LoadConfiguration.php(39): Illuminate\\Foundation\\Bootstrap\\LoadConfiguration->loadConfigurationFiles(Object(Illuminate\\Foundation\\Application), Object(Illuminate\\Config\\Repository))
#10 C:\\Users\\PhantonM\\Documents\\Projetos\\Php\
ightlife\\vendor\\laravel\\framework\\src\\Illuminate\\Foundation\\Application.php(210): Illuminate\\Foundation\\Bootstrap\\LoadConfiguration->bootstrap(Object(Illuminate\\Foundation\\Application))
#11 C:\\Users\\PhantonM\\Documents\\Projetos\\Php\
ightlife\\vendor\\laravel\\framework\\src\\Illuminate\\Foundation\\Console\\Kernel.php(322): Illuminate\\Foundation\\Application->bootstrapWith(Array)
#12 C:\\Users\\PhantonM\\Documents\\Projetos\\Php\
ightlife\\vendor\\laravel\\framework\\src\\Illuminate\\Foundation\\Console\\Kernel.php(131): Illuminate\\Foundation\\Console\\Kernel->bootstrap()
#13 C:\\Users\\PhantonM\\Documents\\Projetos\\Php\
ightlife\\artisan(37): Illuminate\\Foundation\\Console\\Kernel->handle(Object(Symfony\\Component\\Console\\Input\\ArgvInput), Object(Symfony\\Component\\Console\\Output\\ConsoleOutput))
#14 {main}
"} 
[2019-10-19 16:32:50] laravel.EMERGENCY: Unable to create configured logger. Using emergency logger. {"exception":"[object] (InvalidArgumentException(code: 0): Log [] is not defined. at C:\\Users\\PhantonM\\Documents\\Projetos\\Php\
ightlife\\vendor\\laravel\\framework\\src\\Illuminate\\Log\\LogManager.php:168)
[stacktrace]
#0 C:\\Users\\PhantonM\\Documents\\Projetos\\Php\
ightlife\\vendor\\laravel\\framework\\src\\Illuminate\\Log\\LogManager.php(102): Illuminate\\Log\\LogManager->resolve(NULL)
#1 C:\\Users\\PhantonM\\Documents\\Projetos\\Php\
ightlife\\vendor\\laravel\\framework\\src\\Illuminate\\Log\\LogManager.php(90): Illuminate\\Log\\LogManager->get(NULL)
#2 C:\\Users\\PhantonM\\Documents\\Projetos\\Php\
ightlife\\vendor\\laravel\\framework\\src\\Illuminate\\Log\\LogManager.php(500): Illuminate\\Log\\LogManager->driver()
#3 C:\\Users\\PhantonM\\Documents\\Projetos\\Php\
ightlife\\vendor\\laravel\\framework\\src\\Illuminate\\Foundation\\Exceptions\\Handler.php(118): Illuminate\\Log\\LogManager->error('Argument 2 pass...', Array)
#4 C:\\Users\\PhantonM\\Documents\\Projetos\\Php\
ightlife\\app\\Exceptions\\Handler.php(37): Illuminate\\Foundation\\Exceptions\\Handler->report(Object(Symfony\\Component\\Debug\\Exception\\FatalThrowableError))
#5 C:\\Users\\PhantonM\\Documents\\Projetos\\Php\
ightlife\\vendor\\laravel\\framework\\src\\Illuminate\\Foundation\\Console\\Kernel.php(378): App\\Exceptions\\Handler->report(Object(Symfony\\Component\\Debug\\Exception\\FatalThrowableError))
#6 C:\\Users\\PhantonM\\Documents\\Projetos\\Php\
ightlife\\vendor\\laravel\\framework\\src\\Illuminate\\Foundation\\Console\\Kernel.php(143): Illuminate\\Foundation\\Console\\Kernel->reportException(Object(Symfony\\Component\\Debug\\Exception\\FatalThrowableError))
#7 C:\\Users\\PhantonM\\Documents\\Projetos\\Php\
ightlife\\artisan(37): Illuminate\\Foundation\\Console\\Kernel->handle(Object(Symfony\\Component\\Console\\Input\\ArgvInput), Object(Symfony\\Component\\Console\\Output\\ConsoleOutput))
#8 {main}
"} 
[2019-10-19 16:32:50] laravel.ERROR: Argument 2 passed to Illuminate\Routing\UrlGenerator::__construct() must be an instance of Illuminate\Http\Request, null given, called in C:\Users\PhantonM\Documents\Projetos\Php\nightlife\vendor\laravel\framework\src\Illuminate\Routing\RoutingServiceProvider.php on line 62 {"exception":"[object] (Symfony\\Component\\Debug\\Exception\\FatalThrowableError(code: 0): Argument 2 passed to Illuminate\\Routing\\UrlGenerator::__construct() must be an instance of Illuminate\\Http\\Request, null given, called in C:\\Users\\PhantonM\\Documents\\Projetos\\Php\
ightlife\\vendor\\laravel\\framework\\src\\Illuminate\\Routing\\RoutingServiceProvider.php on line 62 at C:\\Users\\PhantonM\\Documents\\Projetos\\Php\
ightlife\\vendor\\laravel\\framework\\src\\Illuminate\\Routing\\UrlGenerator.php:119)
[stacktrace]
#0 C:\\Users\\PhantonM\\Documents\\Projetos\\Php\
ightlife\\vendor\\laravel\\framework\\src\\Illuminate\\Routing\\RoutingServiceProvider.php(62): Illuminate\\Routing\\UrlGenerator->__construct(Object(Illuminate\\Routing\\RouteCollection), NULL, NULL)
#1 C:\\Users\\PhantonM\\Documents\\Projetos\\Php\
ightlife\\vendor\\laravel\\framework\\src\\Illuminate\\Container\\Container.php(785): Illuminate\\Routing\\RoutingServiceProvider->Illuminate\\Routing\\{closure}(Object(Illuminate\\Foundation\\Application), Array)
#2 C:\\Users\\PhantonM\\Documents\\Projetos\\Php\
ightlife\\vendor\\laravel\\framework\\src\\Illuminate\\Container\\Container.php(667): Illuminate\\Container\\Container->build(Object(Closure))
#3 C:\\Users\\PhantonM\\Documents\\Projetos\\Php\
ightlife\\vendor\\laravel\\framework\\src\\Illuminate\\Container\\Container.php(615): Illuminate\\Container\\Container->resolve('url', Array)
#4 C:\\Users\\PhantonM\\Documents\\Projetos\\Php\
ightlife\\vendor\\laravel\\framework\\src\\Illuminate\\Foundation\\Application.php(767): Illuminate\\Container\\Container->make('url', Array)
#5 C:\\Users\\PhantonM\\Documents\\Projetos\\Php\
ightlife\\vendor\\laravel\\framework\\src\\Illuminate\\Foundation\\helpers.php(121): Illuminate\\Foundation\\Application->make('url', Array)
#6 C:\\Users\\PhantonM\\Documents\\Projetos\\Php\
ightlife\\vendor\\laravel\\framework\\src\\Illuminate\\Foundation\\helpers.php(928): app('Illuminate\\\\Cont...')
#7 C:\\Users\\PhantonM\\Documents\\Projetos\\Php\
ightlife\\config\\adminlte.php(33): url('assets\\\\PainelAd...')
#8 C:\\Users\\PhantonM\\Documents\\Projetos\\Php\
ightlife\\vendor\\laravel\\framework\\src\\Illuminate\\Foundation\\Bootstrap\\LoadConfiguration.php(72): require('C:\\\\Users\\\\Phanto...')
#9 C:\\Users\\PhantonM\\Documents\\Projetos\\Php\
ightlife\\vendor\\laravel\\framework\\src\\Illuminate\\Foundation\\Bootstrap\\LoadConfiguration.php(39): Illuminate\\Foundation\\Bootstrap\\LoadConfiguration->loadConfigurationFiles(Object(Illuminate\\Foundation\\Application), Object(Illuminate\\Config\\Repository))
#10 C:\\Users\\PhantonM\\Documents\\Projetos\\Php\
ightlife\\vendor\\laravel\\framework\\src\\Illuminate\\Foundation\\Application.php(210): Illuminate\\Foundation\\Bootstrap\\LoadConfiguration->bootstrap(Object(Illuminate\\Foundation\\Application))
#11 C:\\Users\\PhantonM\\Documents\\Projetos\\Php\
ightlife\\vendor\\laravel\\framework\\src\\Illuminate\\Foundation\\Console\\Kernel.php(322): Illuminate\\Foundation\\Application->bootstrapWith(Array)
#12 C:\\Users\\PhantonM\\Documents\\Projetos\\Php\
ightlife\\vendor\\laravel\\framework\\src\\Illuminate\\Foundation\\Console\\Kernel.php(131): Illuminate\\Foundation\\Console\\Kernel->bootstrap()
#13 C:\\Users\\PhantonM\\Documents\\Projetos\\Php\
ightlife\\artisan(37): Illuminate\\Foundation\\Console\\Kernel->handle(Object(Symfony\\Component\\Console\\Input\\ArgvInput), Object(Symfony\\Component\\Console\\Output\\ConsoleOutput))
#14 {main}
"} 
[2019-10-19 16:32:57] laravel.EMERGENCY: Unable to create configured logger. Using emergency logger. {"exception":"[object] (InvalidArgumentException(code: 0): Log [] is not defined. at C:\\Users\\PhantonM\\Documents\\Projetos\\Php\
ightlife\\vendor\\laravel\\framework\\src\\Illuminate\\Log\\LogManager.php:168)
[stacktrace]
#0 C:\\Users\\PhantonM\\Documents\\Projetos\\Php\
ightlife\\vendor\\laravel\\framework\\src\\Illuminate\\Log\\LogManager.php(102): Illuminate\\Log\\LogManager->resolve(NULL)
#1 C:\\Users\\PhantonM\\Documents\\Projetos\\Php\
ightlife\\vendor\\laravel\\framework\\src\\Illuminate\\Log\\LogManager.php(90): Illuminate\\Log\\LogManager->get(NULL)
#2 C:\\Users\\PhantonM\\Documents\\Projetos\\Php\
ightlife\\vendor\\laravel\\framework\\src\\Illuminate\\Log\\LogManager.php(500): Illuminate\\Log\\LogManager->driver()
#3 C:\\Users\\PhantonM\\Documents\\Projetos\\Php\
ightlife\\vendor\\laravel\\framework\\src\\Illuminate\\Foundation\\Exceptions\\Handler.php(118): Illuminate\\Log\\LogManager->error('Argument 2 pass...', Array)
#4 C:\\Users\\PhantonM\\Documents\\Projetos\\Php\
ightlife\\app\\Exceptions\\Handler.php(37): Illuminate\\Foundation\\Exceptions\\Handler->report(Object(Symfony\\Component\\Debug\\Exception\\FatalThrowableError))
#5 C:\\Users\\PhantonM\\Documents\\Projetos\\Php\
ightlife\\vendor\\laravel\\framework\\src\\Illuminate\\Foundation\\Console\\Kernel.php(378): App\\Exceptions\\Handler->report(Object(Symfony\\Component\\Debug\\Exception\\FatalThrowableError))
#6 C:\\Users\\PhantonM\\Documents\\Projetos\\Php\
ightlife\\vendor\\laravel\\framework\\src\\Illuminate\\Foundation\\Console\\Kernel.php(143): Illuminate\\Foundation\\Console\\Kernel->reportException(Object(Symfony\\Component\\Debug\\Exception\\FatalThrowableError))
#7 C:\\Users\\PhantonM\\Documents\\Projetos\\Php\
ightlife\\artisan(37): Illuminate\\Foundation\\Console\\Kernel->handle(Object(Symfony\\Component\\Console\\Input\\ArgvInput), Object(Symfony\\Component\\Console\\Output\\ConsoleOutput))
#8 {main}
"} 
[2019-10-19 16:32:57] laravel.ERROR: Argument 2 passed to Illuminate\Routing\UrlGenerator::__construct() must be an instance of Illuminate\Http\Request, null given, called in C:\Users\PhantonM\Documents\Projetos\Php\nightlife\vendor\laravel\framework\src\Illuminate\Routing\RoutingServiceProvider.php on line 62 {"exception":"[object] (Symfony\\Component\\Debug\\Exception\\FatalThrowableError(code: 0): Argument 2 passed to Illuminate\\Routing\\UrlGenerator::__construct() must be an instance of Illuminate\\Http\\Request, null given, called in C:\\Users\\PhantonM\\Documents\\Projetos\\Php\
ightlife\\vendor\\laravel\\framework\\src\\Illuminate\\Routing\\RoutingServiceProvider.php on line 62 at C:\\Users\\PhantonM\\Documents\\Projetos\\Php\
ightlife\\vendor\\laravel\\framework\\src\\Illuminate\\Routing\\UrlGenerator.php:119)
[stacktrace]
#0 C:\\Users\\PhantonM\\Documents\\Projetos\\Php\
ightlife\\vendor\\laravel\\framework\\src\\Illuminate\\Routing\\RoutingServiceProvider.php(62): Illuminate\\Routing\\UrlGenerator->__construct(Object(Illuminate\\Routing\\RouteCollection), NULL, NULL)
#1 C:\\Users\\PhantonM\\Documents\\Projetos\\Php\
ightlife\\vendor\\laravel\\framework\\src\\Illuminate\\Container\\Container.php(785): Illuminate\\Routing\\RoutingServiceProvider->Illuminate\\Routing\\{closure}(Object(Illuminate\\Foundation\\Application), Array)
#2 C:\\Users\\PhantonM\\Documents\\Projetos\\Php\
ightlife\\vendor\\laravel\\framework\\src\\Illuminate\\Container\\Container.php(667): Illuminate\\Container\\Container->build(Object(Closure))
#3 C:\\Users\\PhantonM\\Documents\\Projetos\\Php\
ightlife\\vendor\\laravel\\framework\\src\\Illuminate\\Container\\Container.php(615): Illuminate\\Container\\Container->resolve('url', Array)
#4 C:\\Users\\PhantonM\\Documents\\Projetos\\Php\
ightlife\\vendor\\laravel\\framework\\src\\Illuminate\\Foundation\\Application.php(767): Illuminate\\Container\\Container->make('url', Array)
#5 C:\\Users\\PhantonM\\Documents\\Projetos\\Php\
ightlife\\vendor\\laravel\\framework\\src\\Illuminate\\Foundation\\helpers.php(121): Illuminate\\Foundation\\Application->make('url', Array)
#6 C:\\Users\\PhantonM\\Documents\\Projetos\\Php\
ightlife\\vendor\\laravel\\framework\\src\\Illuminate\\Foundation\\helpers.php(928): app('Illuminate\\\\Cont...')
#7 C:\\Users\\PhantonM\\Documents\\Projetos\\Php\
ightlife\\config\\adminlte.php(33): url('assets\\\\PainelAd...')
#8 C:\\Users\\PhantonM\\Documents\\Projetos\\Php\
ightlife\\vendor\\laravel\\framework\\src\\Illuminate\\Foundation\\Bootstrap\\LoadConfiguration.php(72): require('C:\\\\Users\\\\Phanto...')
#9 C:\\Users\\PhantonM\\Documents\\Projetos\\Php\
ightlife\\vendor\\laravel\\framework\\src\\Illuminate\\Foundation\\Bootstrap\\LoadConfiguration.php(39): Illuminate\\Foundation\\Bootstrap\\LoadConfiguration->loadConfigurationFiles(Object(Illuminate\\Foundation\\Application), Object(Illuminate\\Config\\Repository))
#10 C:\\Users\\PhantonM\\Documents\\Projetos\\Php\
ightlife\\vendor\\laravel\\framework\\src\\Illuminate\\Foundation\\Application.php(210): Illuminate\\Foundation\\Bootstrap\\LoadConfiguration->bootstrap(Object(Illuminate\\Foundation\\Application))
#11 C:\\Users\\PhantonM\\Documents\\Projetos\\Php\
ightlife\\vendor\\laravel\\framework\\src\\Illuminate\\Foundation\\Console\\Kernel.php(322): Illuminate\\Foundation\\Application->bootstrapWith(Array)
#12 C:\\Users\\PhantonM\\Documents\\Projetos\\Php\
ightlife\\vendor\\laravel\\framework\\src\\Illuminate\\Foundation\\Console\\Kernel.php(131): Illuminate\\Foundation\\Console\\Kernel->bootstrap()
#13 C:\\Users\\PhantonM\\Documents\\Projetos\\Php\
ightlife\\artisan(37): Illuminate\\Foundation\\Console\\Kernel->handle(Object(Symfony\\Component\\Console\\Input\\ArgvInput), Object(Symfony\\Component\\Console\\Output\\ConsoleOutput))
#14 {main}
"} 
[2019-10-19 16:37:33] laravel.EMERGENCY: Unable to create configured logger. Using emergency logger. {"exception":"[object] (InvalidArgumentException(code: 0): Log [] is not defined. at C:\\Users\\PhantonM\\Documents\\Projetos\\Php\
ightlife\\vendor\\laravel\\framework\\src\\Illuminate\\Log\\LogManager.php:168)
[stacktrace]
#0 C:\\Users\\PhantonM\\Documents\\Projetos\\Php\
ightlife\\vendor\\laravel\\framework\\src\\Illuminate\\Log\\LogManager.php(102): Illuminate\\Log\\LogManager->resolve(NULL)
#1 C:\\Users\\PhantonM\\Documents\\Projetos\\Php\
ightlife\\vendor\\laravel\\framework\\src\\Illuminate\\Log\\LogManager.php(90): Illuminate\\Log\\LogManager->get(NULL)
#2 C:\\Users\\PhantonM\\Documents\\Projetos\\Php\
ightlife\\vendor\\laravel\\framework\\src\\Illuminate\\Log\\LogManager.php(500): Illuminate\\Log\\LogManager->driver()
#3 C:\\Users\\PhantonM\\Documents\\Projetos\\Php\
ightlife\\vendor\\laravel\\framework\\src\\Illuminate\\Foundation\\Exceptions\\Handler.php(118): Illuminate\\Log\\LogManager->error('Argument 2 pass...', Array)
#4 C:\\Users\\PhantonM\\Documents\\Projetos\\Php\
ightlife\\app\\Exceptions\\Handler.php(37): Illuminate\\Foundation\\Exceptions\\Handler->report(Object(Symfony\\Component\\Debug\\Exception\\FatalThrowableError))
#5 C:\\Users\\PhantonM\\Documents\\Projetos\\Php\
ightlife\\vendor\\laravel\\framework\\src\\Illuminate\\Foundation\\Console\\Kernel.php(378): App\\Exceptions\\Handler->report(Object(Symfony\\Component\\Debug\\Exception\\FatalThrowableError))
#6 C:\\Users\\PhantonM\\Documents\\Projetos\\Php\
ightlife\\vendor\\laravel\\framework\\src\\Illuminate\\Foundation\\Console\\Kernel.php(143): Illuminate\\Foundation\\Console\\Kernel->reportException(Object(Symfony\\Component\\Debug\\Exception\\FatalThrowableError))
#7 C:\\Users\\PhantonM\\Documents\\Projetos\\Php\
ightlife\\artisan(37): Illuminate\\Foundation\\Console\\Kernel->handle(Object(Symfony\\Component\\Console\\Input\\ArgvInput), Object(Symfony\\Component\\Console\\Output\\ConsoleOutput))
#8 {main}
"} 
[2019-10-19 16:37:33] laravel.ERROR: Argument 2 passed to Illuminate\Routing\UrlGenerator::__construct() must be an instance of Illuminate\Http\Request, null given, called in C:\Users\PhantonM\Documents\Projetos\Php\nightlife\vendor\laravel\framework\src\Illuminate\Routing\RoutingServiceProvider.php on line 62 {"exception":"[object] (Symfony\\Component\\Debug\\Exception\\FatalThrowableError(code: 0): Argument 2 passed to Illuminate\\Routing\\UrlGenerator::__construct() must be an instance of Illuminate\\Http\\Request, null given, called in C:\\Users\\PhantonM\\Documents\\Projetos\\Php\
ightlife\\vendor\\laravel\\framework\\src\\Illuminate\\Routing\\RoutingServiceProvider.php on line 62 at C:\\Users\\PhantonM\\Documents\\Projetos\\Php\
ightlife\\vendor\\laravel\\framework\\src\\Illuminate\\Routing\\UrlGenerator.php:119)
[stacktrace]
#0 C:\\Users\\PhantonM\\Documents\\Projetos\\Php\
ightlife\\vendor\\laravel\\framework\\src\\Illuminate\\Routing\\RoutingServiceProvider.php(62): Illuminate\\Routing\\UrlGenerator->__construct(Object(Illuminate\\Routing\\RouteCollection), NULL, NULL)
#1 C:\\Users\\PhantonM\\Documents\\Projetos\\Php\
ightlife\\vendor\\laravel\\framework\\src\\Illuminate\\Container\\Container.php(785): Illuminate\\Routing\\RoutingServiceProvider->Illuminate\\Routing\\{closure}(Object(Illuminate\\Foundation\\Application), Array)
#2 C:\\Users\\PhantonM\\Documents\\Projetos\\Php\
ightlife\\vendor\\laravel\\framework\\src\\Illuminate\\Container\\Container.php(667): Illuminate\\Container\\Container->build(Object(Closure))
#3 C:\\Users\\PhantonM\\Documents\\Projetos\\Php\
ightlife\\vendor\\laravel\\framework\\src\\Illuminate\\Container\\Container.php(615): Illuminate\\Container\\Container->resolve('url', Array)
#4 C:\\Users\\PhantonM\\Documents\\Projetos\\Php\
ightlife\\vendor\\laravel\\framework\\src\\Illuminate\\Foundation\\Application.php(767): Illuminate\\Container\\Container->make('url', Array)
#5 C:\\Users\\PhantonM\\Documents\\Projetos\\Php\
ightlife\\vendor\\laravel\\framework\\src\\Illuminate\\Foundation\\helpers.php(121): Illuminate\\Foundation\\Application->make('url', Array)
#6 C:\\Users\\PhantonM\\Documents\\Projetos\\Php\
ightlife\\vendor\\laravel\\framework\\src\\Illuminate\\Foundation\\helpers.php(928): app('Illuminate\\\\Cont...')
#7 C:\\Users\\PhantonM\\Documents\\Projetos\\Php\
ightlife\\config\\adminlte.php(33): url('assets\\\\PainelAd...')
#8 C:\\Users\\PhantonM\\Documents\\Projetos\\Php\
ightlife\\vendor\\laravel\\framework\\src\\Illuminate\\Foundation\\Bootstrap\\LoadConfiguration.php(72): require('C:\\\\Users\\\\Phanto...')
#9 C:\\Users\\PhantonM\\Documents\\Projetos\\Php\
ightlife\\vendor\\laravel\\framework\\src\\Illuminate\\Foundation\\Bootstrap\\LoadConfiguration.php(39): Illuminate\\Foundation\\Bootstrap\\LoadConfiguration->loadConfigurationFiles(Object(Illuminate\\Foundation\\Application), Object(Illuminate\\Config\\Repository))
#10 C:\\Users\\PhantonM\\Documents\\Projetos\\Php\
ightlife\\vendor\\laravel\\framework\\src\\Illuminate\\Foundation\\Application.php(210): Illuminate\\Foundation\\Bootstrap\\LoadConfiguration->bootstrap(Object(Illuminate\\Foundation\\Application))
#11 C:\\Users\\PhantonM\\Documents\\Projetos\\Php\
ightlife\\vendor\\laravel\\framework\\src\\Illuminate\\Foundation\\Console\\Kernel.php(322): Illuminate\\Foundation\\Application->bootstrapWith(Array)
#12 C:\\Users\\PhantonM\\Documents\\Projetos\\Php\
ightlife\\vendor\\laravel\\framework\\src\\Illuminate\\Foundation\\Console\\Kernel.php(131): Illuminate\\Foundation\\Console\\Kernel->bootstrap()
#13 C:\\Users\\PhantonM\\Documents\\Projetos\\Php\
ightlife\\artisan(37): Illuminate\\Foundation\\Console\\Kernel->handle(Object(Symfony\\Component\\Console\\Input\\ArgvInput), Object(Symfony\\Component\\Console\\Output\\ConsoleOutput))
#14 {main}
"} 
[2019-10-19 16:37:55] laravel.EMERGENCY: Unable to create configured logger. Using emergency logger. {"exception":"[object] (InvalidArgumentException(code: 0): Log [] is not defined. at C:\\Users\\PhantonM\\Documents\\Projetos\\Php\
ightlife\\vendor\\laravel\\framework\\src\\Illuminate\\Log\\LogManager.php:168)
[stacktrace]
#0 C:\\Users\\PhantonM\\Documents\\Projetos\\Php\
ightlife\\vendor\\laravel\\framework\\src\\Illuminate\\Log\\LogManager.php(102): Illuminate\\Log\\LogManager->resolve(NULL)
#1 C:\\Users\\PhantonM\\Documents\\Projetos\\Php\
ightlife\\vendor\\laravel\\framework\\src\\Illuminate\\Log\\LogManager.php(90): Illuminate\\Log\\LogManager->get(NULL)
#2 C:\\Users\\PhantonM\\Documents\\Projetos\\Php\
ightlife\\vendor\\laravel\\framework\\src\\Illuminate\\Log\\LogManager.php(500): Illuminate\\Log\\LogManager->driver()
#3 C:\\Users\\PhantonM\\Documents\\Projetos\\Php\
ightlife\\vendor\\laravel\\framework\\src\\Illuminate\\Foundation\\Exceptions\\Handler.php(118): Illuminate\\Log\\LogManager->error('Argument 2 pass...', Array)
#4 C:\\Users\\PhantonM\\Documents\\Projetos\\Php\
ightlife\\app\\Exceptions\\Handler.php(37): Illuminate\\Foundation\\Exceptions\\Handler->report(Object(Symfony\\Component\\Debug\\Exception\\FatalThrowableError))
#5 C:\\Users\\PhantonM\\Documents\\Projetos\\Php\
ightlife\\vendor\\laravel\\framework\\src\\Illuminate\\Foundation\\Console\\Kernel.php(378): App\\Exceptions\\Handler->report(Object(Symfony\\Component\\Debug\\Exception\\FatalThrowableError))
#6 C:\\Users\\PhantonM\\Documents\\Projetos\\Php\
ightlife\\vendor\\laravel\\framework\\src\\Illuminate\\Foundation\\Console\\Kernel.php(143): Illuminate\\Foundation\\Console\\Kernel->reportException(Object(Symfony\\Component\\Debug\\Exception\\FatalThrowableError))
#7 C:\\Users\\PhantonM\\Documents\\Projetos\\Php\
ightlife\\artisan(37): Illuminate\\Foundation\\Console\\Kernel->handle(Object(Symfony\\Component\\Console\\Input\\ArgvInput), Object(Symfony\\Component\\Console\\Output\\ConsoleOutput))
#8 {main}
"} 
[2019-10-19 16:37:55] laravel.ERROR: Argument 2 passed to Illuminate\Routing\UrlGenerator::__construct() must be an instance of Illuminate\Http\Request, null given, called in C:\Users\PhantonM\Documents\Projetos\Php\nightlife\vendor\laravel\framework\src\Illuminate\Routing\RoutingServiceProvider.php on line 62 {"exception":"[object] (Symfony\\Component\\Debug\\Exception\\FatalThrowableError(code: 0): Argument 2 passed to Illuminate\\Routing\\UrlGenerator::__construct() must be an instance of Illuminate\\Http\\Request, null given, called in C:\\Users\\PhantonM\\Documents\\Projetos\\Php\
ightlife\\vendor\\laravel\\framework\\src\\Illuminate\\Routing\\RoutingServiceProvider.php on line 62 at C:\\Users\\PhantonM\\Documents\\Projetos\\Php\
ightlife\\vendor\\laravel\\framework\\src\\Illuminate\\Routing\\UrlGenerator.php:119)
[stacktrace]
#0 C:\\Users\\PhantonM\\Documents\\Projetos\\Php\
ightlife\\vendor\\laravel\\framework\\src\\Illuminate\\Routing\\RoutingServiceProvider.php(62): Illuminate\\Routing\\UrlGenerator->__construct(Object(Illuminate\\Routing\\RouteCollection), NULL, NULL)
#1 C:\\Users\\PhantonM\\Documents\\Projetos\\Php\
ightlife\\vendor\\laravel\\framework\\src\\Illuminate\\Container\\Container.php(785): Illuminate\\Routing\\RoutingServiceProvider->Illuminate\\Routing\\{closure}(Object(Illuminate\\Foundation\\Application), Array)
#2 C:\\Users\\PhantonM\\Documents\\Projetos\\Php\
ightlife\\vendor\\laravel\\framework\\src\\Illuminate\\Container\\Container.php(667): Illuminate\\Container\\Container->build(Object(Closure))
#3 C:\\Users\\PhantonM\\Documents\\Projetos\\Php\
ightlife\\vendor\\laravel\\framework\\src\\Illuminate\\Container\\Container.php(615): Illuminate\\Container\\Container->resolve('url', Array)
#4 C:\\Users\\PhantonM\\Documents\\Projetos\\Php\
ightlife\\vendor\\laravel\\framework\\src\\Illuminate\\Foundation\\Application.php(767): Illuminate\\Container\\Container->make('url', Array)
#5 C:\\Users\\PhantonM\\Documents\\Projetos\\Php\
ightlife\\vendor\\laravel\\framework\\src\\Illuminate\\Foundation\\helpers.php(121): Illuminate\\Foundation\\Application->make('url', Array)
#6 C:\\Users\\PhantonM\\Documents\\Projetos\\Php\
ightlife\\vendor\\laravel\\framework\\src\\Illuminate\\Foundation\\helpers.php(928): app('Illuminate\\\\Cont...')
#7 C:\\Users\\PhantonM\\Documents\\Projetos\\Php\
ightlife\\config\\adminlte.php(33): url('assets\\\\PainelAd...')
#8 C:\\Users\\PhantonM\\Documents\\Projetos\\Php\
ightlife\\vendor\\laravel\\framework\\src\\Illuminate\\Foundation\\Bootstrap\\LoadConfiguration.php(72): require('C:\\\\Users\\\\Phanto...')
#9 C:\\Users\\PhantonM\\Documents\\Projetos\\Php\
ightlife\\vendor\\laravel\\framework\\src\\Illuminate\\Foundation\\Bootstrap\\LoadConfiguration.php(39): Illuminate\\Foundation\\Bootstrap\\LoadConfiguration->loadConfigurationFiles(Object(Illuminate\\Foundation\\Application), Object(Illuminate\\Config\\Repository))
#10 C:\\Users\\PhantonM\\Documents\\Projetos\\Php\
ightlife\\vendor\\laravel\\framework\\src\\Illuminate\\Foundation\\Application.php(210): Illuminate\\Foundation\\Bootstrap\\LoadConfiguration->bootstrap(Object(Illuminate\\Foundation\\Application))
#11 C:\\Users\\PhantonM\\Documents\\Projetos\\Php\
ightlife\\vendor\\laravel\\framework\\src\\Illuminate\\Foundation\\Console\\Kernel.php(322): Illuminate\\Foundation\\Application->bootstrapWith(Array)
#12 C:\\Users\\PhantonM\\Documents\\Projetos\\Php\
ightlife\\vendor\\laravel\\framework\\src\\Illuminate\\Foundation\\Console\\Kernel.php(131): Illuminate\\Foundation\\Console\\Kernel->bootstrap()
#13 C:\\Users\\PhantonM\\Documents\\Projetos\\Php\
ightlife\\artisan(37): Illuminate\\Foundation\\Console\\Kernel->handle(Object(Symfony\\Component\\Console\\Input\\ArgvInput), Object(Symfony\\Component\\Console\\Output\\ConsoleOutput))
#14 {main}
"} 
[2019-10-19 16:38:13] laravel.EMERGENCY: Unable to create configured logger. Using emergency logger. {"exception":"[object] (InvalidArgumentException(code: 0): Log [] is not defined. at C:\\Users\\PhantonM\\Documents\\Projetos\\Php\
ightlife\\vendor\\laravel\\framework\\src\\Illuminate\\Log\\LogManager.php:168)
[stacktrace]
#0 C:\\Users\\PhantonM\\Documents\\Projetos\\Php\
ightlife\\vendor\\laravel\\framework\\src\\Illuminate\\Log\\LogManager.php(102): Illuminate\\Log\\LogManager->resolve(NULL)
#1 C:\\Users\\PhantonM\\Documents\\Projetos\\Php\
ightlife\\vendor\\laravel\\framework\\src\\Illuminate\\Log\\LogManager.php(90): Illuminate\\Log\\LogManager->get(NULL)
#2 C:\\Users\\PhantonM\\Documents\\Projetos\\Php\
ightlife\\vendor\\laravel\\framework\\src\\Illuminate\\Log\\LogManager.php(500): Illuminate\\Log\\LogManager->driver()
#3 C:\\Users\\PhantonM\\Documents\\Projetos\\Php\
ightlife\\vendor\\laravel\\framework\\src\\Illuminate\\Foundation\\Exceptions\\Handler.php(118): Illuminate\\Log\\LogManager->error('Argument 2 pass...', Array)
#4 C:\\Users\\PhantonM\\Documents\\Projetos\\Php\
ightlife\\app\\Exceptions\\Handler.php(37): Illuminate\\Foundation\\Exceptions\\Handler->report(Object(Symfony\\Component\\Debug\\Exception\\FatalThrowableError))
#5 C:\\Users\\PhantonM\\Documents\\Projetos\\Php\
ightlife\\vendor\\laravel\\framework\\src\\Illuminate\\Foundation\\Console\\Kernel.php(378): App\\Exceptions\\Handler->report(Object(Symfony\\Component\\Debug\\Exception\\FatalThrowableError))
#6 C:\\Users\\PhantonM\\Documents\\Projetos\\Php\
ightlife\\vendor\\laravel\\framework\\src\\Illuminate\\Foundation\\Console\\Kernel.php(143): Illuminate\\Foundation\\Console\\Kernel->reportException(Object(Symfony\\Component\\Debug\\Exception\\FatalThrowableError))
#7 C:\\Users\\PhantonM\\Documents\\Projetos\\Php\
ightlife\\artisan(37): Illuminate\\Foundation\\Console\\Kernel->handle(Object(Symfony\\Component\\Console\\Input\\ArgvInput), Object(Symfony\\Component\\Console\\Output\\ConsoleOutput))
#8 {main}
"} 
[2019-10-19 16:38:13] laravel.ERROR: Argument 2 passed to Illuminate\Routing\UrlGenerator::__construct() must be an instance of Illuminate\Http\Request, null given, called in C:\Users\PhantonM\Documents\Projetos\Php\nightlife\vendor\laravel\framework\src\Illuminate\Routing\RoutingServiceProvider.php on line 62 {"exception":"[object] (Symfony\\Component\\Debug\\Exception\\FatalThrowableError(code: 0): Argument 2 passed to Illuminate\\Routing\\UrlGenerator::__construct() must be an instance of Illuminate\\Http\\Request, null given, called in C:\\Users\\PhantonM\\Documents\\Projetos\\Php\
ightlife\\vendor\\laravel\\framework\\src\\Illuminate\\Routing\\RoutingServiceProvider.php on line 62 at C:\\Users\\PhantonM\\Documents\\Projetos\\Php\
ightlife\\vendor\\laravel\\framework\\src\\Illuminate\\Routing\\UrlGenerator.php:119)
[stacktrace]
#0 C:\\Users\\PhantonM\\Documents\\Projetos\\Php\
ightlife\\vendor\\laravel\\framework\\src\\Illuminate\\Routing\\RoutingServiceProvider.php(62): Illuminate\\Routing\\UrlGenerator->__construct(Object(Illuminate\\Routing\\RouteCollection), NULL, NULL)
#1 C:\\Users\\PhantonM\\Documents\\Projetos\\Php\
ightlife\\vendor\\laravel\\framework\\src\\Illuminate\\Container\\Container.php(785): Illuminate\\Routing\\RoutingServiceProvider->Illuminate\\Routing\\{closure}(Object(Illuminate\\Foundation\\Application), Array)
#2 C:\\Users\\PhantonM\\Documents\\Projetos\\Php\
ightlife\\vendor\\laravel\\framework\\src\\Illuminate\\Container\\Container.php(667): Illuminate\\Container\\Container->build(Object(Closure))
#3 C:\\Users\\PhantonM\\Documents\\Projetos\\Php\
ightlife\\vendor\\laravel\\framework\\src\\Illuminate\\Container\\Container.php(615): Illuminate\\Container\\Container->resolve('url', Array)
#4 C:\\Users\\PhantonM\\Documents\\Projetos\\Php\
ightlife\\vendor\\laravel\\framework\\src\\Illuminate\\Foundation\\Application.php(767): Illuminate\\Container\\Container->make('url', Array)
#5 C:\\Users\\PhantonM\\Documents\\Projetos\\Php\
ightlife\\vendor\\laravel\\framework\\src\\Illuminate\\Foundation\\helpers.php(121): Illuminate\\Foundation\\Application->make('url', Array)
#6 C:\\Users\\PhantonM\\Documents\\Projetos\\Php\
ightlife\\vendor\\laravel\\framework\\src\\Illuminate\\Foundation\\helpers.php(928): app('Illuminate\\\\Cont...')
#7 C:\\Users\\PhantonM\\Documents\\Projetos\\Php\
ightlife\\config\\adminlte.php(33): url('assets\\\\PainelAd...')
#8 C:\\Users\\PhantonM\\Documents\\Projetos\\Php\
ightlife\\vendor\\laravel\\framework\\src\\Illuminate\\Foundation\\Bootstrap\\LoadConfiguration.php(72): require('C:\\\\Users\\\\Phanto...')
#9 C:\\Users\\PhantonM\\Documents\\Projetos\\Php\
ightlife\\vendor\\laravel\\framework\\src\\Illuminate\\Foundation\\Bootstrap\\LoadConfiguration.php(39): Illuminate\\Foundation\\Bootstrap\\LoadConfiguration->loadConfigurationFiles(Object(Illuminate\\Foundation\\Application), Object(Illuminate\\Config\\Repository))
#10 C:\\Users\\PhantonM\\Documents\\Projetos\\Php\
ightlife\\vendor\\laravel\\framework\\src\\Illuminate\\Foundation\\Application.php(210): Illuminate\\Foundation\\Bootstrap\\LoadConfiguration->bootstrap(Object(Illuminate\\Foundation\\Application))
#11 C:\\Users\\PhantonM\\Documents\\Projetos\\Php\
ightlife\\vendor\\laravel\\framework\\src\\Illuminate\\Foundation\\Console\\Kernel.php(322): Illuminate\\Foundation\\Application->bootstrapWith(Array)
#12 C:\\Users\\PhantonM\\Documents\\Projetos\\Php\
ightlife\\vendor\\laravel\\framework\\src\\Illuminate\\Foundation\\Console\\Kernel.php(131): Illuminate\\Foundation\\Console\\Kernel->bootstrap()
#13 C:\\Users\\PhantonM\\Documents\\Projetos\\Php\
ightlife\\artisan(37): Illuminate\\Foundation\\Console\\Kernel->handle(Object(Symfony\\Component\\Console\\Input\\ArgvInput), Object(Symfony\\Component\\Console\\Output\\ConsoleOutput))
#14 {main}
"} 
[2019-10-19 16:39:49] laravel.EMERGENCY: Unable to create configured logger. Using emergency logger. {"exception":"[object] (InvalidArgumentException(code: 0): Log [] is not defined. at C:\\Users\\PhantonM\\Documents\\Projetos\\Php\
ightlife\\vendor\\laravel\\framework\\src\\Illuminate\\Log\\LogManager.php:168)
[stacktrace]
#0 C:\\Users\\PhantonM\\Documents\\Projetos\\Php\
ightlife\\vendor\\laravel\\framework\\src\\Illuminate\\Log\\LogManager.php(102): Illuminate\\Log\\LogManager->resolve(NULL)
#1 C:\\Users\\PhantonM\\Documents\\Projetos\\Php\
ightlife\\vendor\\laravel\\framework\\src\\Illuminate\\Log\\LogManager.php(90): Illuminate\\Log\\LogManager->get(NULL)
#2 C:\\Users\\PhantonM\\Documents\\Projetos\\Php\
ightlife\\vendor\\laravel\\framework\\src\\Illuminate\\Log\\LogManager.php(500): Illuminate\\Log\\LogManager->driver()
#3 C:\\Users\\PhantonM\\Documents\\Projetos\\Php\
ightlife\\vendor\\laravel\\framework\\src\\Illuminate\\Foundation\\Exceptions\\Handler.php(118): Illuminate\\Log\\LogManager->error('Argument 2 pass...', Array)
#4 C:\\Users\\PhantonM\\Documents\\Projetos\\Php\
ightlife\\app\\Exceptions\\Handler.php(37): Illuminate\\Foundation\\Exceptions\\Handler->report(Object(Symfony\\Component\\Debug\\Exception\\FatalThrowableError))
#5 C:\\Users\\PhantonM\\Documents\\Projetos\\Php\
ightlife\\vendor\\laravel\\framework\\src\\Illuminate\\Foundation\\Console\\Kernel.php(378): App\\Exceptions\\Handler->report(Object(Symfony\\Component\\Debug\\Exception\\FatalThrowableError))
#6 C:\\Users\\PhantonM\\Documents\\Projetos\\Php\
ightlife\\vendor\\laravel\\framework\\src\\Illuminate\\Foundation\\Console\\Kernel.php(143): Illuminate\\Foundation\\Console\\Kernel->reportException(Object(Symfony\\Component\\Debug\\Exception\\FatalThrowableError))
#7 C:\\Users\\PhantonM\\Documents\\Projetos\\Php\
ightlife\\artisan(37): Illuminate\\Foundation\\Console\\Kernel->handle(Object(Symfony\\Component\\Console\\Input\\ArgvInput), Object(Symfony\\Component\\Console\\Output\\ConsoleOutput))
#8 {main}
"} 
[2019-10-19 16:39:49] laravel.ERROR: Argument 2 passed to Illuminate\Routing\UrlGenerator::__construct() must be an instance of Illuminate\Http\Request, null given, called in C:\Users\PhantonM\Documents\Projetos\Php\nightlife\vendor\laravel\framework\src\Illuminate\Routing\RoutingServiceProvider.php on line 62 {"exception":"[object] (Symfony\\Component\\Debug\\Exception\\FatalThrowableError(code: 0): Argument 2 passed to Illuminate\\Routing\\UrlGenerator::__construct() must be an instance of Illuminate\\Http\\Request, null given, called in C:\\Users\\PhantonM\\Documents\\Projetos\\Php\
ightlife\\vendor\\laravel\\framework\\src\\Illuminate\\Routing\\RoutingServiceProvider.php on line 62 at C:\\Users\\PhantonM\\Documents\\Projetos\\Php\
ightlife\\vendor\\laravel\\framework\\src\\Illuminate\\Routing\\UrlGenerator.php:119)
[stacktrace]
#0 C:\\Users\\PhantonM\\Documents\\Projetos\\Php\
ightlife\\vendor\\laravel\\framework\\src\\Illuminate\\Routing\\RoutingServiceProvider.php(62): Illuminate\\Routing\\UrlGenerator->__construct(Object(Illuminate\\Routing\\RouteCollection), NULL, NULL)
#1 C:\\Users\\PhantonM\\Documents\\Projetos\\Php\
ightlife\\vendor\\laravel\\framework\\src\\Illuminate\\Container\\Container.php(785): Illuminate\\Routing\\RoutingServiceProvider->Illuminate\\Routing\\{closure}(Object(Illuminate\\Foundation\\Application), Array)
#2 C:\\Users\\PhantonM\\Documents\\Projetos\\Php\
ightlife\\vendor\\laravel\\framework\\src\\Illuminate\\Container\\Container.php(667): Illuminate\\Container\\Container->build(Object(Closure))
#3 C:\\Users\\PhantonM\\Documents\\Projetos\\Php\
ightlife\\vendor\\laravel\\framework\\src\\Illuminate\\Container\\Container.php(615): Illuminate\\Container\\Container->resolve('url', Array)
#4 C:\\Users\\PhantonM\\Documents\\Projetos\\Php\
ightlife\\vendor\\laravel\\framework\\src\\Illuminate\\Foundation\\Application.php(767): Illuminate\\Container\\Container->make('url', Array)
#5 C:\\Users\\PhantonM\\Documents\\Projetos\\Php\
ightlife\\vendor\\laravel\\framework\\src\\Illuminate\\Foundation\\helpers.php(121): Illuminate\\Foundation\\Application->make('url', Array)
#6 C:\\Users\\PhantonM\\Documents\\Projetos\\Php\
ightlife\\vendor\\laravel\\framework\\src\\Illuminate\\Foundation\\helpers.php(928): app('Illuminate\\\\Cont...')
#7 C:\\Users\\PhantonM\\Documents\\Projetos\\Php\
ightlife\\config\\adminlte.php(33): url('assets\\\\PainelAd...')
#8 C:\\Users\\PhantonM\\Documents\\Projetos\\Php\
ightlife\\vendor\\laravel\\framework\\src\\Illuminate\\Foundation\\Bootstrap\\LoadConfiguration.php(72): require('C:\\\\Users\\\\Phanto...')
#9 C:\\Users\\PhantonM\\Documents\\Projetos\\Php\
ightlife\\vendor\\laravel\\framework\\src\\Illuminate\\Foundation\\Bootstrap\\LoadConfiguration.php(39): Illuminate\\Foundation\\Bootstrap\\LoadConfiguration->loadConfigurationFiles(Object(Illuminate\\Foundation\\Application), Object(Illuminate\\Config\\Repository))
#10 C:\\Users\\PhantonM\\Documents\\Projetos\\Php\
ightlife\\vendor\\laravel\\framework\\src\\Illuminate\\Foundation\\Application.php(210): Illuminate\\Foundation\\Bootstrap\\LoadConfiguration->bootstrap(Object(Illuminate\\Foundation\\Application))
#11 C:\\Users\\PhantonM\\Documents\\Projetos\\Php\
ightlife\\vendor\\laravel\\framework\\src\\Illuminate\\Foundation\\Console\\Kernel.php(322): Illuminate\\Foundation\\Application->bootstrapWith(Array)
#12 C:\\Users\\PhantonM\\Documents\\Projetos\\Php\
ightlife\\vendor\\laravel\\framework\\src\\Illuminate\\Foundation\\Console\\Kernel.php(131): Illuminate\\Foundation\\Console\\Kernel->bootstrap()
#13 C:\\Users\\PhantonM\\Documents\\Projetos\\Php\
ightlife\\artisan(37): Illuminate\\Foundation\\Console\\Kernel->handle(Object(Symfony\\Component\\Console\\Input\\ArgvInput), Object(Symfony\\Component\\Console\\Output\\ConsoleOutput))
#14 {main}
"} 
[2019-10-19 16:45:34] laravel.EMERGENCY: Unable to create configured logger. Using emergency logger. {"exception":"[object] (InvalidArgumentException(code: 0): Log [] is not defined. at C:\\Users\\PhantonM\\Documents\\Projetos\\Php\
ightlife\\vendor\\laravel\\framework\\src\\Illuminate\\Log\\LogManager.php:168)
[stacktrace]
#0 C:\\Users\\PhantonM\\Documents\\Projetos\\Php\
ightlife\\vendor\\laravel\\framework\\src\\Illuminate\\Log\\LogManager.php(102): Illuminate\\Log\\LogManager->resolve(NULL)
#1 C:\\Users\\PhantonM\\Documents\\Projetos\\Php\
ightlife\\vendor\\laravel\\framework\\src\\Illuminate\\Log\\LogManager.php(90): Illuminate\\Log\\LogManager->get(NULL)
#2 C:\\Users\\PhantonM\\Documents\\Projetos\\Php\
ightlife\\vendor\\laravel\\framework\\src\\Illuminate\\Log\\LogManager.php(500): Illuminate\\Log\\LogManager->driver()
#3 C:\\Users\\PhantonM\\Documents\\Projetos\\Php\
ightlife\\vendor\\laravel\\framework\\src\\Illuminate\\Foundation\\Exceptions\\Handler.php(118): Illuminate\\Log\\LogManager->error('Argument 2 pass...', Array)
#4 C:\\Users\\PhantonM\\Documents\\Projetos\\Php\
ightlife\\app\\Exceptions\\Handler.php(37): Illuminate\\Foundation\\Exceptions\\Handler->report(Object(Symfony\\Component\\Debug\\Exception\\FatalThrowableError))
#5 C:\\Users\\PhantonM\\Documents\\Projetos\\Php\
ightlife\\vendor\\laravel\\framework\\src\\Illuminate\\Foundation\\Console\\Kernel.php(378): App\\Exceptions\\Handler->report(Object(Symfony\\Component\\Debug\\Exception\\FatalThrowableError))
#6 C:\\Users\\PhantonM\\Documents\\Projetos\\Php\
ightlife\\vendor\\laravel\\framework\\src\\Illuminate\\Foundation\\Console\\Kernel.php(143): Illuminate\\Foundation\\Console\\Kernel->reportException(Object(Symfony\\Component\\Debug\\Exception\\FatalThrowableError))
#7 C:\\Users\\PhantonM\\Documents\\Projetos\\Php\
ightlife\\artisan(37): Illuminate\\Foundation\\Console\\Kernel->handle(Object(Symfony\\Component\\Console\\Input\\ArgvInput), Object(Symfony\\Component\\Console\\Output\\ConsoleOutput))
#8 {main}
"} 
[2019-10-19 16:45:34] laravel.ERROR: Argument 2 passed to Illuminate\Routing\UrlGenerator::__construct() must be an instance of Illuminate\Http\Request, null given, called in C:\Users\PhantonM\Documents\Projetos\Php\nightlife\vendor\laravel\framework\src\Illuminate\Routing\RoutingServiceProvider.php on line 62 {"exception":"[object] (Symfony\\Component\\Debug\\Exception\\FatalThrowableError(code: 0): Argument 2 passed to Illuminate\\Routing\\UrlGenerator::__construct() must be an instance of Illuminate\\Http\\Request, null given, called in C:\\Users\\PhantonM\\Documents\\Projetos\\Php\
ightlife\\vendor\\laravel\\framework\\src\\Illuminate\\Routing\\RoutingServiceProvider.php on line 62 at C:\\Users\\PhantonM\\Documents\\Projetos\\Php\
ightlife\\vendor\\laravel\\framework\\src\\Illuminate\\Routing\\UrlGenerator.php:119)
[stacktrace]
#0 C:\\Users\\PhantonM\\Documents\\Projetos\\Php\
ightlife\\vendor\\laravel\\framework\\src\\Illuminate\\Routing\\RoutingServiceProvider.php(62): Illuminate\\Routing\\UrlGenerator->__construct(Object(Illuminate\\Routing\\RouteCollection), NULL, NULL)
#1 C:\\Users\\PhantonM\\Documents\\Projetos\\Php\
ightlife\\vendor\\laravel\\framework\\src\\Illuminate\\Container\\Container.php(785): Illuminate\\Routing\\RoutingServiceProvider->Illuminate\\Routing\\{closure}(Object(Illuminate\\Foundation\\Application), Array)
#2 C:\\Users\\PhantonM\\Documents\\Projetos\\Php\
ightlife\\vendor\\laravel\\framework\\src\\Illuminate\\Container\\Container.php(667): Illuminate\\Container\\Container->build(Object(Closure))
#3 C:\\Users\\PhantonM\\Documents\\Projetos\\Php\
ightlife\\vendor\\laravel\\framework\\src\\Illuminate\\Container\\Container.php(615): Illuminate\\Container\\Container->resolve('url', Array)
#4 C:\\Users\\PhantonM\\Documents\\Projetos\\Php\
ightlife\\vendor\\laravel\\framework\\src\\Illuminate\\Foundation\\Application.php(767): Illuminate\\Container\\Container->make('url', Array)
#5 C:\\Users\\PhantonM\\Documents\\Projetos\\Php\
ightlife\\vendor\\laravel\\framework\\src\\Illuminate\\Foundation\\helpers.php(121): Illuminate\\Foundation\\Application->make('url', Array)
#6 C:\\Users\\PhantonM\\Documents\\Projetos\\Php\
ightlife\\vendor\\laravel\\framework\\src\\Illuminate\\Foundation\\helpers.php(928): app('Illuminate\\\\Cont...')
#7 C:\\Users\\PhantonM\\Documents\\Projetos\\Php\
ightlife\\config\\adminlte.php(33): url('assets\\\\PainelAd...')
#8 C:\\Users\\PhantonM\\Documents\\Projetos\\Php\
ightlife\\vendor\\laravel\\framework\\src\\Illuminate\\Foundation\\Bootstrap\\LoadConfiguration.php(72): require('C:\\\\Users\\\\Phanto...')
#9 C:\\Users\\PhantonM\\Documents\\Projetos\\Php\
ightlife\\vendor\\laravel\\framework\\src\\Illuminate\\Foundation\\Bootstrap\\LoadConfiguration.php(39): Illuminate\\Foundation\\Bootstrap\\LoadConfiguration->loadConfigurationFiles(Object(Illuminate\\Foundation\\Application), Object(Illuminate\\Config\\Repository))
#10 C:\\Users\\PhantonM\\Documents\\Projetos\\Php\
ightlife\\vendor\\laravel\\framework\\src\\Illuminate\\Foundation\\Application.php(210): Illuminate\\Foundation\\Bootstrap\\LoadConfiguration->bootstrap(Object(Illuminate\\Foundation\\Application))
#11 C:\\Users\\PhantonM\\Documents\\Projetos\\Php\
ightlife\\vendor\\laravel\\framework\\src\\Illuminate\\Foundation\\Console\\Kernel.php(322): Illuminate\\Foundation\\Application->bootstrapWith(Array)
#12 C:\\Users\\PhantonM\\Documents\\Projetos\\Php\
ightlife\\vendor\\laravel\\framework\\src\\Illuminate\\Foundation\\Console\\Kernel.php(131): Illuminate\\Foundation\\Console\\Kernel->bootstrap()
#13 C:\\Users\\PhantonM\\Documents\\Projetos\\Php\
ightlife\\artisan(37): Illuminate\\Foundation\\Console\\Kernel->handle(Object(Symfony\\Component\\Console\\Input\\ArgvInput), Object(Symfony\\Component\\Console\\Output\\ConsoleOutput))
#14 {main}
"} 
[2019-10-19 16:47:14] laravel.EMERGENCY: Unable to create configured logger. Using emergency logger. {"exception":"[object] (InvalidArgumentException(code: 0): Log [] is not defined. at C:\\Users\\PhantonM\\Documents\\Projetos\\Php\
ightlife\\vendor\\laravel\\framework\\src\\Illuminate\\Log\\LogManager.php:168)
[stacktrace]
#0 C:\\Users\\PhantonM\\Documents\\Projetos\\Php\
ightlife\\vendor\\laravel\\framework\\src\\Illuminate\\Log\\LogManager.php(102): Illuminate\\Log\\LogManager->resolve(NULL)
#1 C:\\Users\\PhantonM\\Documents\\Projetos\\Php\
ightlife\\vendor\\laravel\\framework\\src\\Illuminate\\Log\\LogManager.php(90): Illuminate\\Log\\LogManager->get(NULL)
#2 C:\\Users\\PhantonM\\Documents\\Projetos\\Php\
ightlife\\vendor\\laravel\\framework\\src\\Illuminate\\Log\\LogManager.php(500): Illuminate\\Log\\LogManager->driver()
#3 C:\\Users\\PhantonM\\Documents\\Projetos\\Php\
ightlife\\vendor\\laravel\\framework\\src\\Illuminate\\Foundation\\Exceptions\\Handler.php(118): Illuminate\\Log\\LogManager->error('Argument 2 pass...', Array)
#4 C:\\Users\\PhantonM\\Documents\\Projetos\\Php\
ightlife\\app\\Exceptions\\Handler.php(37): Illuminate\\Foundation\\Exceptions\\Handler->report(Object(Symfony\\Component\\Debug\\Exception\\FatalThrowableError))
#5 C:\\Users\\PhantonM\\Documents\\Projetos\\Php\
ightlife\\vendor\\laravel\\framework\\src\\Illuminate\\Foundation\\Console\\Kernel.php(378): App\\Exceptions\\Handler->report(Object(Symfony\\Component\\Debug\\Exception\\FatalThrowableError))
#6 C:\\Users\\PhantonM\\Documents\\Projetos\\Php\
ightlife\\vendor\\laravel\\framework\\src\\Illuminate\\Foundation\\Console\\Kernel.php(143): Illuminate\\Foundation\\Console\\Kernel->reportException(Object(Symfony\\Component\\Debug\\Exception\\FatalThrowableError))
#7 C:\\Users\\PhantonM\\Documents\\Projetos\\Php\
ightlife\\artisan(37): Illuminate\\Foundation\\Console\\Kernel->handle(Object(Symfony\\Component\\Console\\Input\\ArgvInput), Object(Symfony\\Component\\Console\\Output\\ConsoleOutput))
#8 {main}
"} 
[2019-10-19 16:47:14] laravel.ERROR: Argument 2 passed to Illuminate\Routing\UrlGenerator::__construct() must be an instance of Illuminate\Http\Request, null given, called in C:\Users\PhantonM\Documents\Projetos\Php\nightlife\vendor\laravel\framework\src\Illuminate\Routing\RoutingServiceProvider.php on line 62 {"exception":"[object] (Symfony\\Component\\Debug\\Exception\\FatalThrowableError(code: 0): Argument 2 passed to Illuminate\\Routing\\UrlGenerator::__construct() must be an instance of Illuminate\\Http\\Request, null given, called in C:\\Users\\PhantonM\\Documents\\Projetos\\Php\
ightlife\\vendor\\laravel\\framework\\src\\Illuminate\\Routing\\RoutingServiceProvider.php on line 62 at C:\\Users\\PhantonM\\Documents\\Projetos\\Php\
ightlife\\vendor\\laravel\\framework\\src\\Illuminate\\Routing\\UrlGenerator.php:119)
[stacktrace]
#0 C:\\Users\\PhantonM\\Documents\\Projetos\\Php\
ightlife\\vendor\\laravel\\framework\\src\\Illuminate\\Routing\\RoutingServiceProvider.php(62): Illuminate\\Routing\\UrlGenerator->__construct(Object(Illuminate\\Routing\\RouteCollection), NULL, NULL)
#1 C:\\Users\\PhantonM\\Documents\\Projetos\\Php\
ightlife\\vendor\\laravel\\framework\\src\\Illuminate\\Container\\Container.php(785): Illuminate\\Routing\\RoutingServiceProvider->Illuminate\\Routing\\{closure}(Object(Illuminate\\Foundation\\Application), Array)
#2 C:\\Users\\PhantonM\\Documents\\Projetos\\Php\
ightlife\\vendor\\laravel\\framework\\src\\Illuminate\\Container\\Container.php(667): Illuminate\\Container\\Container->build(Object(Closure))
#3 C:\\Users\\PhantonM\\Documents\\Projetos\\Php\
ightlife\\vendor\\laravel\\framework\\src\\Illuminate\\Container\\Container.php(615): Illuminate\\Container\\Container->resolve('url', Array)
#4 C:\\Users\\PhantonM\\Documents\\Projetos\\Php\
ightlife\\vendor\\laravel\\framework\\src\\Illuminate\\Foundation\\Application.php(767): Illuminate\\Container\\Container->make('url', Array)
#5 C:\\Users\\PhantonM\\Documents\\Projetos\\Php\
ightlife\\vendor\\laravel\\framework\\src\\Illuminate\\Foundation\\helpers.php(121): Illuminate\\Foundation\\Application->make('url', Array)
#6 C:\\Users\\PhantonM\\Documents\\Projetos\\Php\
ightlife\\vendor\\laravel\\framework\\src\\Illuminate\\Foundation\\helpers.php(928): app('Illuminate\\\\Cont...')
#7 C:\\Users\\PhantonM\\Documents\\Projetos\\Php\
ightlife\\config\\adminlte.php(33): url('assets\\\\PainelAd...')
#8 C:\\Users\\PhantonM\\Documents\\Projetos\\Php\
ightlife\\vendor\\laravel\\framework\\src\\Illuminate\\Foundation\\Bootstrap\\LoadConfiguration.php(72): require('C:\\\\Users\\\\Phanto...')
#9 C:\\Users\\PhantonM\\Documents\\Projetos\\Php\
ightlife\\vendor\\laravel\\framework\\src\\Illuminate\\Foundation\\Bootstrap\\LoadConfiguration.php(39): Illuminate\\Foundation\\Bootstrap\\LoadConfiguration->loadConfigurationFiles(Object(Illuminate\\Foundation\\Application), Object(Illuminate\\Config\\Repository))
#10 C:\\Users\\PhantonM\\Documents\\Projetos\\Php\
ightlife\\vendor\\laravel\\framework\\src\\Illuminate\\Foundation\\Application.php(210): Illuminate\\Foundation\\Bootstrap\\LoadConfiguration->bootstrap(Object(Illuminate\\Foundation\\Application))
#11 C:\\Users\\PhantonM\\Documents\\Projetos\\Php\
ightlife\\vendor\\laravel\\framework\\src\\Illuminate\\Foundation\\Console\\Kernel.php(322): Illuminate\\Foundation\\Application->bootstrapWith(Array)
#12 C:\\Users\\PhantonM\\Documents\\Projetos\\Php\
ightlife\\vendor\\laravel\\framework\\src\\Illuminate\\Foundation\\Console\\Kernel.php(131): Illuminate\\Foundation\\Console\\Kernel->bootstrap()
#13 C:\\Users\\PhantonM\\Documents\\Projetos\\Php\
ightlife\\artisan(37): Illuminate\\Foundation\\Console\\Kernel->handle(Object(Symfony\\Component\\Console\\Input\\ArgvInput), Object(Symfony\\Component\\Console\\Output\\ConsoleOutput))
#14 {main}
"} 
[2019-10-19 16:49:56] laravel.EMERGENCY: Unable to create configured logger. Using emergency logger. {"exception":"[object] (InvalidArgumentException(code: 0): Log [] is not defined. at C:\\Users\\PhantonM\\Documents\\Projetos\\Php\
ightlife\\vendor\\laravel\\framework\\src\\Illuminate\\Log\\LogManager.php:168)
[stacktrace]
#0 C:\\Users\\PhantonM\\Documents\\Projetos\\Php\
ightlife\\vendor\\laravel\\framework\\src\\Illuminate\\Log\\LogManager.php(102): Illuminate\\Log\\LogManager->resolve(NULL)
#1 C:\\Users\\PhantonM\\Documents\\Projetos\\Php\
ightlife\\vendor\\laravel\\framework\\src\\Illuminate\\Log\\LogManager.php(90): Illuminate\\Log\\LogManager->get(NULL)
#2 C:\\Users\\PhantonM\\Documents\\Projetos\\Php\
ightlife\\vendor\\laravel\\framework\\src\\Illuminate\\Log\\LogManager.php(500): Illuminate\\Log\\LogManager->driver()
#3 C:\\Users\\PhantonM\\Documents\\Projetos\\Php\
ightlife\\vendor\\laravel\\framework\\src\\Illuminate\\Foundation\\Exceptions\\Handler.php(118): Illuminate\\Log\\LogManager->error('Argument 2 pass...', Array)
#4 C:\\Users\\PhantonM\\Documents\\Projetos\\Php\
ightlife\\app\\Exceptions\\Handler.php(37): Illuminate\\Foundation\\Exceptions\\Handler->report(Object(Symfony\\Component\\Debug\\Exception\\FatalThrowableError))
#5 C:\\Users\\PhantonM\\Documents\\Projetos\\Php\
ightlife\\vendor\\laravel\\framework\\src\\Illuminate\\Foundation\\Console\\Kernel.php(378): App\\Exceptions\\Handler->report(Object(Symfony\\Component\\Debug\\Exception\\FatalThrowableError))
#6 C:\\Users\\PhantonM\\Documents\\Projetos\\Php\
ightlife\\vendor\\laravel\\framework\\src\\Illuminate\\Foundation\\Console\\Kernel.php(143): Illuminate\\Foundation\\Console\\Kernel->reportException(Object(Symfony\\Component\\Debug\\Exception\\FatalThrowableError))
#7 C:\\Users\\PhantonM\\Documents\\Projetos\\Php\
ightlife\\artisan(37): Illuminate\\Foundation\\Console\\Kernel->handle(Object(Symfony\\Component\\Console\\Input\\ArgvInput), Object(Symfony\\Component\\Console\\Output\\ConsoleOutput))
#8 {main}
"} 
[2019-10-19 16:49:56] laravel.ERROR: Argument 2 passed to Illuminate\Routing\UrlGenerator::__construct() must be an instance of Illuminate\Http\Request, null given, called in C:\Users\PhantonM\Documents\Projetos\Php\nightlife\vendor\laravel\framework\src\Illuminate\Routing\RoutingServiceProvider.php on line 62 {"exception":"[object] (Symfony\\Component\\Debug\\Exception\\FatalThrowableError(code: 0): Argument 2 passed to Illuminate\\Routing\\UrlGenerator::__construct() must be an instance of Illuminate\\Http\\Request, null given, called in C:\\Users\\PhantonM\\Documents\\Projetos\\Php\
ightlife\\vendor\\laravel\\framework\\src\\Illuminate\\Routing\\RoutingServiceProvider.php on line 62 at C:\\Users\\PhantonM\\Documents\\Projetos\\Php\
ightlife\\vendor\\laravel\\framework\\src\\Illuminate\\Routing\\UrlGenerator.php:119)
[stacktrace]
#0 C:\\Users\\PhantonM\\Documents\\Projetos\\Php\
ightlife\\vendor\\laravel\\framework\\src\\Illuminate\\Routing\\RoutingServiceProvider.php(62): Illuminate\\Routing\\UrlGenerator->__construct(Object(Illuminate\\Routing\\RouteCollection), NULL, NULL)
#1 C:\\Users\\PhantonM\\Documents\\Projetos\\Php\
ightlife\\vendor\\laravel\\framework\\src\\Illuminate\\Container\\Container.php(785): Illuminate\\Routing\\RoutingServiceProvider->Illuminate\\Routing\\{closure}(Object(Illuminate\\Foundation\\Application), Array)
#2 C:\\Users\\PhantonM\\Documents\\Projetos\\Php\
ightlife\\vendor\\laravel\\framework\\src\\Illuminate\\Container\\Container.php(667): Illuminate\\Container\\Container->build(Object(Closure))
#3 C:\\Users\\PhantonM\\Documents\\Projetos\\Php\
ightlife\\vendor\\laravel\\framework\\src\\Illuminate\\Container\\Container.php(615): Illuminate\\Container\\Container->resolve('url', Array)
#4 C:\\Users\\PhantonM\\Documents\\Projetos\\Php\
ightlife\\vendor\\laravel\\framework\\src\\Illuminate\\Foundation\\Application.php(767): Illuminate\\Container\\Container->make('url', Array)
#5 C:\\Users\\PhantonM\\Documents\\Projetos\\Php\
ightlife\\vendor\\laravel\\framework\\src\\Illuminate\\Foundation\\helpers.php(121): Illuminate\\Foundation\\Application->make('url', Array)
#6 C:\\Users\\PhantonM\\Documents\\Projetos\\Php\
ightlife\\vendor\\laravel\\framework\\src\\Illuminate\\Foundation\\helpers.php(928): app('Illuminate\\\\Cont...')
#7 C:\\Users\\PhantonM\\Documents\\Projetos\\Php\
ightlife\\config\\adminlte.php(33): url('assets\\\\PainelAd...')
#8 C:\\Users\\PhantonM\\Documents\\Projetos\\Php\
ightlife\\vendor\\laravel\\framework\\src\\Illuminate\\Foundation\\Bootstrap\\LoadConfiguration.php(72): require('C:\\\\Users\\\\Phanto...')
#9 C:\\Users\\PhantonM\\Documents\\Projetos\\Php\
ightlife\\vendor\\laravel\\framework\\src\\Illuminate\\Foundation\\Bootstrap\\LoadConfiguration.php(39): Illuminate\\Foundation\\Bootstrap\\LoadConfiguration->loadConfigurationFiles(Object(Illuminate\\Foundation\\Application), Object(Illuminate\\Config\\Repository))
#10 C:\\Users\\PhantonM\\Documents\\Projetos\\Php\
ightlife\\vendor\\laravel\\framework\\src\\Illuminate\\Foundation\\Application.php(210): Illuminate\\Foundation\\Bootstrap\\LoadConfiguration->bootstrap(Object(Illuminate\\Foundation\\Application))
#11 C:\\Users\\PhantonM\\Documents\\Projetos\\Php\
ightlife\\vendor\\laravel\\framework\\src\\Illuminate\\Foundation\\Console\\Kernel.php(322): Illuminate\\Foundation\\Application->bootstrapWith(Array)
#12 C:\\Users\\PhantonM\\Documents\\Projetos\\Php\
ightlife\\vendor\\laravel\\framework\\src\\Illuminate\\Foundation\\Console\\Kernel.php(131): Illuminate\\Foundation\\Console\\Kernel->bootstrap()
#13 C:\\Users\\PhantonM\\Documents\\Projetos\\Php\
ightlife\\artisan(37): Illuminate\\Foundation\\Console\\Kernel->handle(Object(Symfony\\Component\\Console\\Input\\ArgvInput), Object(Symfony\\Component\\Console\\Output\\ConsoleOutput))
#14 {main}
"} 
[2019-10-19 16:50:08] laravel.EMERGENCY: Unable to create configured logger. Using emergency logger. {"exception":"[object] (InvalidArgumentException(code: 0): Log [] is not defined. at C:\\Users\\PhantonM\\Documents\\Projetos\\Php\
ightlife\\vendor\\laravel\\framework\\src\\Illuminate\\Log\\LogManager.php:168)
[stacktrace]
#0 C:\\Users\\PhantonM\\Documents\\Projetos\\Php\
ightlife\\vendor\\laravel\\framework\\src\\Illuminate\\Log\\LogManager.php(102): Illuminate\\Log\\LogManager->resolve(NULL)
#1 C:\\Users\\PhantonM\\Documents\\Projetos\\Php\
ightlife\\vendor\\laravel\\framework\\src\\Illuminate\\Log\\LogManager.php(90): Illuminate\\Log\\LogManager->get(NULL)
#2 C:\\Users\\PhantonM\\Documents\\Projetos\\Php\
ightlife\\vendor\\laravel\\framework\\src\\Illuminate\\Log\\LogManager.php(500): Illuminate\\Log\\LogManager->driver()
#3 C:\\Users\\PhantonM\\Documents\\Projetos\\Php\
ightlife\\vendor\\laravel\\framework\\src\\Illuminate\\Foundation\\Exceptions\\Handler.php(118): Illuminate\\Log\\LogManager->error('Argument 2 pass...', Array)
#4 C:\\Users\\PhantonM\\Documents\\Projetos\\Php\
ightlife\\app\\Exceptions\\Handler.php(37): Illuminate\\Foundation\\Exceptions\\Handler->report(Object(Symfony\\Component\\Debug\\Exception\\FatalThrowableError))
#5 C:\\Users\\PhantonM\\Documents\\Projetos\\Php\
ightlife\\vendor\\laravel\\framework\\src\\Illuminate\\Foundation\\Console\\Kernel.php(378): App\\Exceptions\\Handler->report(Object(Symfony\\Component\\Debug\\Exception\\FatalThrowableError))
#6 C:\\Users\\PhantonM\\Documents\\Projetos\\Php\
ightlife\\vendor\\laravel\\framework\\src\\Illuminate\\Foundation\\Console\\Kernel.php(143): Illuminate\\Foundation\\Console\\Kernel->reportException(Object(Symfony\\Component\\Debug\\Exception\\FatalThrowableError))
#7 C:\\Users\\PhantonM\\Documents\\Projetos\\Php\
ightlife\\artisan(37): Illuminate\\Foundation\\Console\\Kernel->handle(Object(Symfony\\Component\\Console\\Input\\ArgvInput), Object(Symfony\\Component\\Console\\Output\\ConsoleOutput))
#8 {main}
"} 
[2019-10-19 16:50:08] laravel.ERROR: Argument 2 passed to Illuminate\Routing\UrlGenerator::__construct() must be an instance of Illuminate\Http\Request, null given, called in C:\Users\PhantonM\Documents\Projetos\Php\nightlife\vendor\laravel\framework\src\Illuminate\Routing\RoutingServiceProvider.php on line 62 {"exception":"[object] (Symfony\\Component\\Debug\\Exception\\FatalThrowableError(code: 0): Argument 2 passed to Illuminate\\Routing\\UrlGenerator::__construct() must be an instance of Illuminate\\Http\\Request, null given, called in C:\\Users\\PhantonM\\Documents\\Projetos\\Php\
ightlife\\vendor\\laravel\\framework\\src\\Illuminate\\Routing\\RoutingServiceProvider.php on line 62 at C:\\Users\\PhantonM\\Documents\\Projetos\\Php\
ightlife\\vendor\\laravel\\framework\\src\\Illuminate\\Routing\\UrlGenerator.php:119)
[stacktrace]
#0 C:\\Users\\PhantonM\\Documents\\Projetos\\Php\
ightlife\\vendor\\laravel\\framework\\src\\Illuminate\\Routing\\RoutingServiceProvider.php(62): Illuminate\\Routing\\UrlGenerator->__construct(Object(Illuminate\\Routing\\RouteCollection), NULL, NULL)
#1 C:\\Users\\PhantonM\\Documents\\Projetos\\Php\
ightlife\\vendor\\laravel\\framework\\src\\Illuminate\\Container\\Container.php(785): Illuminate\\Routing\\RoutingServiceProvider->Illuminate\\Routing\\{closure}(Object(Illuminate\\Foundation\\Application), Array)
#2 C:\\Users\\PhantonM\\Documents\\Projetos\\Php\
ightlife\\vendor\\laravel\\framework\\src\\Illuminate\\Container\\Container.php(667): Illuminate\\Container\\Container->build(Object(Closure))
#3 C:\\Users\\PhantonM\\Documents\\Projetos\\Php\
ightlife\\vendor\\laravel\\framework\\src\\Illuminate\\Container\\Container.php(615): Illuminate\\Container\\Container->resolve('url', Array)
#4 C:\\Users\\PhantonM\\Documents\\Projetos\\Php\
ightlife\\vendor\\laravel\\framework\\src\\Illuminate\\Foundation\\Application.php(767): Illuminate\\Container\\Container->make('url', Array)
#5 C:\\Users\\PhantonM\\Documents\\Projetos\\Php\
ightlife\\vendor\\laravel\\framework\\src\\Illuminate\\Foundation\\helpers.php(121): Illuminate\\Foundation\\Application->make('url', Array)
#6 C:\\Users\\PhantonM\\Documents\\Projetos\\Php\
ightlife\\vendor\\laravel\\framework\\src\\Illuminate\\Foundation\\helpers.php(928): app('Illuminate\\\\Cont...')
#7 C:\\Users\\PhantonM\\Documents\\Projetos\\Php\
ightlife\\config\\adminlte.php(33): url('assets\\\\PainelAd...')
#8 C:\\Users\\PhantonM\\Documents\\Projetos\\Php\
ightlife\\vendor\\laravel\\framework\\src\\Illuminate\\Foundation\\Bootstrap\\LoadConfiguration.php(72): require('C:\\\\Users\\\\Phanto...')
#9 C:\\Users\\PhantonM\\Documents\\Projetos\\Php\
ightlife\\vendor\\laravel\\framework\\src\\Illuminate\\Foundation\\Bootstrap\\LoadConfiguration.php(39): Illuminate\\Foundation\\Bootstrap\\LoadConfiguration->loadConfigurationFiles(Object(Illuminate\\Foundation\\Application), Object(Illuminate\\Config\\Repository))
#10 C:\\Users\\PhantonM\\Documents\\Projetos\\Php\
ightlife\\vendor\\laravel\\framework\\src\\Illuminate\\Foundation\\Application.php(210): Illuminate\\Foundation\\Bootstrap\\LoadConfiguration->bootstrap(Object(Illuminate\\Foundation\\Application))
#11 C:\\Users\\PhantonM\\Documents\\Projetos\\Php\
ightlife\\vendor\\laravel\\framework\\src\\Illuminate\\Foundation\\Console\\Kernel.php(322): Illuminate\\Foundation\\Application->bootstrapWith(Array)
#12 C:\\Users\\PhantonM\\Documents\\Projetos\\Php\
ightlife\\vendor\\laravel\\framework\\src\\Illuminate\\Foundation\\Console\\Kernel.php(131): Illuminate\\Foundation\\Console\\Kernel->bootstrap()
#13 C:\\Users\\PhantonM\\Documents\\Projetos\\Php\
ightlife\\artisan(37): Illuminate\\Foundation\\Console\\Kernel->handle(Object(Symfony\\Component\\Console\\Input\\ArgvInput), Object(Symfony\\Component\\Console\\Output\\ConsoleOutput))
#14 {main}
"} 
[2019-10-19 16:52:32] laravel.EMERGENCY: Unable to create configured logger. Using emergency logger. {"exception":"[object] (InvalidArgumentException(code: 0): Log [] is not defined. at C:\\Users\\PhantonM\\Documents\\Projetos\\Php\
ightlife\\vendor\\laravel\\framework\\src\\Illuminate\\Log\\LogManager.php:168)
[stacktrace]
#0 C:\\Users\\PhantonM\\Documents\\Projetos\\Php\
ightlife\\vendor\\laravel\\framework\\src\\Illuminate\\Log\\LogManager.php(102): Illuminate\\Log\\LogManager->resolve(NULL)
#1 C:\\Users\\PhantonM\\Documents\\Projetos\\Php\
ightlife\\vendor\\laravel\\framework\\src\\Illuminate\\Log\\LogManager.php(90): Illuminate\\Log\\LogManager->get(NULL)
#2 C:\\Users\\PhantonM\\Documents\\Projetos\\Php\
ightlife\\vendor\\laravel\\framework\\src\\Illuminate\\Log\\LogManager.php(500): Illuminate\\Log\\LogManager->driver()
#3 C:\\Users\\PhantonM\\Documents\\Projetos\\Php\
ightlife\\vendor\\laravel\\framework\\src\\Illuminate\\Foundation\\Exceptions\\Handler.php(118): Illuminate\\Log\\LogManager->error('Argument 2 pass...', Array)
#4 C:\\Users\\PhantonM\\Documents\\Projetos\\Php\
ightlife\\app\\Exceptions\\Handler.php(37): Illuminate\\Foundation\\Exceptions\\Handler->report(Object(Symfony\\Component\\Debug\\Exception\\FatalThrowableError))
#5 C:\\Users\\PhantonM\\Documents\\Projetos\\Php\
ightlife\\vendor\\laravel\\framework\\src\\Illuminate\\Foundation\\Console\\Kernel.php(378): App\\Exceptions\\Handler->report(Object(Symfony\\Component\\Debug\\Exception\\FatalThrowableError))
#6 C:\\Users\\PhantonM\\Documents\\Projetos\\Php\
ightlife\\vendor\\laravel\\framework\\src\\Illuminate\\Foundation\\Console\\Kernel.php(143): Illuminate\\Foundation\\Console\\Kernel->reportException(Object(Symfony\\Component\\Debug\\Exception\\FatalThrowableError))
#7 C:\\Users\\PhantonM\\Documents\\Projetos\\Php\
ightlife\\artisan(37): Illuminate\\Foundation\\Console\\Kernel->handle(Object(Symfony\\Component\\Console\\Input\\ArgvInput), Object(Symfony\\Component\\Console\\Output\\ConsoleOutput))
#8 {main}
"} 
[2019-10-19 16:52:32] laravel.ERROR: Argument 2 passed to Illuminate\Routing\UrlGenerator::__construct() must be an instance of Illuminate\Http\Request, null given, called in C:\Users\PhantonM\Documents\Projetos\Php\nightlife\vendor\laravel\framework\src\Illuminate\Routing\RoutingServiceProvider.php on line 62 {"exception":"[object] (Symfony\\Component\\Debug\\Exception\\FatalThrowableError(code: 0): Argument 2 passed to Illuminate\\Routing\\UrlGenerator::__construct() must be an instance of Illuminate\\Http\\Request, null given, called in C:\\Users\\PhantonM\\Documents\\Projetos\\Php\
ightlife\\vendor\\laravel\\framework\\src\\Illuminate\\Routing\\RoutingServiceProvider.php on line 62 at C:\\Users\\PhantonM\\Documents\\Projetos\\Php\
ightlife\\vendor\\laravel\\framework\\src\\Illuminate\\Routing\\UrlGenerator.php:119)
[stacktrace]
#0 C:\\Users\\PhantonM\\Documents\\Projetos\\Php\
ightlife\\vendor\\laravel\\framework\\src\\Illuminate\\Routing\\RoutingServiceProvider.php(62): Illuminate\\Routing\\UrlGenerator->__construct(Object(Illuminate\\Routing\\RouteCollection), NULL, NULL)
#1 C:\\Users\\PhantonM\\Documents\\Projetos\\Php\
ightlife\\vendor\\laravel\\framework\\src\\Illuminate\\Container\\Container.php(785): Illuminate\\Routing\\RoutingServiceProvider->Illuminate\\Routing\\{closure}(Object(Illuminate\\Foundation\\Application), Array)
#2 C:\\Users\\PhantonM\\Documents\\Projetos\\Php\
ightlife\\vendor\\laravel\\framework\\src\\Illuminate\\Container\\Container.php(667): Illuminate\\Container\\Container->build(Object(Closure))
#3 C:\\Users\\PhantonM\\Documents\\Projetos\\Php\
ightlife\\vendor\\laravel\\framework\\src\\Illuminate\\Container\\Container.php(615): Illuminate\\Container\\Container->resolve('url', Array)
#4 C:\\Users\\PhantonM\\Documents\\Projetos\\Php\
ightlife\\vendor\\laravel\\framework\\src\\Illuminate\\Foundation\\Application.php(767): Illuminate\\Container\\Container->make('url', Array)
#5 C:\\Users\\PhantonM\\Documents\\Projetos\\Php\
ightlife\\vendor\\laravel\\framework\\src\\Illuminate\\Foundation\\helpers.php(121): Illuminate\\Foundation\\Application->make('url', Array)
#6 C:\\Users\\PhantonM\\Documents\\Projetos\\Php\
ightlife\\vendor\\laravel\\framework\\src\\Illuminate\\Foundation\\helpers.php(928): app('Illuminate\\\\Cont...')
#7 C:\\Users\\PhantonM\\Documents\\Projetos\\Php\
ightlife\\config\\adminlte.php(33): url('assets\\\\PainelAd...')
#8 C:\\Users\\PhantonM\\Documents\\Projetos\\Php\
ightlife\\vendor\\laravel\\framework\\src\\Illuminate\\Foundation\\Bootstrap\\LoadConfiguration.php(72): require('C:\\\\Users\\\\Phanto...')
#9 C:\\Users\\PhantonM\\Documents\\Projetos\\Php\
ightlife\\vendor\\laravel\\framework\\src\\Illuminate\\Foundation\\Bootstrap\\LoadConfiguration.php(39): Illuminate\\Foundation\\Bootstrap\\LoadConfiguration->loadConfigurationFiles(Object(Illuminate\\Foundation\\Application), Object(Illuminate\\Config\\Repository))
#10 C:\\Users\\PhantonM\\Documents\\Projetos\\Php\
ightlife\\vendor\\laravel\\framework\\src\\Illuminate\\Foundation\\Application.php(210): Illuminate\\Foundation\\Bootstrap\\LoadConfiguration->bootstrap(Object(Illuminate\\Foundation\\Application))
#11 C:\\Users\\PhantonM\\Documents\\Projetos\\Php\
ightlife\\vendor\\laravel\\framework\\src\\Illuminate\\Foundation\\Console\\Kernel.php(322): Illuminate\\Foundation\\Application->bootstrapWith(Array)
#12 C:\\Users\\PhantonM\\Documents\\Projetos\\Php\
ightlife\\vendor\\laravel\\framework\\src\\Illuminate\\Foundation\\Console\\Kernel.php(131): Illuminate\\Foundation\\Console\\Kernel->bootstrap()
#13 C:\\Users\\PhantonM\\Documents\\Projetos\\Php\
ightlife\\artisan(37): Illuminate\\Foundation\\Console\\Kernel->handle(Object(Symfony\\Component\\Console\\Input\\ArgvInput), Object(Symfony\\Component\\Console\\Output\\ConsoleOutput))
#14 {main}
"} 
[2019-10-19 16:54:00] laravel.EMERGENCY: Unable to create configured logger. Using emergency logger. {"exception":"[object] (InvalidArgumentException(code: 0): Log [] is not defined. at C:\\Users\\PhantonM\\Documents\\Projetos\\Php\
ightlife\\vendor\\laravel\\framework\\src\\Illuminate\\Log\\LogManager.php:168)
[stacktrace]
#0 C:\\Users\\PhantonM\\Documents\\Projetos\\Php\
ightlife\\vendor\\laravel\\framework\\src\\Illuminate\\Log\\LogManager.php(102): Illuminate\\Log\\LogManager->resolve(NULL)
#1 C:\\Users\\PhantonM\\Documents\\Projetos\\Php\
ightlife\\vendor\\laravel\\framework\\src\\Illuminate\\Log\\LogManager.php(90): Illuminate\\Log\\LogManager->get(NULL)
#2 C:\\Users\\PhantonM\\Documents\\Projetos\\Php\
ightlife\\vendor\\laravel\\framework\\src\\Illuminate\\Log\\LogManager.php(500): Illuminate\\Log\\LogManager->driver()
#3 C:\\Users\\PhantonM\\Documents\\Projetos\\Php\
ightlife\\vendor\\laravel\\framework\\src\\Illuminate\\Foundation\\Exceptions\\Handler.php(118): Illuminate\\Log\\LogManager->error('Argument 2 pass...', Array)
#4 C:\\Users\\PhantonM\\Documents\\Projetos\\Php\
ightlife\\app\\Exceptions\\Handler.php(37): Illuminate\\Foundation\\Exceptions\\Handler->report(Object(Symfony\\Component\\Debug\\Exception\\FatalThrowableError))
#5 C:\\Users\\PhantonM\\Documents\\Projetos\\Php\
ightlife\\vendor\\laravel\\framework\\src\\Illuminate\\Foundation\\Console\\Kernel.php(378): App\\Exceptions\\Handler->report(Object(Symfony\\Component\\Debug\\Exception\\FatalThrowableError))
#6 C:\\Users\\PhantonM\\Documents\\Projetos\\Php\
ightlife\\vendor\\laravel\\framework\\src\\Illuminate\\Foundation\\Console\\Kernel.php(143): Illuminate\\Foundation\\Console\\Kernel->reportException(Object(Symfony\\Component\\Debug\\Exception\\FatalThrowableError))
#7 C:\\Users\\PhantonM\\Documents\\Projetos\\Php\
ightlife\\artisan(37): Illuminate\\Foundation\\Console\\Kernel->handle(Object(Symfony\\Component\\Console\\Input\\ArgvInput), Object(Symfony\\Component\\Console\\Output\\ConsoleOutput))
#8 {main}
"} 
[2019-10-19 16:54:00] laravel.ERROR: Argument 2 passed to Illuminate\Routing\UrlGenerator::__construct() must be an instance of Illuminate\Http\Request, null given, called in C:\Users\PhantonM\Documents\Projetos\Php\nightlife\vendor\laravel\framework\src\Illuminate\Routing\RoutingServiceProvider.php on line 62 {"exception":"[object] (Symfony\\Component\\Debug\\Exception\\FatalThrowableError(code: 0): Argument 2 passed to Illuminate\\Routing\\UrlGenerator::__construct() must be an instance of Illuminate\\Http\\Request, null given, called in C:\\Users\\PhantonM\\Documents\\Projetos\\Php\
ightlife\\vendor\\laravel\\framework\\src\\Illuminate\\Routing\\RoutingServiceProvider.php on line 62 at C:\\Users\\PhantonM\\Documents\\Projetos\\Php\
ightlife\\vendor\\laravel\\framework\\src\\Illuminate\\Routing\\UrlGenerator.php:119)
[stacktrace]
#0 C:\\Users\\PhantonM\\Documents\\Projetos\\Php\
ightlife\\vendor\\laravel\\framework\\src\\Illuminate\\Routing\\RoutingServiceProvider.php(62): Illuminate\\Routing\\UrlGenerator->__construct(Object(Illuminate\\Routing\\RouteCollection), NULL, NULL)
#1 C:\\Users\\PhantonM\\Documents\\Projetos\\Php\
ightlife\\vendor\\laravel\\framework\\src\\Illuminate\\Container\\Container.php(785): Illuminate\\Routing\\RoutingServiceProvider->Illuminate\\Routing\\{closure}(Object(Illuminate\\Foundation\\Application), Array)
#2 C:\\Users\\PhantonM\\Documents\\Projetos\\Php\
ightlife\\vendor\\laravel\\framework\\src\\Illuminate\\Container\\Container.php(667): Illuminate\\Container\\Container->build(Object(Closure))
#3 C:\\Users\\PhantonM\\Documents\\Projetos\\Php\
ightlife\\vendor\\laravel\\framework\\src\\Illuminate\\Container\\Container.php(615): Illuminate\\Container\\Container->resolve('url', Array)
#4 C:\\Users\\PhantonM\\Documents\\Projetos\\Php\
ightlife\\vendor\\laravel\\framework\\src\\Illuminate\\Foundation\\Application.php(767): Illuminate\\Container\\Container->make('url', Array)
#5 C:\\Users\\PhantonM\\Documents\\Projetos\\Php\
ightlife\\vendor\\laravel\\framework\\src\\Illuminate\\Foundation\\helpers.php(121): Illuminate\\Foundation\\Application->make('url', Array)
#6 C:\\Users\\PhantonM\\Documents\\Projetos\\Php\
ightlife\\vendor\\laravel\\framework\\src\\Illuminate\\Foundation\\helpers.php(928): app('Illuminate\\\\Cont...')
#7 C:\\Users\\PhantonM\\Documents\\Projetos\\Php\
ightlife\\config\\adminlte.php(33): url('assets\\\\PainelAd...')
#8 C:\\Users\\PhantonM\\Documents\\Projetos\\Php\
ightlife\\vendor\\laravel\\framework\\src\\Illuminate\\Foundation\\Bootstrap\\LoadConfiguration.php(72): require('C:\\\\Users\\\\Phanto...')
#9 C:\\Users\\PhantonM\\Documents\\Projetos\\Php\
ightlife\\vendor\\laravel\\framework\\src\\Illuminate\\Foundation\\Bootstrap\\LoadConfiguration.php(39): Illuminate\\Foundation\\Bootstrap\\LoadConfiguration->loadConfigurationFiles(Object(Illuminate\\Foundation\\Application), Object(Illuminate\\Config\\Repository))
#10 C:\\Users\\PhantonM\\Documents\\Projetos\\Php\
ightlife\\vendor\\laravel\\framework\\src\\Illuminate\\Foundation\\Application.php(210): Illuminate\\Foundation\\Bootstrap\\LoadConfiguration->bootstrap(Object(Illuminate\\Foundation\\Application))
#11 C:\\Users\\PhantonM\\Documents\\Projetos\\Php\
ightlife\\vendor\\laravel\\framework\\src\\Illuminate\\Foundation\\Console\\Kernel.php(322): Illuminate\\Foundation\\Application->bootstrapWith(Array)
#12 C:\\Users\\PhantonM\\Documents\\Projetos\\Php\
ightlife\\vendor\\laravel\\framework\\src\\Illuminate\\Foundation\\Console\\Kernel.php(131): Illuminate\\Foundation\\Console\\Kernel->bootstrap()
#13 C:\\Users\\PhantonM\\Documents\\Projetos\\Php\
ightlife\\artisan(37): Illuminate\\Foundation\\Console\\Kernel->handle(Object(Symfony\\Component\\Console\\Input\\ArgvInput), Object(Symfony\\Component\\Console\\Output\\ConsoleOutput))
#14 {main}
"} 
[2019-10-19 16:55:22] laravel.EMERGENCY: Unable to create configured logger. Using emergency logger. {"exception":"[object] (InvalidArgumentException(code: 0): Log [] is not defined. at C:\\Users\\PhantonM\\Documents\\Projetos\\Php\
ightlife\\vendor\\laravel\\framework\\src\\Illuminate\\Log\\LogManager.php:168)
[stacktrace]
#0 C:\\Users\\PhantonM\\Documents\\Projetos\\Php\
ightlife\\vendor\\laravel\\framework\\src\\Illuminate\\Log\\LogManager.php(102): Illuminate\\Log\\LogManager->resolve(NULL)
#1 C:\\Users\\PhantonM\\Documents\\Projetos\\Php\
ightlife\\vendor\\laravel\\framework\\src\\Illuminate\\Log\\LogManager.php(90): Illuminate\\Log\\LogManager->get(NULL)
#2 C:\\Users\\PhantonM\\Documents\\Projetos\\Php\
ightlife\\vendor\\laravel\\framework\\src\\Illuminate\\Log\\LogManager.php(500): Illuminate\\Log\\LogManager->driver()
#3 C:\\Users\\PhantonM\\Documents\\Projetos\\Php\
ightlife\\vendor\\laravel\\framework\\src\\Illuminate\\Foundation\\Exceptions\\Handler.php(118): Illuminate\\Log\\LogManager->error('Argument 2 pass...', Array)
#4 C:\\Users\\PhantonM\\Documents\\Projetos\\Php\
ightlife\\app\\Exceptions\\Handler.php(37): Illuminate\\Foundation\\Exceptions\\Handler->report(Object(Symfony\\Component\\Debug\\Exception\\FatalThrowableError))
#5 C:\\Users\\PhantonM\\Documents\\Projetos\\Php\
ightlife\\vendor\\laravel\\framework\\src\\Illuminate\\Foundation\\Console\\Kernel.php(378): App\\Exceptions\\Handler->report(Object(Symfony\\Component\\Debug\\Exception\\FatalThrowableError))
#6 C:\\Users\\PhantonM\\Documents\\Projetos\\Php\
ightlife\\vendor\\laravel\\framework\\src\\Illuminate\\Foundation\\Console\\Kernel.php(143): Illuminate\\Foundation\\Console\\Kernel->reportException(Object(Symfony\\Component\\Debug\\Exception\\FatalThrowableError))
#7 C:\\Users\\PhantonM\\Documents\\Projetos\\Php\
ightlife\\artisan(37): Illuminate\\Foundation\\Console\\Kernel->handle(Object(Symfony\\Component\\Console\\Input\\ArgvInput), Object(Symfony\\Component\\Console\\Output\\ConsoleOutput))
#8 {main}
"} 
[2019-10-19 16:55:22] laravel.ERROR: Argument 2 passed to Illuminate\Routing\UrlGenerator::__construct() must be an instance of Illuminate\Http\Request, null given, called in C:\Users\PhantonM\Documents\Projetos\Php\nightlife\vendor\laravel\framework\src\Illuminate\Routing\RoutingServiceProvider.php on line 62 {"exception":"[object] (Symfony\\Component\\Debug\\Exception\\FatalThrowableError(code: 0): Argument 2 passed to Illuminate\\Routing\\UrlGenerator::__construct() must be an instance of Illuminate\\Http\\Request, null given, called in C:\\Users\\PhantonM\\Documents\\Projetos\\Php\
ightlife\\vendor\\laravel\\framework\\src\\Illuminate\\Routing\\RoutingServiceProvider.php on line 62 at C:\\Users\\PhantonM\\Documents\\Projetos\\Php\
ightlife\\vendor\\laravel\\framework\\src\\Illuminate\\Routing\\UrlGenerator.php:119)
[stacktrace]
#0 C:\\Users\\PhantonM\\Documents\\Projetos\\Php\
ightlife\\vendor\\laravel\\framework\\src\\Illuminate\\Routing\\RoutingServiceProvider.php(62): Illuminate\\Routing\\UrlGenerator->__construct(Object(Illuminate\\Routing\\RouteCollection), NULL, NULL)
#1 C:\\Users\\PhantonM\\Documents\\Projetos\\Php\
ightlife\\vendor\\laravel\\framework\\src\\Illuminate\\Container\\Container.php(785): Illuminate\\Routing\\RoutingServiceProvider->Illuminate\\Routing\\{closure}(Object(Illuminate\\Foundation\\Application), Array)
#2 C:\\Users\\PhantonM\\Documents\\Projetos\\Php\
ightlife\\vendor\\laravel\\framework\\src\\Illuminate\\Container\\Container.php(667): Illuminate\\Container\\Container->build(Object(Closure))
#3 C:\\Users\\PhantonM\\Documents\\Projetos\\Php\
ightlife\\vendor\\laravel\\framework\\src\\Illuminate\\Container\\Container.php(615): Illuminate\\Container\\Container->resolve('url', Array)
#4 C:\\Users\\PhantonM\\Documents\\Projetos\\Php\
ightlife\\vendor\\laravel\\framework\\src\\Illuminate\\Foundation\\Application.php(767): Illuminate\\Container\\Container->make('url', Array)
#5 C:\\Users\\PhantonM\\Documents\\Projetos\\Php\
ightlife\\vendor\\laravel\\framework\\src\\Illuminate\\Foundation\\helpers.php(121): Illuminate\\Foundation\\Application->make('url', Array)
#6 C:\\Users\\PhantonM\\Documents\\Projetos\\Php\
ightlife\\vendor\\laravel\\framework\\src\\Illuminate\\Foundation\\helpers.php(928): app('Illuminate\\\\Cont...')
#7 C:\\Users\\PhantonM\\Documents\\Projetos\\Php\
ightlife\\config\\adminlte.php(33): url('assets\\\\PainelAd...')
#8 C:\\Users\\PhantonM\\Documents\\Projetos\\Php\
ightlife\\vendor\\laravel\\framework\\src\\Illuminate\\Foundation\\Bootstrap\\LoadConfiguration.php(72): require('C:\\\\Users\\\\Phanto...')
#9 C:\\Users\\PhantonM\\Documents\\Projetos\\Php\
ightlife\\vendor\\laravel\\framework\\src\\Illuminate\\Foundation\\Bootstrap\\LoadConfiguration.php(39): Illuminate\\Foundation\\Bootstrap\\LoadConfiguration->loadConfigurationFiles(Object(Illuminate\\Foundation\\Application), Object(Illuminate\\Config\\Repository))
#10 C:\\Users\\PhantonM\\Documents\\Projetos\\Php\
ightlife\\vendor\\laravel\\framework\\src\\Illuminate\\Foundation\\Application.php(210): Illuminate\\Foundation\\Bootstrap\\LoadConfiguration->bootstrap(Object(Illuminate\\Foundation\\Application))
#11 C:\\Users\\PhantonM\\Documents\\Projetos\\Php\
ightlife\\vendor\\laravel\\framework\\src\\Illuminate\\Foundation\\Console\\Kernel.php(322): Illuminate\\Foundation\\Application->bootstrapWith(Array)
#12 C:\\Users\\PhantonM\\Documents\\Projetos\\Php\
ightlife\\vendor\\laravel\\framework\\src\\Illuminate\\Foundation\\Console\\Kernel.php(131): Illuminate\\Foundation\\Console\\Kernel->bootstrap()
#13 C:\\Users\\PhantonM\\Documents\\Projetos\\Php\
ightlife\\artisan(37): Illuminate\\Foundation\\Console\\Kernel->handle(Object(Symfony\\Component\\Console\\Input\\ArgvInput), Object(Symfony\\Component\\Console\\Output\\ConsoleOutput))
#14 {main}
"} 
[2019-10-19 16:57:26] laravel.EMERGENCY: Unable to create configured logger. Using emergency logger. {"exception":"[object] (InvalidArgumentException(code: 0): Log [] is not defined. at C:\\Users\\PhantonM\\Documents\\Projetos\\Php\
ightlife\\vendor\\laravel\\framework\\src\\Illuminate\\Log\\LogManager.php:168)
[stacktrace]
#0 C:\\Users\\PhantonM\\Documents\\Projetos\\Php\
ightlife\\vendor\\laravel\\framework\\src\\Illuminate\\Log\\LogManager.php(102): Illuminate\\Log\\LogManager->resolve(NULL)
#1 C:\\Users\\PhantonM\\Documents\\Projetos\\Php\
ightlife\\vendor\\laravel\\framework\\src\\Illuminate\\Log\\LogManager.php(90): Illuminate\\Log\\LogManager->get(NULL)
#2 C:\\Users\\PhantonM\\Documents\\Projetos\\Php\
ightlife\\vendor\\laravel\\framework\\src\\Illuminate\\Log\\LogManager.php(500): Illuminate\\Log\\LogManager->driver()
#3 C:\\Users\\PhantonM\\Documents\\Projetos\\Php\
ightlife\\vendor\\laravel\\framework\\src\\Illuminate\\Foundation\\Exceptions\\Handler.php(118): Illuminate\\Log\\LogManager->error('Argument 2 pass...', Array)
#4 C:\\Users\\PhantonM\\Documents\\Projetos\\Php\
ightlife\\app\\Exceptions\\Handler.php(37): Illuminate\\Foundation\\Exceptions\\Handler->report(Object(Symfony\\Component\\Debug\\Exception\\FatalThrowableError))
#5 C:\\Users\\PhantonM\\Documents\\Projetos\\Php\
ightlife\\vendor\\laravel\\framework\\src\\Illuminate\\Foundation\\Console\\Kernel.php(378): App\\Exceptions\\Handler->report(Object(Symfony\\Component\\Debug\\Exception\\FatalThrowableError))
#6 C:\\Users\\PhantonM\\Documents\\Projetos\\Php\
ightlife\\vendor\\laravel\\framework\\src\\Illuminate\\Foundation\\Console\\Kernel.php(143): Illuminate\\Foundation\\Console\\Kernel->reportException(Object(Symfony\\Component\\Debug\\Exception\\FatalThrowableError))
#7 C:\\Users\\PhantonM\\Documents\\Projetos\\Php\
ightlife\\artisan(37): Illuminate\\Foundation\\Console\\Kernel->handle(Object(Symfony\\Component\\Console\\Input\\ArgvInput), Object(Symfony\\Component\\Console\\Output\\ConsoleOutput))
#8 {main}
"} 
[2019-10-19 16:57:26] laravel.ERROR: Argument 2 passed to Illuminate\Routing\UrlGenerator::__construct() must be an instance of Illuminate\Http\Request, null given, called in C:\Users\PhantonM\Documents\Projetos\Php\nightlife\vendor\laravel\framework\src\Illuminate\Routing\RoutingServiceProvider.php on line 62 {"exception":"[object] (Symfony\\Component\\Debug\\Exception\\FatalThrowableError(code: 0): Argument 2 passed to Illuminate\\Routing\\UrlGenerator::__construct() must be an instance of Illuminate\\Http\\Request, null given, called in C:\\Users\\PhantonM\\Documents\\Projetos\\Php\
ightlife\\vendor\\laravel\\framework\\src\\Illuminate\\Routing\\RoutingServiceProvider.php on line 62 at C:\\Users\\PhantonM\\Documents\\Projetos\\Php\
ightlife\\vendor\\laravel\\framework\\src\\Illuminate\\Routing\\UrlGenerator.php:119)
[stacktrace]
#0 C:\\Users\\PhantonM\\Documents\\Projetos\\Php\
ightlife\\vendor\\laravel\\framework\\src\\Illuminate\\Routing\\RoutingServiceProvider.php(62): Illuminate\\Routing\\UrlGenerator->__construct(Object(Illuminate\\Routing\\RouteCollection), NULL, NULL)
#1 C:\\Users\\PhantonM\\Documents\\Projetos\\Php\
ightlife\\vendor\\laravel\\framework\\src\\Illuminate\\Container\\Container.php(785): Illuminate\\Routing\\RoutingServiceProvider->Illuminate\\Routing\\{closure}(Object(Illuminate\\Foundation\\Application), Array)
#2 C:\\Users\\PhantonM\\Documents\\Projetos\\Php\
ightlife\\vendor\\laravel\\framework\\src\\Illuminate\\Container\\Container.php(667): Illuminate\\Container\\Container->build(Object(Closure))
#3 C:\\Users\\PhantonM\\Documents\\Projetos\\Php\
ightlife\\vendor\\laravel\\framework\\src\\Illuminate\\Container\\Container.php(615): Illuminate\\Container\\Container->resolve('url', Array)
#4 C:\\Users\\PhantonM\\Documents\\Projetos\\Php\
ightlife\\vendor\\laravel\\framework\\src\\Illuminate\\Foundation\\Application.php(767): Illuminate\\Container\\Container->make('url', Array)
#5 C:\\Users\\PhantonM\\Documents\\Projetos\\Php\
ightlife\\vendor\\laravel\\framework\\src\\Illuminate\\Foundation\\helpers.php(121): Illuminate\\Foundation\\Application->make('url', Array)
#6 C:\\Users\\PhantonM\\Documents\\Projetos\\Php\
ightlife\\vendor\\laravel\\framework\\src\\Illuminate\\Foundation\\helpers.php(928): app('Illuminate\\\\Cont...')
#7 C:\\Users\\PhantonM\\Documents\\Projetos\\Php\
ightlife\\config\\adminlte.php(33): url('assets\\\\PainelAd...')
#8 C:\\Users\\PhantonM\\Documents\\Projetos\\Php\
ightlife\\vendor\\laravel\\framework\\src\\Illuminate\\Foundation\\Bootstrap\\LoadConfiguration.php(72): require('C:\\\\Users\\\\Phanto...')
#9 C:\\Users\\PhantonM\\Documents\\Projetos\\Php\
ightlife\\vendor\\laravel\\framework\\src\\Illuminate\\Foundation\\Bootstrap\\LoadConfiguration.php(39): Illuminate\\Foundation\\Bootstrap\\LoadConfiguration->loadConfigurationFiles(Object(Illuminate\\Foundation\\Application), Object(Illuminate\\Config\\Repository))
#10 C:\\Users\\PhantonM\\Documents\\Projetos\\Php\
ightlife\\vendor\\laravel\\framework\\src\\Illuminate\\Foundation\\Application.php(210): Illuminate\\Foundation\\Bootstrap\\LoadConfiguration->bootstrap(Object(Illuminate\\Foundation\\Application))
#11 C:\\Users\\PhantonM\\Documents\\Projetos\\Php\
ightlife\\vendor\\laravel\\framework\\src\\Illuminate\\Foundation\\Console\\Kernel.php(322): Illuminate\\Foundation\\Application->bootstrapWith(Array)
#12 C:\\Users\\PhantonM\\Documents\\Projetos\\Php\
ightlife\\vendor\\laravel\\framework\\src\\Illuminate\\Foundation\\Console\\Kernel.php(131): Illuminate\\Foundation\\Console\\Kernel->bootstrap()
#13 C:\\Users\\PhantonM\\Documents\\Projetos\\Php\
ightlife\\artisan(37): Illuminate\\Foundation\\Console\\Kernel->handle(Object(Symfony\\Component\\Console\\Input\\ArgvInput), Object(Symfony\\Component\\Console\\Output\\ConsoleOutput))
#14 {main}
"} 
[2019-10-19 16:57:34] laravel.EMERGENCY: Unable to create configured logger. Using emergency logger. {"exception":"[object] (InvalidArgumentException(code: 0): Log [] is not defined. at C:\\Users\\PhantonM\\Documents\\Projetos\\Php\
ightlife\\vendor\\laravel\\framework\\src\\Illuminate\\Log\\LogManager.php:168)
[stacktrace]
#0 C:\\Users\\PhantonM\\Documents\\Projetos\\Php\
ightlife\\vendor\\laravel\\framework\\src\\Illuminate\\Log\\LogManager.php(102): Illuminate\\Log\\LogManager->resolve(NULL)
#1 C:\\Users\\PhantonM\\Documents\\Projetos\\Php\
ightlife\\vendor\\laravel\\framework\\src\\Illuminate\\Log\\LogManager.php(90): Illuminate\\Log\\LogManager->get(NULL)
#2 C:\\Users\\PhantonM\\Documents\\Projetos\\Php\
ightlife\\vendor\\laravel\\framework\\src\\Illuminate\\Log\\LogManager.php(500): Illuminate\\Log\\LogManager->driver()
#3 C:\\Users\\PhantonM\\Documents\\Projetos\\Php\
ightlife\\vendor\\laravel\\framework\\src\\Illuminate\\Foundation\\Exceptions\\Handler.php(118): Illuminate\\Log\\LogManager->error('Argument 2 pass...', Array)
#4 C:\\Users\\PhantonM\\Documents\\Projetos\\Php\
ightlife\\app\\Exceptions\\Handler.php(37): Illuminate\\Foundation\\Exceptions\\Handler->report(Object(Symfony\\Component\\Debug\\Exception\\FatalThrowableError))
#5 C:\\Users\\PhantonM\\Documents\\Projetos\\Php\
ightlife\\vendor\\laravel\\framework\\src\\Illuminate\\Foundation\\Console\\Kernel.php(378): App\\Exceptions\\Handler->report(Object(Symfony\\Component\\Debug\\Exception\\FatalThrowableError))
#6 C:\\Users\\PhantonM\\Documents\\Projetos\\Php\
ightlife\\vendor\\laravel\\framework\\src\\Illuminate\\Foundation\\Console\\Kernel.php(143): Illuminate\\Foundation\\Console\\Kernel->reportException(Object(Symfony\\Component\\Debug\\Exception\\FatalThrowableError))
#7 C:\\Users\\PhantonM\\Documents\\Projetos\\Php\
ightlife\\artisan(37): Illuminate\\Foundation\\Console\\Kernel->handle(Object(Symfony\\Component\\Console\\Input\\ArgvInput), Object(Symfony\\Component\\Console\\Output\\ConsoleOutput))
#8 {main}
"} 
[2019-10-19 16:57:34] laravel.ERROR: Argument 2 passed to Illuminate\Routing\UrlGenerator::__construct() must be an instance of Illuminate\Http\Request, null given, called in C:\Users\PhantonM\Documents\Projetos\Php\nightlife\vendor\laravel\framework\src\Illuminate\Routing\RoutingServiceProvider.php on line 62 {"exception":"[object] (Symfony\\Component\\Debug\\Exception\\FatalThrowableError(code: 0): Argument 2 passed to Illuminate\\Routing\\UrlGenerator::__construct() must be an instance of Illuminate\\Http\\Request, null given, called in C:\\Users\\PhantonM\\Documents\\Projetos\\Php\
ightlife\\vendor\\laravel\\framework\\src\\Illuminate\\Routing\\RoutingServiceProvider.php on line 62 at C:\\Users\\PhantonM\\Documents\\Projetos\\Php\
ightlife\\vendor\\laravel\\framework\\src\\Illuminate\\Routing\\UrlGenerator.php:119)
[stacktrace]
#0 C:\\Users\\PhantonM\\Documents\\Projetos\\Php\
ightlife\\vendor\\laravel\\framework\\src\\Illuminate\\Routing\\RoutingServiceProvider.php(62): Illuminate\\Routing\\UrlGenerator->__construct(Object(Illuminate\\Routing\\RouteCollection), NULL, NULL)
#1 C:\\Users\\PhantonM\\Documents\\Projetos\\Php\
ightlife\\vendor\\laravel\\framework\\src\\Illuminate\\Container\\Container.php(785): Illuminate\\Routing\\RoutingServiceProvider->Illuminate\\Routing\\{closure}(Object(Illuminate\\Foundation\\Application), Array)
#2 C:\\Users\\PhantonM\\Documents\\Projetos\\Php\
ightlife\\vendor\\laravel\\framework\\src\\Illuminate\\Container\\Container.php(667): Illuminate\\Container\\Container->build(Object(Closure))
#3 C:\\Users\\PhantonM\\Documents\\Projetos\\Php\
ightlife\\vendor\\laravel\\framework\\src\\Illuminate\\Container\\Container.php(615): Illuminate\\Container\\Container->resolve('url', Array)
#4 C:\\Users\\PhantonM\\Documents\\Projetos\\Php\
ightlife\\vendor\\laravel\\framework\\src\\Illuminate\\Foundation\\Application.php(767): Illuminate\\Container\\Container->make('url', Array)
#5 C:\\Users\\PhantonM\\Documents\\Projetos\\Php\
ightlife\\vendor\\laravel\\framework\\src\\Illuminate\\Foundation\\helpers.php(121): Illuminate\\Foundation\\Application->make('url', Array)
#6 C:\\Users\\PhantonM\\Documents\\Projetos\\Php\
ightlife\\vendor\\laravel\\framework\\src\\Illuminate\\Foundation\\helpers.php(928): app('Illuminate\\\\Cont...')
#7 C:\\Users\\PhantonM\\Documents\\Projetos\\Php\
ightlife\\config\\adminlte.php(33): url('assets\\\\PainelAd...')
#8 C:\\Users\\PhantonM\\Documents\\Projetos\\Php\
ightlife\\vendor\\laravel\\framework\\src\\Illuminate\\Foundation\\Bootstrap\\LoadConfiguration.php(72): require('C:\\\\Users\\\\Phanto...')
#9 C:\\Users\\PhantonM\\Documents\\Projetos\\Php\
ightlife\\vendor\\laravel\\framework\\src\\Illuminate\\Foundation\\Bootstrap\\LoadConfiguration.php(39): Illuminate\\Foundation\\Bootstrap\\LoadConfiguration->loadConfigurationFiles(Object(Illuminate\\Foundation\\Application), Object(Illuminate\\Config\\Repository))
#10 C:\\Users\\PhantonM\\Documents\\Projetos\\Php\
ightlife\\vendor\\laravel\\framework\\src\\Illuminate\\Foundation\\Application.php(210): Illuminate\\Foundation\\Bootstrap\\LoadConfiguration->bootstrap(Object(Illuminate\\Foundation\\Application))
#11 C:\\Users\\PhantonM\\Documents\\Projetos\\Php\
ightlife\\vendor\\laravel\\framework\\src\\Illuminate\\Foundation\\Console\\Kernel.php(322): Illuminate\\Foundation\\Application->bootstrapWith(Array)
#12 C:\\Users\\PhantonM\\Documents\\Projetos\\Php\
ightlife\\vendor\\laravel\\framework\\src\\Illuminate\\Foundation\\Console\\Kernel.php(131): Illuminate\\Foundation\\Console\\Kernel->bootstrap()
#13 C:\\Users\\PhantonM\\Documents\\Projetos\\Php\
ightlife\\artisan(37): Illuminate\\Foundation\\Console\\Kernel->handle(Object(Symfony\\Component\\Console\\Input\\ArgvInput), Object(Symfony\\Component\\Console\\Output\\ConsoleOutput))
#14 {main}
"} 
[2019-10-19 16:57:38] laravel.EMERGENCY: Unable to create configured logger. Using emergency logger. {"exception":"[object] (InvalidArgumentException(code: 0): Log [] is not defined. at C:\\Users\\PhantonM\\Documents\\Projetos\\Php\
ightlife\\vendor\\laravel\\framework\\src\\Illuminate\\Log\\LogManager.php:168)
[stacktrace]
#0 C:\\Users\\PhantonM\\Documents\\Projetos\\Php\
ightlife\\vendor\\laravel\\framework\\src\\Illuminate\\Log\\LogManager.php(102): Illuminate\\Log\\LogManager->resolve(NULL)
#1 C:\\Users\\PhantonM\\Documents\\Projetos\\Php\
ightlife\\vendor\\laravel\\framework\\src\\Illuminate\\Log\\LogManager.php(90): Illuminate\\Log\\LogManager->get(NULL)
#2 C:\\Users\\PhantonM\\Documents\\Projetos\\Php\
ightlife\\vendor\\laravel\\framework\\src\\Illuminate\\Log\\LogManager.php(500): Illuminate\\Log\\LogManager->driver()
#3 C:\\Users\\PhantonM\\Documents\\Projetos\\Php\
ightlife\\vendor\\laravel\\framework\\src\\Illuminate\\Foundation\\Exceptions\\Handler.php(118): Illuminate\\Log\\LogManager->error('Argument 2 pass...', Array)
#4 C:\\Users\\PhantonM\\Documents\\Projetos\\Php\
ightlife\\app\\Exceptions\\Handler.php(37): Illuminate\\Foundation\\Exceptions\\Handler->report(Object(Symfony\\Component\\Debug\\Exception\\FatalThrowableError))
#5 C:\\Users\\PhantonM\\Documents\\Projetos\\Php\
ightlife\\vendor\\laravel\\framework\\src\\Illuminate\\Foundation\\Console\\Kernel.php(378): App\\Exceptions\\Handler->report(Object(Symfony\\Component\\Debug\\Exception\\FatalThrowableError))
#6 C:\\Users\\PhantonM\\Documents\\Projetos\\Php\
ightlife\\vendor\\laravel\\framework\\src\\Illuminate\\Foundation\\Console\\Kernel.php(143): Illuminate\\Foundation\\Console\\Kernel->reportException(Object(Symfony\\Component\\Debug\\Exception\\FatalThrowableError))
#7 C:\\Users\\PhantonM\\Documents\\Projetos\\Php\
ightlife\\artisan(37): Illuminate\\Foundation\\Console\\Kernel->handle(Object(Symfony\\Component\\Console\\Input\\ArgvInput), Object(Symfony\\Component\\Console\\Output\\ConsoleOutput))
#8 {main}
"} 
[2019-10-19 16:57:38] laravel.ERROR: Argument 2 passed to Illuminate\Routing\UrlGenerator::__construct() must be an instance of Illuminate\Http\Request, null given, called in C:\Users\PhantonM\Documents\Projetos\Php\nightlife\vendor\laravel\framework\src\Illuminate\Routing\RoutingServiceProvider.php on line 62 {"exception":"[object] (Symfony\\Component\\Debug\\Exception\\FatalThrowableError(code: 0): Argument 2 passed to Illuminate\\Routing\\UrlGenerator::__construct() must be an instance of Illuminate\\Http\\Request, null given, called in C:\\Users\\PhantonM\\Documents\\Projetos\\Php\
ightlife\\vendor\\laravel\\framework\\src\\Illuminate\\Routing\\RoutingServiceProvider.php on line 62 at C:\\Users\\PhantonM\\Documents\\Projetos\\Php\
ightlife\\vendor\\laravel\\framework\\src\\Illuminate\\Routing\\UrlGenerator.php:119)
[stacktrace]
#0 C:\\Users\\PhantonM\\Documents\\Projetos\\Php\
ightlife\\vendor\\laravel\\framework\\src\\Illuminate\\Routing\\RoutingServiceProvider.php(62): Illuminate\\Routing\\UrlGenerator->__construct(Object(Illuminate\\Routing\\RouteCollection), NULL, NULL)
#1 C:\\Users\\PhantonM\\Documents\\Projetos\\Php\
ightlife\\vendor\\laravel\\framework\\src\\Illuminate\\Container\\Container.php(785): Illuminate\\Routing\\RoutingServiceProvider->Illuminate\\Routing\\{closure}(Object(Illuminate\\Foundation\\Application), Array)
#2 C:\\Users\\PhantonM\\Documents\\Projetos\\Php\
ightlife\\vendor\\laravel\\framework\\src\\Illuminate\\Container\\Container.php(667): Illuminate\\Container\\Container->build(Object(Closure))
#3 C:\\Users\\PhantonM\\Documents\\Projetos\\Php\
ightlife\\vendor\\laravel\\framework\\src\\Illuminate\\Container\\Container.php(615): Illuminate\\Container\\Container->resolve('url', Array)
#4 C:\\Users\\PhantonM\\Documents\\Projetos\\Php\
ightlife\\vendor\\laravel\\framework\\src\\Illuminate\\Foundation\\Application.php(767): Illuminate\\Container\\Container->make('url', Array)
#5 C:\\Users\\PhantonM\\Documents\\Projetos\\Php\
ightlife\\vendor\\laravel\\framework\\src\\Illuminate\\Foundation\\helpers.php(121): Illuminate\\Foundation\\Application->make('url', Array)
#6 C:\\Users\\PhantonM\\Documents\\Projetos\\Php\
ightlife\\vendor\\laravel\\framework\\src\\Illuminate\\Foundation\\helpers.php(928): app('Illuminate\\\\Cont...')
#7 C:\\Users\\PhantonM\\Documents\\Projetos\\Php\
ightlife\\config\\adminlte.php(33): url('assets\\\\PainelAd...')
#8 C:\\Users\\PhantonM\\Documents\\Projetos\\Php\
ightlife\\vendor\\laravel\\framework\\src\\Illuminate\\Foundation\\Bootstrap\\LoadConfiguration.php(72): require('C:\\\\Users\\\\Phanto...')
#9 C:\\Users\\PhantonM\\Documents\\Projetos\\Php\
ightlife\\vendor\\laravel\\framework\\src\\Illuminate\\Foundation\\Bootstrap\\LoadConfiguration.php(39): Illuminate\\Foundation\\Bootstrap\\LoadConfiguration->loadConfigurationFiles(Object(Illuminate\\Foundation\\Application), Object(Illuminate\\Config\\Repository))
#10 C:\\Users\\PhantonM\\Documents\\Projetos\\Php\
ightlife\\vendor\\laravel\\framework\\src\\Illuminate\\Foundation\\Application.php(210): Illuminate\\Foundation\\Bootstrap\\LoadConfiguration->bootstrap(Object(Illuminate\\Foundation\\Application))
#11 C:\\Users\\PhantonM\\Documents\\Projetos\\Php\
ightlife\\vendor\\laravel\\framework\\src\\Illuminate\\Foundation\\Console\\Kernel.php(322): Illuminate\\Foundation\\Application->bootstrapWith(Array)
#12 C:\\Users\\PhantonM\\Documents\\Projetos\\Php\
ightlife\\vendor\\laravel\\framework\\src\\Illuminate\\Foundation\\Console\\Kernel.php(131): Illuminate\\Foundation\\Console\\Kernel->bootstrap()
#13 C:\\Users\\PhantonM\\Documents\\Projetos\\Php\
ightlife\\artisan(37): Illuminate\\Foundation\\Console\\Kernel->handle(Object(Symfony\\Component\\Console\\Input\\ArgvInput), Object(Symfony\\Component\\Console\\Output\\ConsoleOutput))
#14 {main}
"} 
[2019-10-19 18:35:18] laravel.EMERGENCY: Unable to create configured logger. Using emergency logger. {"exception":"[object] (InvalidArgumentException(code: 0): Log [] is not defined. at C:\\Users\\PhantonM\\Documents\\Projetos\\Php\
ightlife\\vendor\\laravel\\framework\\src\\Illuminate\\Log\\LogManager.php:168)
[stacktrace]
#0 C:\\Users\\PhantonM\\Documents\\Projetos\\Php\
ightlife\\vendor\\laravel\\framework\\src\\Illuminate\\Log\\LogManager.php(102): Illuminate\\Log\\LogManager->resolve(NULL)
#1 C:\\Users\\PhantonM\\Documents\\Projetos\\Php\
ightlife\\vendor\\laravel\\framework\\src\\Illuminate\\Log\\LogManager.php(90): Illuminate\\Log\\LogManager->get(NULL)
#2 C:\\Users\\PhantonM\\Documents\\Projetos\\Php\
ightlife\\vendor\\laravel\\framework\\src\\Illuminate\\Log\\LogManager.php(500): Illuminate\\Log\\LogManager->driver()
#3 C:\\Users\\PhantonM\\Documents\\Projetos\\Php\
ightlife\\vendor\\laravel\\framework\\src\\Illuminate\\Foundation\\Exceptions\\Handler.php(118): Illuminate\\Log\\LogManager->error('Argument 2 pass...', Array)
#4 C:\\Users\\PhantonM\\Documents\\Projetos\\Php\
ightlife\\app\\Exceptions\\Handler.php(37): Illuminate\\Foundation\\Exceptions\\Handler->report(Object(Symfony\\Component\\Debug\\Exception\\FatalThrowableError))
#5 C:\\Users\\PhantonM\\Documents\\Projetos\\Php\
ightlife\\vendor\\laravel\\framework\\src\\Illuminate\\Foundation\\Console\\Kernel.php(378): App\\Exceptions\\Handler->report(Object(Symfony\\Component\\Debug\\Exception\\FatalThrowableError))
#6 C:\\Users\\PhantonM\\Documents\\Projetos\\Php\
ightlife\\vendor\\laravel\\framework\\src\\Illuminate\\Foundation\\Console\\Kernel.php(143): Illuminate\\Foundation\\Console\\Kernel->reportException(Object(Symfony\\Component\\Debug\\Exception\\FatalThrowableError))
#7 C:\\Users\\PhantonM\\Documents\\Projetos\\Php\
ightlife\\artisan(37): Illuminate\\Foundation\\Console\\Kernel->handle(Object(Symfony\\Component\\Console\\Input\\ArgvInput), Object(Symfony\\Component\\Console\\Output\\ConsoleOutput))
#8 {main}
"} 
[2019-10-19 18:35:18] laravel.ERROR: Argument 2 passed to Illuminate\Routing\UrlGenerator::__construct() must be an instance of Illuminate\Http\Request, null given, called in C:\Users\PhantonM\Documents\Projetos\Php\nightlife\vendor\laravel\framework\src\Illuminate\Routing\RoutingServiceProvider.php on line 62 {"exception":"[object] (Symfony\\Component\\Debug\\Exception\\FatalThrowableError(code: 0): Argument 2 passed to Illuminate\\Routing\\UrlGenerator::__construct() must be an instance of Illuminate\\Http\\Request, null given, called in C:\\Users\\PhantonM\\Documents\\Projetos\\Php\
ightlife\\vendor\\laravel\\framework\\src\\Illuminate\\Routing\\RoutingServiceProvider.php on line 62 at C:\\Users\\PhantonM\\Documents\\Projetos\\Php\
ightlife\\vendor\\laravel\\framework\\src\\Illuminate\\Routing\\UrlGenerator.php:119)
[stacktrace]
#0 C:\\Users\\PhantonM\\Documents\\Projetos\\Php\
ightlife\\vendor\\laravel\\framework\\src\\Illuminate\\Routing\\RoutingServiceProvider.php(62): Illuminate\\Routing\\UrlGenerator->__construct(Object(Illuminate\\Routing\\RouteCollection), NULL, NULL)
#1 C:\\Users\\PhantonM\\Documents\\Projetos\\Php\
ightlife\\vendor\\laravel\\framework\\src\\Illuminate\\Container\\Container.php(785): Illuminate\\Routing\\RoutingServiceProvider->Illuminate\\Routing\\{closure}(Object(Illuminate\\Foundation\\Application), Array)
#2 C:\\Users\\PhantonM\\Documents\\Projetos\\Php\
ightlife\\vendor\\laravel\\framework\\src\\Illuminate\\Container\\Container.php(667): Illuminate\\Container\\Container->build(Object(Closure))
#3 C:\\Users\\PhantonM\\Documents\\Projetos\\Php\
ightlife\\vendor\\laravel\\framework\\src\\Illuminate\\Container\\Container.php(615): Illuminate\\Container\\Container->resolve('url', Array)
#4 C:\\Users\\PhantonM\\Documents\\Projetos\\Php\
ightlife\\vendor\\laravel\\framework\\src\\Illuminate\\Foundation\\Application.php(767): Illuminate\\Container\\Container->make('url', Array)
#5 C:\\Users\\PhantonM\\Documents\\Projetos\\Php\
ightlife\\vendor\\laravel\\framework\\src\\Illuminate\\Foundation\\helpers.php(121): Illuminate\\Foundation\\Application->make('url', Array)
#6 C:\\Users\\PhantonM\\Documents\\Projetos\\Php\
ightlife\\vendor\\laravel\\framework\\src\\Illuminate\\Foundation\\helpers.php(928): app('Illuminate\\\\Cont...')
#7 C:\\Users\\PhantonM\\Documents\\Projetos\\Php\
ightlife\\config\\adminlte.php(33): url('assets\\\\PainelAd...')
#8 C:\\Users\\PhantonM\\Documents\\Projetos\\Php\
ightlife\\vendor\\laravel\\framework\\src\\Illuminate\\Foundation\\Bootstrap\\LoadConfiguration.php(72): require('C:\\\\Users\\\\Phanto...')
#9 C:\\Users\\PhantonM\\Documents\\Projetos\\Php\
ightlife\\vendor\\laravel\\framework\\src\\Illuminate\\Foundation\\Bootstrap\\LoadConfiguration.php(39): Illuminate\\Foundation\\Bootstrap\\LoadConfiguration->loadConfigurationFiles(Object(Illuminate\\Foundation\\Application), Object(Illuminate\\Config\\Repository))
#10 C:\\Users\\PhantonM\\Documents\\Projetos\\Php\
ightlife\\vendor\\laravel\\framework\\src\\Illuminate\\Foundation\\Application.php(210): Illuminate\\Foundation\\Bootstrap\\LoadConfiguration->bootstrap(Object(Illuminate\\Foundation\\Application))
#11 C:\\Users\\PhantonM\\Documents\\Projetos\\Php\
ightlife\\vendor\\laravel\\framework\\src\\Illuminate\\Foundation\\Console\\Kernel.php(322): Illuminate\\Foundation\\Application->bootstrapWith(Array)
#12 C:\\Users\\PhantonM\\Documents\\Projetos\\Php\
ightlife\\vendor\\laravel\\framework\\src\\Illuminate\\Foundation\\Console\\Kernel.php(131): Illuminate\\Foundation\\Console\\Kernel->bootstrap()
#13 C:\\Users\\PhantonM\\Documents\\Projetos\\Php\
ightlife\\artisan(37): Illuminate\\Foundation\\Console\\Kernel->handle(Object(Symfony\\Component\\Console\\Input\\ArgvInput), Object(Symfony\\Component\\Console\\Output\\ConsoleOutput))
#14 {main}
"} 
[2019-10-19 18:35:54] laravel.EMERGENCY: Unable to create configured logger. Using emergency logger. {"exception":"[object] (InvalidArgumentException(code: 0): Log [] is not defined. at C:\\Users\\PhantonM\\Documents\\Projetos\\Php\
ightlife\\vendor\\laravel\\framework\\src\\Illuminate\\Log\\LogManager.php:168)
[stacktrace]
#0 C:\\Users\\PhantonM\\Documents\\Projetos\\Php\
ightlife\\vendor\\laravel\\framework\\src\\Illuminate\\Log\\LogManager.php(102): Illuminate\\Log\\LogManager->resolve(NULL)
#1 C:\\Users\\PhantonM\\Documents\\Projetos\\Php\
ightlife\\vendor\\laravel\\framework\\src\\Illuminate\\Log\\LogManager.php(90): Illuminate\\Log\\LogManager->get(NULL)
#2 C:\\Users\\PhantonM\\Documents\\Projetos\\Php\
ightlife\\vendor\\laravel\\framework\\src\\Illuminate\\Log\\LogManager.php(500): Illuminate\\Log\\LogManager->driver()
#3 C:\\Users\\PhantonM\\Documents\\Projetos\\Php\
ightlife\\vendor\\laravel\\framework\\src\\Illuminate\\Foundation\\Exceptions\\Handler.php(118): Illuminate\\Log\\LogManager->error('Argument 2 pass...', Array)
#4 C:\\Users\\PhantonM\\Documents\\Projetos\\Php\
ightlife\\app\\Exceptions\\Handler.php(37): Illuminate\\Foundation\\Exceptions\\Handler->report(Object(Symfony\\Component\\Debug\\Exception\\FatalThrowableError))
#5 C:\\Users\\PhantonM\\Documents\\Projetos\\Php\
ightlife\\vendor\\laravel\\framework\\src\\Illuminate\\Foundation\\Console\\Kernel.php(378): App\\Exceptions\\Handler->report(Object(Symfony\\Component\\Debug\\Exception\\FatalThrowableError))
#6 C:\\Users\\PhantonM\\Documents\\Projetos\\Php\
ightlife\\vendor\\laravel\\framework\\src\\Illuminate\\Foundation\\Console\\Kernel.php(143): Illuminate\\Foundation\\Console\\Kernel->reportException(Object(Symfony\\Component\\Debug\\Exception\\FatalThrowableError))
#7 C:\\Users\\PhantonM\\Documents\\Projetos\\Php\
ightlife\\artisan(37): Illuminate\\Foundation\\Console\\Kernel->handle(Object(Symfony\\Component\\Console\\Input\\ArgvInput), Object(Symfony\\Component\\Console\\Output\\ConsoleOutput))
#8 {main}
"} 
[2019-10-19 18:35:54] laravel.ERROR: Argument 2 passed to Illuminate\Routing\UrlGenerator::__construct() must be an instance of Illuminate\Http\Request, null given, called in C:\Users\PhantonM\Documents\Projetos\Php\nightlife\vendor\laravel\framework\src\Illuminate\Routing\RoutingServiceProvider.php on line 62 {"exception":"[object] (Symfony\\Component\\Debug\\Exception\\FatalThrowableError(code: 0): Argument 2 passed to Illuminate\\Routing\\UrlGenerator::__construct() must be an instance of Illuminate\\Http\\Request, null given, called in C:\\Users\\PhantonM\\Documents\\Projetos\\Php\
ightlife\\vendor\\laravel\\framework\\src\\Illuminate\\Routing\\RoutingServiceProvider.php on line 62 at C:\\Users\\PhantonM\\Documents\\Projetos\\Php\
ightlife\\vendor\\laravel\\framework\\src\\Illuminate\\Routing\\UrlGenerator.php:119)
[stacktrace]
#0 C:\\Users\\PhantonM\\Documents\\Projetos\\Php\
ightlife\\vendor\\laravel\\framework\\src\\Illuminate\\Routing\\RoutingServiceProvider.php(62): Illuminate\\Routing\\UrlGenerator->__construct(Object(Illuminate\\Routing\\RouteCollection), NULL, NULL)
#1 C:\\Users\\PhantonM\\Documents\\Projetos\\Php\
ightlife\\vendor\\laravel\\framework\\src\\Illuminate\\Container\\Container.php(785): Illuminate\\Routing\\RoutingServiceProvider->Illuminate\\Routing\\{closure}(Object(Illuminate\\Foundation\\Application), Array)
#2 C:\\Users\\PhantonM\\Documents\\Projetos\\Php\
ightlife\\vendor\\laravel\\framework\\src\\Illuminate\\Container\\Container.php(667): Illuminate\\Container\\Container->build(Object(Closure))
#3 C:\\Users\\PhantonM\\Documents\\Projetos\\Php\
ightlife\\vendor\\laravel\\framework\\src\\Illuminate\\Container\\Container.php(615): Illuminate\\Container\\Container->resolve('url', Array)
#4 C:\\Users\\PhantonM\\Documents\\Projetos\\Php\
ightlife\\vendor\\laravel\\framework\\src\\Illuminate\\Foundation\\Application.php(767): Illuminate\\Container\\Container->make('url', Array)
#5 C:\\Users\\PhantonM\\Documents\\Projetos\\Php\
ightlife\\vendor\\laravel\\framework\\src\\Illuminate\\Foundation\\helpers.php(121): Illuminate\\Foundation\\Application->make('url', Array)
#6 C:\\Users\\PhantonM\\Documents\\Projetos\\Php\
ightlife\\vendor\\laravel\\framework\\src\\Illuminate\\Foundation\\helpers.php(928): app('Illuminate\\\\Cont...')
#7 C:\\Users\\PhantonM\\Documents\\Projetos\\Php\
ightlife\\config\\adminlte.php(33): url('assets\\\\PainelAd...')
#8 C:\\Users\\PhantonM\\Documents\\Projetos\\Php\
ightlife\\vendor\\laravel\\framework\\src\\Illuminate\\Foundation\\Bootstrap\\LoadConfiguration.php(72): require('C:\\\\Users\\\\Phanto...')
#9 C:\\Users\\PhantonM\\Documents\\Projetos\\Php\
ightlife\\vendor\\laravel\\framework\\src\\Illuminate\\Foundation\\Bootstrap\\LoadConfiguration.php(39): Illuminate\\Foundation\\Bootstrap\\LoadConfiguration->loadConfigurationFiles(Object(Illuminate\\Foundation\\Application), Object(Illuminate\\Config\\Repository))
#10 C:\\Users\\PhantonM\\Documents\\Projetos\\Php\
ightlife\\vendor\\laravel\\framework\\src\\Illuminate\\Foundation\\Application.php(210): Illuminate\\Foundation\\Bootstrap\\LoadConfiguration->bootstrap(Object(Illuminate\\Foundation\\Application))
#11 C:\\Users\\PhantonM\\Documents\\Projetos\\Php\
ightlife\\vendor\\laravel\\framework\\src\\Illuminate\\Foundation\\Console\\Kernel.php(322): Illuminate\\Foundation\\Application->bootstrapWith(Array)
#12 C:\\Users\\PhantonM\\Documents\\Projetos\\Php\
ightlife\\vendor\\laravel\\framework\\src\\Illuminate\\Foundation\\Console\\Kernel.php(131): Illuminate\\Foundation\\Console\\Kernel->bootstrap()
#13 C:\\Users\\PhantonM\\Documents\\Projetos\\Php\
ightlife\\artisan(37): Illuminate\\Foundation\\Console\\Kernel->handle(Object(Symfony\\Component\\Console\\Input\\ArgvInput), Object(Symfony\\Component\\Console\\Output\\ConsoleOutput))
#14 {main}
"} 
[2019-10-19 18:36:08] laravel.EMERGENCY: Unable to create configured logger. Using emergency logger. {"exception":"[object] (InvalidArgumentException(code: 0): Log [] is not defined. at C:\\Users\\PhantonM\\Documents\\Projetos\\Php\
ightlife\\vendor\\laravel\\framework\\src\\Illuminate\\Log\\LogManager.php:168)
[stacktrace]
#0 C:\\Users\\PhantonM\\Documents\\Projetos\\Php\
ightlife\\vendor\\laravel\\framework\\src\\Illuminate\\Log\\LogManager.php(102): Illuminate\\Log\\LogManager->resolve(NULL)
#1 C:\\Users\\PhantonM\\Documents\\Projetos\\Php\
ightlife\\vendor\\laravel\\framework\\src\\Illuminate\\Log\\LogManager.php(90): Illuminate\\Log\\LogManager->get(NULL)
#2 C:\\Users\\PhantonM\\Documents\\Projetos\\Php\
ightlife\\vendor\\laravel\\framework\\src\\Illuminate\\Log\\LogManager.php(500): Illuminate\\Log\\LogManager->driver()
#3 C:\\Users\\PhantonM\\Documents\\Projetos\\Php\
ightlife\\vendor\\laravel\\framework\\src\\Illuminate\\Foundation\\Exceptions\\Handler.php(118): Illuminate\\Log\\LogManager->error('Argument 2 pass...', Array)
#4 C:\\Users\\PhantonM\\Documents\\Projetos\\Php\
ightlife\\app\\Exceptions\\Handler.php(37): Illuminate\\Foundation\\Exceptions\\Handler->report(Object(Symfony\\Component\\Debug\\Exception\\FatalThrowableError))
#5 C:\\Users\\PhantonM\\Documents\\Projetos\\Php\
ightlife\\vendor\\laravel\\framework\\src\\Illuminate\\Foundation\\Console\\Kernel.php(378): App\\Exceptions\\Handler->report(Object(Symfony\\Component\\Debug\\Exception\\FatalThrowableError))
#6 C:\\Users\\PhantonM\\Documents\\Projetos\\Php\
ightlife\\vendor\\laravel\\framework\\src\\Illuminate\\Foundation\\Console\\Kernel.php(143): Illuminate\\Foundation\\Console\\Kernel->reportException(Object(Symfony\\Component\\Debug\\Exception\\FatalThrowableError))
#7 C:\\Users\\PhantonM\\Documents\\Projetos\\Php\
ightlife\\artisan(37): Illuminate\\Foundation\\Console\\Kernel->handle(Object(Symfony\\Component\\Console\\Input\\ArgvInput), Object(Symfony\\Component\\Console\\Output\\ConsoleOutput))
#8 {main}
"} 
[2019-10-19 18:36:08] laravel.ERROR: Argument 2 passed to Illuminate\Routing\UrlGenerator::__construct() must be an instance of Illuminate\Http\Request, null given, called in C:\Users\PhantonM\Documents\Projetos\Php\nightlife\vendor\laravel\framework\src\Illuminate\Routing\RoutingServiceProvider.php on line 62 {"exception":"[object] (Symfony\\Component\\Debug\\Exception\\FatalThrowableError(code: 0): Argument 2 passed to Illuminate\\Routing\\UrlGenerator::__construct() must be an instance of Illuminate\\Http\\Request, null given, called in C:\\Users\\PhantonM\\Documents\\Projetos\\Php\
ightlife\\vendor\\laravel\\framework\\src\\Illuminate\\Routing\\RoutingServiceProvider.php on line 62 at C:\\Users\\PhantonM\\Documents\\Projetos\\Php\
ightlife\\vendor\\laravel\\framework\\src\\Illuminate\\Routing\\UrlGenerator.php:119)
[stacktrace]
#0 C:\\Users\\PhantonM\\Documents\\Projetos\\Php\
ightlife\\vendor\\laravel\\framework\\src\\Illuminate\\Routing\\RoutingServiceProvider.php(62): Illuminate\\Routing\\UrlGenerator->__construct(Object(Illuminate\\Routing\\RouteCollection), NULL, NULL)
#1 C:\\Users\\PhantonM\\Documents\\Projetos\\Php\
ightlife\\vendor\\laravel\\framework\\src\\Illuminate\\Container\\Container.php(785): Illuminate\\Routing\\RoutingServiceProvider->Illuminate\\Routing\\{closure}(Object(Illuminate\\Foundation\\Application), Array)
#2 C:\\Users\\PhantonM\\Documents\\Projetos\\Php\
ightlife\\vendor\\laravel\\framework\\src\\Illuminate\\Container\\Container.php(667): Illuminate\\Container\\Container->build(Object(Closure))
#3 C:\\Users\\PhantonM\\Documents\\Projetos\\Php\
ightlife\\vendor\\laravel\\framework\\src\\Illuminate\\Container\\Container.php(615): Illuminate\\Container\\Container->resolve('url', Array)
#4 C:\\Users\\PhantonM\\Documents\\Projetos\\Php\
ightlife\\vendor\\laravel\\framework\\src\\Illuminate\\Foundation\\Application.php(767): Illuminate\\Container\\Container->make('url', Array)
#5 C:\\Users\\PhantonM\\Documents\\Projetos\\Php\
ightlife\\vendor\\laravel\\framework\\src\\Illuminate\\Foundation\\helpers.php(121): Illuminate\\Foundation\\Application->make('url', Array)
#6 C:\\Users\\PhantonM\\Documents\\Projetos\\Php\
ightlife\\vendor\\laravel\\framework\\src\\Illuminate\\Foundation\\helpers.php(928): app('Illuminate\\\\Cont...')
#7 C:\\Users\\PhantonM\\Documents\\Projetos\\Php\
ightlife\\config\\adminlte.php(33): url('assets\\\\PainelAd...')
#8 C:\\Users\\PhantonM\\Documents\\Projetos\\Php\
ightlife\\vendor\\laravel\\framework\\src\\Illuminate\\Foundation\\Bootstrap\\LoadConfiguration.php(72): require('C:\\\\Users\\\\Phanto...')
#9 C:\\Users\\PhantonM\\Documents\\Projetos\\Php\
ightlife\\vendor\\laravel\\framework\\src\\Illuminate\\Foundation\\Bootstrap\\LoadConfiguration.php(39): Illuminate\\Foundation\\Bootstrap\\LoadConfiguration->loadConfigurationFiles(Object(Illuminate\\Foundation\\Application), Object(Illuminate\\Config\\Repository))
#10 C:\\Users\\PhantonM\\Documents\\Projetos\\Php\
ightlife\\vendor\\laravel\\framework\\src\\Illuminate\\Foundation\\Application.php(210): Illuminate\\Foundation\\Bootstrap\\LoadConfiguration->bootstrap(Object(Illuminate\\Foundation\\Application))
#11 C:\\Users\\PhantonM\\Documents\\Projetos\\Php\
ightlife\\vendor\\laravel\\framework\\src\\Illuminate\\Foundation\\Console\\Kernel.php(322): Illuminate\\Foundation\\Application->bootstrapWith(Array)
#12 C:\\Users\\PhantonM\\Documents\\Projetos\\Php\
ightlife\\vendor\\laravel\\framework\\src\\Illuminate\\Foundation\\Console\\Kernel.php(131): Illuminate\\Foundation\\Console\\Kernel->bootstrap()
#13 C:\\Users\\PhantonM\\Documents\\Projetos\\Php\
ightlife\\artisan(37): Illuminate\\Foundation\\Console\\Kernel->handle(Object(Symfony\\Component\\Console\\Input\\ArgvInput), Object(Symfony\\Component\\Console\\Output\\ConsoleOutput))
#14 {main}
"} 
[2019-10-19 18:36:24] laravel.EMERGENCY: Unable to create configured logger. Using emergency logger. {"exception":"[object] (InvalidArgumentException(code: 0): Log [] is not defined. at C:\\Users\\PhantonM\\Documents\\Projetos\\Php\
ightlife\\vendor\\laravel\\framework\\src\\Illuminate\\Log\\LogManager.php:168)
[stacktrace]
#0 C:\\Users\\PhantonM\\Documents\\Projetos\\Php\
ightlife\\vendor\\laravel\\framework\\src\\Illuminate\\Log\\LogManager.php(102): Illuminate\\Log\\LogManager->resolve(NULL)
#1 C:\\Users\\PhantonM\\Documents\\Projetos\\Php\
ightlife\\vendor\\laravel\\framework\\src\\Illuminate\\Log\\LogManager.php(90): Illuminate\\Log\\LogManager->get(NULL)
#2 C:\\Users\\PhantonM\\Documents\\Projetos\\Php\
ightlife\\vendor\\laravel\\framework\\src\\Illuminate\\Log\\LogManager.php(500): Illuminate\\Log\\LogManager->driver()
#3 C:\\Users\\PhantonM\\Documents\\Projetos\\Php\
ightlife\\vendor\\laravel\\framework\\src\\Illuminate\\Foundation\\Exceptions\\Handler.php(118): Illuminate\\Log\\LogManager->error('Argument 2 pass...', Array)
#4 C:\\Users\\PhantonM\\Documents\\Projetos\\Php\
ightlife\\app\\Exceptions\\Handler.php(37): Illuminate\\Foundation\\Exceptions\\Handler->report(Object(Symfony\\Component\\Debug\\Exception\\FatalThrowableError))
#5 C:\\Users\\PhantonM\\Documents\\Projetos\\Php\
ightlife\\vendor\\laravel\\framework\\src\\Illuminate\\Foundation\\Console\\Kernel.php(378): App\\Exceptions\\Handler->report(Object(Symfony\\Component\\Debug\\Exception\\FatalThrowableError))
#6 C:\\Users\\PhantonM\\Documents\\Projetos\\Php\
ightlife\\vendor\\laravel\\framework\\src\\Illuminate\\Foundation\\Console\\Kernel.php(143): Illuminate\\Foundation\\Console\\Kernel->reportException(Object(Symfony\\Component\\Debug\\Exception\\FatalThrowableError))
#7 C:\\Users\\PhantonM\\Documents\\Projetos\\Php\
ightlife\\artisan(37): Illuminate\\Foundation\\Console\\Kernel->handle(Object(Symfony\\Component\\Console\\Input\\ArgvInput), Object(Symfony\\Component\\Console\\Output\\ConsoleOutput))
#8 {main}
"} 
[2019-10-19 18:36:24] laravel.ERROR: Argument 2 passed to Illuminate\Routing\UrlGenerator::__construct() must be an instance of Illuminate\Http\Request, null given, called in C:\Users\PhantonM\Documents\Projetos\Php\nightlife\vendor\laravel\framework\src\Illuminate\Routing\RoutingServiceProvider.php on line 62 {"exception":"[object] (Symfony\\Component\\Debug\\Exception\\FatalThrowableError(code: 0): Argument 2 passed to Illuminate\\Routing\\UrlGenerator::__construct() must be an instance of Illuminate\\Http\\Request, null given, called in C:\\Users\\PhantonM\\Documents\\Projetos\\Php\
ightlife\\vendor\\laravel\\framework\\src\\Illuminate\\Routing\\RoutingServiceProvider.php on line 62 at C:\\Users\\PhantonM\\Documents\\Projetos\\Php\
ightlife\\vendor\\laravel\\framework\\src\\Illuminate\\Routing\\UrlGenerator.php:119)
[stacktrace]
#0 C:\\Users\\PhantonM\\Documents\\Projetos\\Php\
ightlife\\vendor\\laravel\\framework\\src\\Illuminate\\Routing\\RoutingServiceProvider.php(62): Illuminate\\Routing\\UrlGenerator->__construct(Object(Illuminate\\Routing\\RouteCollection), NULL, NULL)
#1 C:\\Users\\PhantonM\\Documents\\Projetos\\Php\
ightlife\\vendor\\laravel\\framework\\src\\Illuminate\\Container\\Container.php(785): Illuminate\\Routing\\RoutingServiceProvider->Illuminate\\Routing\\{closure}(Object(Illuminate\\Foundation\\Application), Array)
#2 C:\\Users\\PhantonM\\Documents\\Projetos\\Php\
ightlife\\vendor\\laravel\\framework\\src\\Illuminate\\Container\\Container.php(667): Illuminate\\Container\\Container->build(Object(Closure))
#3 C:\\Users\\PhantonM\\Documents\\Projetos\\Php\
ightlife\\vendor\\laravel\\framework\\src\\Illuminate\\Container\\Container.php(615): Illuminate\\Container\\Container->resolve('url', Array)
#4 C:\\Users\\PhantonM\\Documents\\Projetos\\Php\
ightlife\\vendor\\laravel\\framework\\src\\Illuminate\\Foundation\\Application.php(767): Illuminate\\Container\\Container->make('url', Array)
#5 C:\\Users\\PhantonM\\Documents\\Projetos\\Php\
ightlife\\vendor\\laravel\\framework\\src\\Illuminate\\Foundation\\helpers.php(121): Illuminate\\Foundation\\Application->make('url', Array)
#6 C:\\Users\\PhantonM\\Documents\\Projetos\\Php\
ightlife\\vendor\\laravel\\framework\\src\\Illuminate\\Foundation\\helpers.php(928): app('Illuminate\\\\Cont...')
#7 C:\\Users\\PhantonM\\Documents\\Projetos\\Php\
ightlife\\config\\adminlte.php(33): url('assets\\\\PainelAd...')
#8 C:\\Users\\PhantonM\\Documents\\Projetos\\Php\
ightlife\\vendor\\laravel\\framework\\src\\Illuminate\\Foundation\\Bootstrap\\LoadConfiguration.php(72): require('C:\\\\Users\\\\Phanto...')
#9 C:\\Users\\PhantonM\\Documents\\Projetos\\Php\
ightlife\\vendor\\laravel\\framework\\src\\Illuminate\\Foundation\\Bootstrap\\LoadConfiguration.php(39): Illuminate\\Foundation\\Bootstrap\\LoadConfiguration->loadConfigurationFiles(Object(Illuminate\\Foundation\\Application), Object(Illuminate\\Config\\Repository))
#10 C:\\Users\\PhantonM\\Documents\\Projetos\\Php\
ightlife\\vendor\\laravel\\framework\\src\\Illuminate\\Foundation\\Application.php(210): Illuminate\\Foundation\\Bootstrap\\LoadConfiguration->bootstrap(Object(Illuminate\\Foundation\\Application))
#11 C:\\Users\\PhantonM\\Documents\\Projetos\\Php\
ightlife\\vendor\\laravel\\framework\\src\\Illuminate\\Foundation\\Console\\Kernel.php(322): Illuminate\\Foundation\\Application->bootstrapWith(Array)
#12 C:\\Users\\PhantonM\\Documents\\Projetos\\Php\
ightlife\\vendor\\laravel\\framework\\src\\Illuminate\\Foundation\\Console\\Kernel.php(131): Illuminate\\Foundation\\Console\\Kernel->bootstrap()
#13 C:\\Users\\PhantonM\\Documents\\Projetos\\Php\
ightlife\\artisan(37): Illuminate\\Foundation\\Console\\Kernel->handle(Object(Symfony\\Component\\Console\\Input\\ArgvInput), Object(Symfony\\Component\\Console\\Output\\ConsoleOutput))
#14 {main}
"} 
[2019-10-19 18:37:23] laravel.EMERGENCY: Unable to create configured logger. Using emergency logger. {"exception":"[object] (InvalidArgumentException(code: 0): Log [] is not defined. at C:\\Users\\PhantonM\\Documents\\Projetos\\Php\
ightlife\\vendor\\laravel\\framework\\src\\Illuminate\\Log\\LogManager.php:168)
[stacktrace]
#0 C:\\Users\\PhantonM\\Documents\\Projetos\\Php\
ightlife\\vendor\\laravel\\framework\\src\\Illuminate\\Log\\LogManager.php(102): Illuminate\\Log\\LogManager->resolve(NULL)
#1 C:\\Users\\PhantonM\\Documents\\Projetos\\Php\
ightlife\\vendor\\laravel\\framework\\src\\Illuminate\\Log\\LogManager.php(90): Illuminate\\Log\\LogManager->get(NULL)
#2 C:\\Users\\PhantonM\\Documents\\Projetos\\Php\
ightlife\\vendor\\laravel\\framework\\src\\Illuminate\\Log\\LogManager.php(500): Illuminate\\Log\\LogManager->driver()
#3 C:\\Users\\PhantonM\\Documents\\Projetos\\Php\
ightlife\\vendor\\laravel\\framework\\src\\Illuminate\\Foundation\\Exceptions\\Handler.php(118): Illuminate\\Log\\LogManager->error('Argument 2 pass...', Array)
#4 C:\\Users\\PhantonM\\Documents\\Projetos\\Php\
ightlife\\app\\Exceptions\\Handler.php(37): Illuminate\\Foundation\\Exceptions\\Handler->report(Object(Symfony\\Component\\Debug\\Exception\\FatalThrowableError))
#5 C:\\Users\\PhantonM\\Documents\\Projetos\\Php\
ightlife\\vendor\\laravel\\framework\\src\\Illuminate\\Foundation\\Console\\Kernel.php(378): App\\Exceptions\\Handler->report(Object(Symfony\\Component\\Debug\\Exception\\FatalThrowableError))
#6 C:\\Users\\PhantonM\\Documents\\Projetos\\Php\
ightlife\\vendor\\laravel\\framework\\src\\Illuminate\\Foundation\\Console\\Kernel.php(143): Illuminate\\Foundation\\Console\\Kernel->reportException(Object(Symfony\\Component\\Debug\\Exception\\FatalThrowableError))
#7 C:\\Users\\PhantonM\\Documents\\Projetos\\Php\
ightlife\\artisan(37): Illuminate\\Foundation\\Console\\Kernel->handle(Object(Symfony\\Component\\Console\\Input\\ArgvInput), Object(Symfony\\Component\\Console\\Output\\ConsoleOutput))
#8 {main}
"} 
[2019-10-19 18:37:23] laravel.ERROR: Argument 2 passed to Illuminate\Routing\UrlGenerator::__construct() must be an instance of Illuminate\Http\Request, null given, called in C:\Users\PhantonM\Documents\Projetos\Php\nightlife\vendor\laravel\framework\src\Illuminate\Routing\RoutingServiceProvider.php on line 62 {"exception":"[object] (Symfony\\Component\\Debug\\Exception\\FatalThrowableError(code: 0): Argument 2 passed to Illuminate\\Routing\\UrlGenerator::__construct() must be an instance of Illuminate\\Http\\Request, null given, called in C:\\Users\\PhantonM\\Documents\\Projetos\\Php\
ightlife\\vendor\\laravel\\framework\\src\\Illuminate\\Routing\\RoutingServiceProvider.php on line 62 at C:\\Users\\PhantonM\\Documents\\Projetos\\Php\
ightlife\\vendor\\laravel\\framework\\src\\Illuminate\\Routing\\UrlGenerator.php:119)
[stacktrace]
#0 C:\\Users\\PhantonM\\Documents\\Projetos\\Php\
ightlife\\vendor\\laravel\\framework\\src\\Illuminate\\Routing\\RoutingServiceProvider.php(62): Illuminate\\Routing\\UrlGenerator->__construct(Object(Illuminate\\Routing\\RouteCollection), NULL, NULL)
#1 C:\\Users\\PhantonM\\Documents\\Projetos\\Php\
ightlife\\vendor\\laravel\\framework\\src\\Illuminate\\Container\\Container.php(785): Illuminate\\Routing\\RoutingServiceProvider->Illuminate\\Routing\\{closure}(Object(Illuminate\\Foundation\\Application), Array)
#2 C:\\Users\\PhantonM\\Documents\\Projetos\\Php\
ightlife\\vendor\\laravel\\framework\\src\\Illuminate\\Container\\Container.php(667): Illuminate\\Container\\Container->build(Object(Closure))
#3 C:\\Users\\PhantonM\\Documents\\Projetos\\Php\
ightlife\\vendor\\laravel\\framework\\src\\Illuminate\\Container\\Container.php(615): Illuminate\\Container\\Container->resolve('url', Array)
#4 C:\\Users\\PhantonM\\Documents\\Projetos\\Php\
ightlife\\vendor\\laravel\\framework\\src\\Illuminate\\Foundation\\Application.php(767): Illuminate\\Container\\Container->make('url', Array)
#5 C:\\Users\\PhantonM\\Documents\\Projetos\\Php\
ightlife\\vendor\\laravel\\framework\\src\\Illuminate\\Foundation\\helpers.php(121): Illuminate\\Foundation\\Application->make('url', Array)
#6 C:\\Users\\PhantonM\\Documents\\Projetos\\Php\
ightlife\\vendor\\laravel\\framework\\src\\Illuminate\\Foundation\\helpers.php(928): app('Illuminate\\\\Cont...')
#7 C:\\Users\\PhantonM\\Documents\\Projetos\\Php\
ightlife\\config\\adminlte.php(33): url('assets\\\\PainelAd...')
#8 C:\\Users\\PhantonM\\Documents\\Projetos\\Php\
ightlife\\vendor\\laravel\\framework\\src\\Illuminate\\Foundation\\Bootstrap\\LoadConfiguration.php(72): require('C:\\\\Users\\\\Phanto...')
#9 C:\\Users\\PhantonM\\Documents\\Projetos\\Php\
ightlife\\vendor\\laravel\\framework\\src\\Illuminate\\Foundation\\Bootstrap\\LoadConfiguration.php(39): Illuminate\\Foundation\\Bootstrap\\LoadConfiguration->loadConfigurationFiles(Object(Illuminate\\Foundation\\Application), Object(Illuminate\\Config\\Repository))
#10 C:\\Users\\PhantonM\\Documents\\Projetos\\Php\
ightlife\\vendor\\laravel\\framework\\src\\Illuminate\\Foundation\\Application.php(210): Illuminate\\Foundation\\Bootstrap\\LoadConfiguration->bootstrap(Object(Illuminate\\Foundation\\Application))
#11 C:\\Users\\PhantonM\\Documents\\Projetos\\Php\
ightlife\\vendor\\laravel\\framework\\src\\Illuminate\\Foundation\\Console\\Kernel.php(322): Illuminate\\Foundation\\Application->bootstrapWith(Array)
#12 C:\\Users\\PhantonM\\Documents\\Projetos\\Php\
ightlife\\vendor\\laravel\\framework\\src\\Illuminate\\Foundation\\Console\\Kernel.php(131): Illuminate\\Foundation\\Console\\Kernel->bootstrap()
#13 C:\\Users\\PhantonM\\Documents\\Projetos\\Php\
ightlife\\artisan(37): Illuminate\\Foundation\\Console\\Kernel->handle(Object(Symfony\\Component\\Console\\Input\\ArgvInput), Object(Symfony\\Component\\Console\\Output\\ConsoleOutput))
#14 {main}
"} 
[2019-10-19 18:38:05] laravel.EMERGENCY: Unable to create configured logger. Using emergency logger. {"exception":"[object] (InvalidArgumentException(code: 0): Log [] is not defined. at C:\\Users\\PhantonM\\Documents\\Projetos\\Php\
ightlife\\vendor\\laravel\\framework\\src\\Illuminate\\Log\\LogManager.php:168)
[stacktrace]
#0 C:\\Users\\PhantonM\\Documents\\Projetos\\Php\
ightlife\\vendor\\laravel\\framework\\src\\Illuminate\\Log\\LogManager.php(102): Illuminate\\Log\\LogManager->resolve(NULL)
#1 C:\\Users\\PhantonM\\Documents\\Projetos\\Php\
ightlife\\vendor\\laravel\\framework\\src\\Illuminate\\Log\\LogManager.php(90): Illuminate\\Log\\LogManager->get(NULL)
#2 C:\\Users\\PhantonM\\Documents\\Projetos\\Php\
ightlife\\vendor\\laravel\\framework\\src\\Illuminate\\Log\\LogManager.php(500): Illuminate\\Log\\LogManager->driver()
#3 C:\\Users\\PhantonM\\Documents\\Projetos\\Php\
ightlife\\vendor\\laravel\\framework\\src\\Illuminate\\Foundation\\Exceptions\\Handler.php(118): Illuminate\\Log\\LogManager->error('Argument 2 pass...', Array)
#4 C:\\Users\\PhantonM\\Documents\\Projetos\\Php\
ightlife\\app\\Exceptions\\Handler.php(37): Illuminate\\Foundation\\Exceptions\\Handler->report(Object(Symfony\\Component\\Debug\\Exception\\FatalThrowableError))
#5 C:\\Users\\PhantonM\\Documents\\Projetos\\Php\
ightlife\\vendor\\laravel\\framework\\src\\Illuminate\\Foundation\\Console\\Kernel.php(378): App\\Exceptions\\Handler->report(Object(Symfony\\Component\\Debug\\Exception\\FatalThrowableError))
#6 C:\\Users\\PhantonM\\Documents\\Projetos\\Php\
ightlife\\vendor\\laravel\\framework\\src\\Illuminate\\Foundation\\Console\\Kernel.php(143): Illuminate\\Foundation\\Console\\Kernel->reportException(Object(Symfony\\Component\\Debug\\Exception\\FatalThrowableError))
#7 C:\\Users\\PhantonM\\Documents\\Projetos\\Php\
ightlife\\artisan(37): Illuminate\\Foundation\\Console\\Kernel->handle(Object(Symfony\\Component\\Console\\Input\\ArgvInput), Object(Symfony\\Component\\Console\\Output\\ConsoleOutput))
#8 {main}
"} 
[2019-10-19 18:38:05] laravel.ERROR: Argument 2 passed to Illuminate\Routing\UrlGenerator::__construct() must be an instance of Illuminate\Http\Request, null given, called in C:\Users\PhantonM\Documents\Projetos\Php\nightlife\vendor\laravel\framework\src\Illuminate\Routing\RoutingServiceProvider.php on line 62 {"exception":"[object] (Symfony\\Component\\Debug\\Exception\\FatalThrowableError(code: 0): Argument 2 passed to Illuminate\\Routing\\UrlGenerator::__construct() must be an instance of Illuminate\\Http\\Request, null given, called in C:\\Users\\PhantonM\\Documents\\Projetos\\Php\
ightlife\\vendor\\laravel\\framework\\src\\Illuminate\\Routing\\RoutingServiceProvider.php on line 62 at C:\\Users\\PhantonM\\Documents\\Projetos\\Php\
ightlife\\vendor\\laravel\\framework\\src\\Illuminate\\Routing\\UrlGenerator.php:119)
[stacktrace]
#0 C:\\Users\\PhantonM\\Documents\\Projetos\\Php\
ightlife\\vendor\\laravel\\framework\\src\\Illuminate\\Routing\\RoutingServiceProvider.php(62): Illuminate\\Routing\\UrlGenerator->__construct(Object(Illuminate\\Routing\\RouteCollection), NULL, NULL)
#1 C:\\Users\\PhantonM\\Documents\\Projetos\\Php\
ightlife\\vendor\\laravel\\framework\\src\\Illuminate\\Container\\Container.php(785): Illuminate\\Routing\\RoutingServiceProvider->Illuminate\\Routing\\{closure}(Object(Illuminate\\Foundation\\Application), Array)
#2 C:\\Users\\PhantonM\\Documents\\Projetos\\Php\
ightlife\\vendor\\laravel\\framework\\src\\Illuminate\\Container\\Container.php(667): Illuminate\\Container\\Container->build(Object(Closure))
#3 C:\\Users\\PhantonM\\Documents\\Projetos\\Php\
ightlife\\vendor\\laravel\\framework\\src\\Illuminate\\Container\\Container.php(615): Illuminate\\Container\\Container->resolve('url', Array)
#4 C:\\Users\\PhantonM\\Documents\\Projetos\\Php\
ightlife\\vendor\\laravel\\framework\\src\\Illuminate\\Foundation\\Application.php(767): Illuminate\\Container\\Container->make('url', Array)
#5 C:\\Users\\PhantonM\\Documents\\Projetos\\Php\
ightlife\\vendor\\laravel\\framework\\src\\Illuminate\\Foundation\\helpers.php(121): Illuminate\\Foundation\\Application->make('url', Array)
#6 C:\\Users\\PhantonM\\Documents\\Projetos\\Php\
ightlife\\vendor\\laravel\\framework\\src\\Illuminate\\Foundation\\helpers.php(928): app('Illuminate\\\\Cont...')
#7 C:\\Users\\PhantonM\\Documents\\Projetos\\Php\
ightlife\\config\\adminlte.php(33): url('assets\\\\PainelAd...')
#8 C:\\Users\\PhantonM\\Documents\\Projetos\\Php\
ightlife\\vendor\\laravel\\framework\\src\\Illuminate\\Foundation\\Bootstrap\\LoadConfiguration.php(72): require('C:\\\\Users\\\\Phanto...')
#9 C:\\Users\\PhantonM\\Documents\\Projetos\\Php\
ightlife\\vendor\\laravel\\framework\\src\\Illuminate\\Foundation\\Bootstrap\\LoadConfiguration.php(39): Illuminate\\Foundation\\Bootstrap\\LoadConfiguration->loadConfigurationFiles(Object(Illuminate\\Foundation\\Application), Object(Illuminate\\Config\\Repository))
#10 C:\\Users\\PhantonM\\Documents\\Projetos\\Php\
ightlife\\vendor\\laravel\\framework\\src\\Illuminate\\Foundation\\Application.php(210): Illuminate\\Foundation\\Bootstrap\\LoadConfiguration->bootstrap(Object(Illuminate\\Foundation\\Application))
#11 C:\\Users\\PhantonM\\Documents\\Projetos\\Php\
ightlife\\vendor\\laravel\\framework\\src\\Illuminate\\Foundation\\Console\\Kernel.php(322): Illuminate\\Foundation\\Application->bootstrapWith(Array)
#12 C:\\Users\\PhantonM\\Documents\\Projetos\\Php\
ightlife\\vendor\\laravel\\framework\\src\\Illuminate\\Foundation\\Console\\Kernel.php(131): Illuminate\\Foundation\\Console\\Kernel->bootstrap()
#13 C:\\Users\\PhantonM\\Documents\\Projetos\\Php\
ightlife\\artisan(37): Illuminate\\Foundation\\Console\\Kernel->handle(Object(Symfony\\Component\\Console\\Input\\ArgvInput), Object(Symfony\\Component\\Console\\Output\\ConsoleOutput))
#14 {main}
"} 
[2019-10-22 00:32:42] laravel.EMERGENCY: Unable to create configured logger. Using emergency logger. {"exception":"[object] (InvalidArgumentException(code: 0): Log [] is not defined. at C:\\Users\\PhantonM\\Documents\\Projetos\\Php\
ightlife\\vendor\\laravel\\framework\\src\\Illuminate\\Log\\LogManager.php:168)
[stacktrace]
#0 C:\\Users\\PhantonM\\Documents\\Projetos\\Php\
ightlife\\vendor\\laravel\\framework\\src\\Illuminate\\Log\\LogManager.php(102): Illuminate\\Log\\LogManager->resolve(NULL)
#1 C:\\Users\\PhantonM\\Documents\\Projetos\\Php\
ightlife\\vendor\\laravel\\framework\\src\\Illuminate\\Log\\LogManager.php(90): Illuminate\\Log\\LogManager->get(NULL)
#2 C:\\Users\\PhantonM\\Documents\\Projetos\\Php\
ightlife\\vendor\\laravel\\framework\\src\\Illuminate\\Log\\LogManager.php(500): Illuminate\\Log\\LogManager->driver()
#3 C:\\Users\\PhantonM\\Documents\\Projetos\\Php\
ightlife\\vendor\\laravel\\framework\\src\\Illuminate\\Foundation\\Exceptions\\Handler.php(118): Illuminate\\Log\\LogManager->error('Route [assets/i...', Array)
#4 C:\\Users\\PhantonM\\Documents\\Projetos\\Php\
ightlife\\app\\Exceptions\\Handler.php(37): Illuminate\\Foundation\\Exceptions\\Handler->report(Object(InvalidArgumentException))
#5 C:\\Users\\PhantonM\\Documents\\Projetos\\Php\
ightlife\\vendor\\laravel\\framework\\src\\Illuminate\\Foundation\\Http\\Kernel.php(314): App\\Exceptions\\Handler->report(Object(InvalidArgumentException))
#6 C:\\Users\\PhantonM\\Documents\\Projetos\\Php\
ightlife\\vendor\\laravel\\framework\\src\\Illuminate\\Foundation\\Http\\Kernel.php(118): Illuminate\\Foundation\\Http\\Kernel->reportException(Object(InvalidArgumentException))
#7 C:\\Users\\PhantonM\\Documents\\Projetos\\Php\
ightlife\\public\\index.php(55): Illuminate\\Foundation\\Http\\Kernel->handle(Object(Illuminate\\Http\\Request))
#8 {main}
"} 
[2019-10-22 00:32:42] laravel.ERROR: Route [assets/img/picture.jpg] not defined. {"exception":"[object] (InvalidArgumentException(code: 0): Route [assets/img/picture.jpg] not defined. at C:\\Users\\PhantonM\\Documents\\Projetos\\Php\
ightlife\\vendor\\laravel\\framework\\src\\Illuminate\\Routing\\UrlGenerator.php:388)
[stacktrace]
#0 C:\\Users\\PhantonM\\Documents\\Projetos\\Php\
ightlife\\vendor\\laravel\\framework\\src\\Illuminate\\Foundation\\helpers.php(782): Illuminate\\Routing\\UrlGenerator->route('assets/img/pict...', Array, true)
#1 C:\\Users\\PhantonM\\Documents\\Projetos\\Php\
ightlife\\config\\adminlte.php(33): route('assets/img/pict...')
#2 C:\\Users\\PhantonM\\Documents\\Projetos\\Php\
ightlife\\vendor\\laravel\\framework\\src\\Illuminate\\Foundation\\Bootstrap\\LoadConfiguration.php(72): require('C:\\\\Users\\\\Phanto...')
#3 C:\\Users\\PhantonM\\Documents\\Projetos\\Php\
ightlife\\vendor\\laravel\\framework\\src\\Illuminate\\Foundation\\Bootstrap\\LoadConfiguration.php(39): Illuminate\\Foundation\\Bootstrap\\LoadConfiguration->loadConfigurationFiles(Object(Illuminate\\Foundation\\Application), Object(Illuminate\\Config\\Repository))
#4 C:\\Users\\PhantonM\\Documents\\Projetos\\Php\
ightlife\\vendor\\laravel\\framework\\src\\Illuminate\\Foundation\\Application.php(210): Illuminate\\Foundation\\Bootstrap\\LoadConfiguration->bootstrap(Object(Illuminate\\Foundation\\Application))
#5 C:\\Users\\PhantonM\\Documents\\Projetos\\Php\
ightlife\\vendor\\laravel\\framework\\src\\Illuminate\\Foundation\\Http\\Kernel.php(162): Illuminate\\Foundation\\Application->bootstrapWith(Array)
#6 C:\\Users\\PhantonM\\Documents\\Projetos\\Php\
ightlife\\vendor\\laravel\\framework\\src\\Illuminate\\Foundation\\Http\\Kernel.php(146): Illuminate\\Foundation\\Http\\Kernel->bootstrap()
#7 C:\\Users\\PhantonM\\Documents\\Projetos\\Php\
ightlife\\vendor\\laravel\\framework\\src\\Illuminate\\Foundation\\Http\\Kernel.php(116): Illuminate\\Foundation\\Http\\Kernel->sendRequestThroughRouter(Object(Illuminate\\Http\\Request))
#8 C:\\Users\\PhantonM\\Documents\\Projetos\\Php\
ightlife\\public\\index.php(55): Illuminate\\Foundation\\Http\\Kernel->handle(Object(Illuminate\\Http\\Request))
#9 {main}
"} 
[2019-10-31 00:42:09] laravel.EMERGENCY: Unable to create configured logger. Using emergency logger. {"exception":"[object] (InvalidArgumentException(code: 0): Log [] is not defined. at C:\\Users\\PhantonM\\Documents\\Projetos\\Php\
ightlife\\vendor\\laravel\\framework\\src\\Illuminate\\Log\\LogManager.php:168)
[stacktrace]
#0 C:\\Users\\PhantonM\\Documents\\Projetos\\Php\
ightlife\\vendor\\laravel\\framework\\src\\Illuminate\\Log\\LogManager.php(102): Illuminate\\Log\\LogManager->resolve(NULL)
#1 C:\\Users\\PhantonM\\Documents\\Projetos\\Php\
ightlife\\vendor\\laravel\\framework\\src\\Illuminate\\Log\\LogManager.php(90): Illuminate\\Log\\LogManager->get(NULL)
#2 C:\\Users\\PhantonM\\Documents\\Projetos\\Php\
ightlife\\vendor\\laravel\\framework\\src\\Illuminate\\Log\\LogManager.php(500): Illuminate\\Log\\LogManager->driver()
#3 C:\\Users\\PhantonM\\Documents\\Projetos\\Php\
ightlife\\vendor\\laravel\\framework\\src\\Illuminate\\Foundation\\Exceptions\\Handler.php(118): Illuminate\\Log\\LogManager->error('Argument 2 pass...', Array)
#4 C:\\Users\\PhantonM\\Documents\\Projetos\\Php\
ightlife\\app\\Exceptions\\Handler.php(37): Illuminate\\Foundation\\Exceptions\\Handler->report(Object(Symfony\\Component\\Debug\\Exception\\FatalThrowableError))
#5 C:\\Users\\PhantonM\\Documents\\Projetos\\Php\
ightlife\\vendor\\laravel\\framework\\src\\Illuminate\\Foundation\\Console\\Kernel.php(378): App\\Exceptions\\Handler->report(Object(Symfony\\Component\\Debug\\Exception\\FatalThrowableError))
#6 C:\\Users\\PhantonM\\Documents\\Projetos\\Php\
ightlife\\vendor\\laravel\\framework\\src\\Illuminate\\Foundation\\Console\\Kernel.php(143): Illuminate\\Foundation\\Console\\Kernel->reportException(Object(Symfony\\Component\\Debug\\Exception\\FatalThrowableError))
#7 C:\\Users\\PhantonM\\Documents\\Projetos\\Php\
ightlife\\artisan(37): Illuminate\\Foundation\\Console\\Kernel->handle(Object(Symfony\\Component\\Console\\Input\\ArgvInput), Object(Symfony\\Component\\Console\\Output\\ConsoleOutput))
#8 {main}
"} 
[2019-10-31 00:42:09] laravel.ERROR: Argument 2 passed to Illuminate\Routing\UrlGenerator::__construct() must be an instance of Illuminate\Http\Request, null given, called in C:\Users\PhantonM\Documents\Projetos\Php\nightlife\vendor\laravel\framework\src\Illuminate\Routing\RoutingServiceProvider.php on line 62 {"exception":"[object] (Symfony\\Component\\Debug\\Exception\\FatalThrowableError(code: 0): Argument 2 passed to Illuminate\\Routing\\UrlGenerator::__construct() must be an instance of Illuminate\\Http\\Request, null given, called in C:\\Users\\PhantonM\\Documents\\Projetos\\Php\
ightlife\\vendor\\laravel\\framework\\src\\Illuminate\\Routing\\RoutingServiceProvider.php on line 62 at C:\\Users\\PhantonM\\Documents\\Projetos\\Php\
ightlife\\vendor\\laravel\\framework\\src\\Illuminate\\Routing\\UrlGenerator.php:119)
[stacktrace]
#0 C:\\Users\\PhantonM\\Documents\\Projetos\\Php\
ightlife\\vendor\\laravel\\framework\\src\\Illuminate\\Routing\\RoutingServiceProvider.php(62): Illuminate\\Routing\\UrlGenerator->__construct(Object(Illuminate\\Routing\\RouteCollection), NULL, NULL)
#1 C:\\Users\\PhantonM\\Documents\\Projetos\\Php\
ightlife\\vendor\\laravel\\framework\\src\\Illuminate\\Container\\Container.php(785): Illuminate\\Routing\\RoutingServiceProvider->Illuminate\\Routing\\{closure}(Object(Illuminate\\Foundation\\Application), Array)
#2 C:\\Users\\PhantonM\\Documents\\Projetos\\Php\
ightlife\\vendor\\laravel\\framework\\src\\Illuminate\\Container\\Container.php(667): Illuminate\\Container\\Container->build(Object(Closure))
#3 C:\\Users\\PhantonM\\Documents\\Projetos\\Php\
ightlife\\vendor\\laravel\\framework\\src\\Illuminate\\Container\\Container.php(615): Illuminate\\Container\\Container->resolve('url', Array)
#4 C:\\Users\\PhantonM\\Documents\\Projetos\\Php\
ightlife\\vendor\\laravel\\framework\\src\\Illuminate\\Foundation\\Application.php(767): Illuminate\\Container\\Container->make('url', Array)
#5 C:\\Users\\PhantonM\\Documents\\Projetos\\Php\
ightlife\\vendor\\laravel\\framework\\src\\Illuminate\\Foundation\\helpers.php(121): Illuminate\\Foundation\\Application->make('url', Array)
#6 C:\\Users\\PhantonM\\Documents\\Projetos\\Php\
ightlife\\vendor\\laravel\\framework\\src\\Illuminate\\Foundation\\helpers.php(928): app('Illuminate\\\\Cont...')
#7 C:\\Users\\PhantonM\\Documents\\Projetos\\Php\
ightlife\\config\\adminlte.php(33): url('assets/PainelAd...')
#8 C:\\Users\\PhantonM\\Documents\\Projetos\\Php\
ightlife\\vendor\\laravel\\framework\\src\\Illuminate\\Foundation\\Bootstrap\\LoadConfiguration.php(72): require('C:\\\\Users\\\\Phanto...')
#9 C:\\Users\\PhantonM\\Documents\\Projetos\\Php\
ightlife\\vendor\\laravel\\framework\\src\\Illuminate\\Foundation\\Bootstrap\\LoadConfiguration.php(39): Illuminate\\Foundation\\Bootstrap\\LoadConfiguration->loadConfigurationFiles(Object(Illuminate\\Foundation\\Application), Object(Illuminate\\Config\\Repository))
#10 C:\\Users\\PhantonM\\Documents\\Projetos\\Php\
ightlife\\vendor\\laravel\\framework\\src\\Illuminate\\Foundation\\Application.php(210): Illuminate\\Foundation\\Bootstrap\\LoadConfiguration->bootstrap(Object(Illuminate\\Foundation\\Application))
#11 C:\\Users\\PhantonM\\Documents\\Projetos\\Php\
ightlife\\vendor\\laravel\\framework\\src\\Illuminate\\Foundation\\Console\\Kernel.php(322): Illuminate\\Foundation\\Application->bootstrapWith(Array)
#12 C:\\Users\\PhantonM\\Documents\\Projetos\\Php\
ightlife\\vendor\\laravel\\framework\\src\\Illuminate\\Foundation\\Console\\Kernel.php(131): Illuminate\\Foundation\\Console\\Kernel->bootstrap()
#13 C:\\Users\\PhantonM\\Documents\\Projetos\\Php\
ightlife\\artisan(37): Illuminate\\Foundation\\Console\\Kernel->handle(Object(Symfony\\Component\\Console\\Input\\ArgvInput), Object(Symfony\\Component\\Console\\Output\\ConsoleOutput))
#14 {main}
"} 
[2019-11-01 22:35:07] laravel.EMERGENCY: Unable to create configured logger. Using emergency logger. {"exception":"[object] (InvalidArgumentException(code: 0): Log [] is not defined. at C:\\Users\\PhantonM\\Documents\\Projetos\\Php\
ightlife\\vendor\\laravel\\framework\\src\\Illuminate\\Log\\LogManager.php:168)
[stacktrace]
#0 C:\\Users\\PhantonM\\Documents\\Projetos\\Php\
ightlife\\vendor\\laravel\\framework\\src\\Illuminate\\Log\\LogManager.php(102): Illuminate\\Log\\LogManager->resolve(NULL)
#1 C:\\Users\\PhantonM\\Documents\\Projetos\\Php\
ightlife\\vendor\\laravel\\framework\\src\\Illuminate\\Log\\LogManager.php(90): Illuminate\\Log\\LogManager->get(NULL)
#2 C:\\Users\\PhantonM\\Documents\\Projetos\\Php\
ightlife\\vendor\\laravel\\framework\\src\\Illuminate\\Log\\LogManager.php(500): Illuminate\\Log\\LogManager->driver()
#3 C:\\Users\\PhantonM\\Documents\\Projetos\\Php\
ightlife\\vendor\\laravel\\framework\\src\\Illuminate\\Foundation\\Exceptions\\Handler.php(118): Illuminate\\Log\\LogManager->error('Argument 2 pass...', Array)
#4 C:\\Users\\PhantonM\\Documents\\Projetos\\Php\
ightlife\\app\\Exceptions\\Handler.php(37): Illuminate\\Foundation\\Exceptions\\Handler->report(Object(Symfony\\Component\\Debug\\Exception\\FatalThrowableError))
#5 C:\\Users\\PhantonM\\Documents\\Projetos\\Php\
ightlife\\vendor\\laravel\\framework\\src\\Illuminate\\Foundation\\Console\\Kernel.php(378): App\\Exceptions\\Handler->report(Object(Symfony\\Component\\Debug\\Exception\\FatalThrowableError))
#6 C:\\Users\\PhantonM\\Documents\\Projetos\\Php\
ightlife\\vendor\\laravel\\framework\\src\\Illuminate\\Foundation\\Console\\Kernel.php(143): Illuminate\\Foundation\\Console\\Kernel->reportException(Object(Symfony\\Component\\Debug\\Exception\\FatalThrowableError))
#7 C:\\Users\\PhantonM\\Documents\\Projetos\\Php\
ightlife\\artisan(37): Illuminate\\Foundation\\Console\\Kernel->handle(Object(Symfony\\Component\\Console\\Input\\ArgvInput), Object(Symfony\\Component\\Console\\Output\\ConsoleOutput))
#8 {main}
"} 
[2019-11-01 22:35:07] laravel.ERROR: Argument 2 passed to Illuminate\Routing\UrlGenerator::__construct() must be an instance of Illuminate\Http\Request, null given, called in C:\Users\PhantonM\Documents\Projetos\Php\nightlife\vendor\laravel\framework\src\Illuminate\Routing\RoutingServiceProvider.php on line 62 {"exception":"[object] (Symfony\\Component\\Debug\\Exception\\FatalThrowableError(code: 0): Argument 2 passed to Illuminate\\Routing\\UrlGenerator::__construct() must be an instance of Illuminate\\Http\\Request, null given, called in C:\\Users\\PhantonM\\Documents\\Projetos\\Php\
ightlife\\vendor\\laravel\\framework\\src\\Illuminate\\Routing\\RoutingServiceProvider.php on line 62 at C:\\Users\\PhantonM\\Documents\\Projetos\\Php\
ightlife\\vendor\\laravel\\framework\\src\\Illuminate\\Routing\\UrlGenerator.php:119)
[stacktrace]
#0 C:\\Users\\PhantonM\\Documents\\Projetos\\Php\
ightlife\\vendor\\laravel\\framework\\src\\Illuminate\\Routing\\RoutingServiceProvider.php(62): Illuminate\\Routing\\UrlGenerator->__construct(Object(Illuminate\\Routing\\RouteCollection), NULL, NULL)
#1 C:\\Users\\PhantonM\\Documents\\Projetos\\Php\
ightlife\\vendor\\laravel\\framework\\src\\Illuminate\\Container\\Container.php(785): Illuminate\\Routing\\RoutingServiceProvider->Illuminate\\Routing\\{closure}(Object(Illuminate\\Foundation\\Application), Array)
#2 C:\\Users\\PhantonM\\Documents\\Projetos\\Php\
ightlife\\vendor\\laravel\\framework\\src\\Illuminate\\Container\\Container.php(667): Illuminate\\Container\\Container->build(Object(Closure))
#3 C:\\Users\\PhantonM\\Documents\\Projetos\\Php\
ightlife\\vendor\\laravel\\framework\\src\\Illuminate\\Container\\Container.php(615): Illuminate\\Container\\Container->resolve('url', Array)
#4 C:\\Users\\PhantonM\\Documents\\Projetos\\Php\
ightlife\\vendor\\laravel\\framework\\src\\Illuminate\\Foundation\\Application.php(767): Illuminate\\Container\\Container->make('url', Array)
#5 C:\\Users\\PhantonM\\Documents\\Projetos\\Php\
ightlife\\vendor\\laravel\\framework\\src\\Illuminate\\Foundation\\helpers.php(121): Illuminate\\Foundation\\Application->make('url', Array)
#6 C:\\Users\\PhantonM\\Documents\\Projetos\\Php\
ightlife\\vendor\\laravel\\framework\\src\\Illuminate\\Foundation\\helpers.php(928): app('Illuminate\\\\Cont...')
#7 C:\\Users\\PhantonM\\Documents\\Projetos\\Php\
ightlife\\config\\adminlte.php(33): url('assets/PainelAd...')
#8 C:\\Users\\PhantonM\\Documents\\Projetos\\Php\
ightlife\\vendor\\laravel\\framework\\src\\Illuminate\\Foundation\\Bootstrap\\LoadConfiguration.php(72): require('C:\\\\Users\\\\Phanto...')
#9 C:\\Users\\PhantonM\\Documents\\Projetos\\Php\
ightlife\\vendor\\laravel\\framework\\src\\Illuminate\\Foundation\\Bootstrap\\LoadConfiguration.php(39): Illuminate\\Foundation\\Bootstrap\\LoadConfiguration->loadConfigurationFiles(Object(Illuminate\\Foundation\\Application), Object(Illuminate\\Config\\Repository))
#10 C:\\Users\\PhantonM\\Documents\\Projetos\\Php\
ightlife\\vendor\\laravel\\framework\\src\\Illuminate\\Foundation\\Application.php(210): Illuminate\\Foundation\\Bootstrap\\LoadConfiguration->bootstrap(Object(Illuminate\\Foundation\\Application))
#11 C:\\Users\\PhantonM\\Documents\\Projetos\\Php\
ightlife\\vendor\\laravel\\framework\\src\\Illuminate\\Foundation\\Console\\Kernel.php(322): Illuminate\\Foundation\\Application->bootstrapWith(Array)
#12 C:\\Users\\PhantonM\\Documents\\Projetos\\Php\
ightlife\\vendor\\laravel\\framework\\src\\Illuminate\\Foundation\\Console\\Kernel.php(131): Illuminate\\Foundation\\Console\\Kernel->bootstrap()
#13 C:\\Users\\PhantonM\\Documents\\Projetos\\Php\
ightlife\\artisan(37): Illuminate\\Foundation\\Console\\Kernel->handle(Object(Symfony\\Component\\Console\\Input\\ArgvInput), Object(Symfony\\Component\\Console\\Output\\ConsoleOutput))
#14 {main}
"} 
[2020-02-01 00:18:07] laravel.EMERGENCY: Unable to create configured logger. Using emergency logger. {"exception":"[object] (InvalidArgumentException(code: 0): Log [] is not defined. at E:\\Projetos Desenvolvimento\\ProjetosPhpStorm\\ProjetosLaravel\
ightlife\\vendor\\laravel\\framework\\src\\Illuminate\\Log\\LogManager.php:168)
[stacktrace]
#0 E:\\Projetos Desenvolvimento\\ProjetosPhpStorm\\ProjetosLaravel\
ightlife\\vendor\\laravel\\framework\\src\\Illuminate\\Log\\LogManager.php(102): Illuminate\\Log\\LogManager->resolve(NULL)
#1 E:\\Projetos Desenvolvimento\\ProjetosPhpStorm\\ProjetosLaravel\
ightlife\\vendor\\laravel\\framework\\src\\Illuminate\\Log\\LogManager.php(90): Illuminate\\Log\\LogManager->get(NULL)
#2 E:\\Projetos Desenvolvimento\\ProjetosPhpStorm\\ProjetosLaravel\
ightlife\\vendor\\laravel\\framework\\src\\Illuminate\\Log\\LogManager.php(500): Illuminate\\Log\\LogManager->driver()
#3 E:\\Projetos Desenvolvimento\\ProjetosPhpStorm\\ProjetosLaravel\
ightlife\\vendor\\laravel\\framework\\src\\Illuminate\\Foundation\\Exceptions\\Handler.php(118): Illuminate\\Log\\LogManager->error('syntax error, u...', Array)
#4 E:\\Projetos Desenvolvimento\\ProjetosPhpStorm\\ProjetosLaravel\
ightlife\\app\\Exceptions\\Handler.php(37): Illuminate\\Foundation\\Exceptions\\Handler->report(Object(Symfony\\Component\\Debug\\Exception\\FatalThrowableError))
#5 E:\\Projetos Desenvolvimento\\ProjetosPhpStorm\\ProjetosLaravel\
ightlife\\vendor\\laravel\\framework\\src\\Illuminate\\Foundation\\Http\\Kernel.php(314): App\\Exceptions\\Handler->report(Object(Symfony\\Component\\Debug\\Exception\\FatalThrowableError))
#6 E:\\Projetos Desenvolvimento\\ProjetosPhpStorm\\ProjetosLaravel\
ightlife\\vendor\\laravel\\framework\\src\\Illuminate\\Foundation\\Http\\Kernel.php(122): Illuminate\\Foundation\\Http\\Kernel->reportException(Object(Symfony\\Component\\Debug\\Exception\\FatalThrowableError))
#7 E:\\Projetos Desenvolvimento\\ProjetosPhpStorm\\ProjetosLaravel\
ightlife\\public\\index.php(55): Illuminate\\Foundation\\Http\\Kernel->handle(Object(Illuminate\\Http\\Request))
#8 {main}
"} 
[2020-02-01 00:18:07] laravel.ERROR: syntax error, unexpected ';', expecting ']' {"exception":"[object] (Symfony\\Component\\Debug\\Exception\\FatalThrowableError(code: 0): syntax error, unexpected ';', expecting ']' at E:\\Projetos Desenvolvimento\\ProjetosPhpStorm\\ProjetosLaravel\
ightlife\\config\\breadcrumbs.php:68)
[stacktrace]
#0 E:\\Projetos Desenvolvimento\\ProjetosPhpStorm\\ProjetosLaravel\
ightlife\\vendor\\laravel\\framework\\src\\Illuminate\\Foundation\\Bootstrap\\LoadConfiguration.php(39): Illuminate\\Foundation\\Bootstrap\\LoadConfiguration->loadConfigurationFiles(Object(Illuminate\\Foundation\\Application), Object(Illuminate\\Config\\Repository))
#1 E:\\Projetos Desenvolvimento\\ProjetosPhpStorm\\ProjetosLaravel\
ightlife\\vendor\\laravel\\framework\\src\\Illuminate\\Foundation\\Application.php(210): Illuminate\\Foundation\\Bootstrap\\LoadConfiguration->bootstrap(Object(Illuminate\\Foundation\\Application))
#2 E:\\Projetos Desenvolvimento\\ProjetosPhpStorm\\ProjetosLaravel\
ightlife\\vendor\\laravel\\framework\\src\\Illuminate\\Foundation\\Http\\Kernel.php(162): Illuminate\\Foundation\\Application->bootstrapWith(Array)
#3 E:\\Projetos Desenvolvimento\\ProjetosPhpStorm\\ProjetosLaravel\
ightlife\\vendor\\laravel\\framework\\src\\Illuminate\\Foundation\\Http\\Kernel.php(146): Illuminate\\Foundation\\Http\\Kernel->bootstrap()
#4 E:\\Projetos Desenvolvimento\\ProjetosPhpStorm\\ProjetosLaravel\
ightlife\\vendor\\laravel\\framework\\src\\Illuminate\\Foundation\\Http\\Kernel.php(116): Illuminate\\Foundation\\Http\\Kernel->sendRequestThroughRouter(Object(Illuminate\\Http\\Request))
#5 E:\\Projetos Desenvolvimento\\ProjetosPhpStorm\\ProjetosLaravel\
ightlife\\public\\index.php(55): Illuminate\\Foundation\\Http\\Kernel->handle(Object(Illuminate\\Http\\Request))
#6 {main}
"} 
[2020-04-03 03:06:49] laravel.EMERGENCY: Unable to create configured logger. Using emergency logger. {"exception":"[object] (InvalidArgumentException(code: 0): Log [] is not defined. at E:\\Projetos Desenvolvimento\\ProjetosPhpStorm\\ProjetosLaravel\
ightlife\\vendor\\laravel\\framework\\src\\Illuminate\\Log\\LogManager.php:168)
[stacktrace]
#0 E:\\Projetos Desenvolvimento\\ProjetosPhpStorm\\ProjetosLaravel\
ightlife\\vendor\\laravel\\framework\\src\\Illuminate\\Log\\LogManager.php(102): Illuminate\\Log\\LogManager->resolve(NULL)
#1 E:\\Projetos Desenvolvimento\\ProjetosPhpStorm\\ProjetosLaravel\
ightlife\\vendor\\laravel\\framework\\src\\Illuminate\\Log\\LogManager.php(90): Illuminate\\Log\\LogManager->get(NULL)
#2 E:\\Projetos Desenvolvimento\\ProjetosPhpStorm\\ProjetosLaravel\
ightlife\\vendor\\laravel\\framework\\src\\Illuminate\\Log\\LogManager.php(500): Illuminate\\Log\\LogManager->driver()
#3 E:\\Projetos Desenvolvimento\\ProjetosPhpStorm\\ProjetosLaravel\
ightlife\\vendor\\laravel\\framework\\src\\Illuminate\\Foundation\\Exceptions\\Handler.php(118): Illuminate\\Log\\LogManager->error('syntax error, u...', Array)
#4 E:\\Projetos Desenvolvimento\\ProjetosPhpStorm\\ProjetosLaravel\
ightlife\\app\\Exceptions\\Handler.php(37): Illuminate\\Foundation\\Exceptions\\Handler->report(Object(Symfony\\Component\\Debug\\Exception\\FatalThrowableError))
#5 E:\\Projetos Desenvolvimento\\ProjetosPhpStorm\\ProjetosLaravel\
ightlife\\vendor\\laravel\\framework\\src\\Illuminate\\Foundation\\Http\\Kernel.php(314): App\\Exceptions\\Handler->report(Object(Symfony\\Component\\Debug\\Exception\\FatalThrowableError))
#6 E:\\Projetos Desenvolvimento\\ProjetosPhpStorm\\ProjetosLaravel\
ightlife\\vendor\\laravel\\framework\\src\\Illuminate\\Foundation\\Http\\Kernel.php(122): Illuminate\\Foundation\\Http\\Kernel->reportException(Object(Symfony\\Component\\Debug\\Exception\\FatalThrowableError))
#7 E:\\Projetos Desenvolvimento\\ProjetosPhpStorm\\ProjetosLaravel\
ightlife\\public\\index.php(55): Illuminate\\Foundation\\Http\\Kernel->handle(Object(Illuminate\\Http\\Request))
#8 {main}
"} 
[2020-04-03 03:06:49] laravel.ERROR: syntax error, unexpected '',' (T_CONSTANT_ENCAPSED_STRING), expecting ']' {"exception":"[object] (Symfony\\Component\\Debug\\Exception\\FatalThrowableError(code: 0): syntax error, unexpected '',' (T_CONSTANT_ENCAPSED_STRING), expecting ']' at E:\\Projetos Desenvolvimento\\ProjetosPhpStorm\\ProjetosLaravel\
ightlife\\config\\app.php:191)
[stacktrace]
#0 E:\\Projetos Desenvolvimento\\ProjetosPhpStorm\\ProjetosLaravel\
ightlife\\vendor\\laravel\\framework\\src\\Illuminate\\Foundation\\Bootstrap\\LoadConfiguration.php(39): Illuminate\\Foundation\\Bootstrap\\LoadConfiguration->loadConfigurationFiles(Object(Illuminate\\Foundation\\Application), Object(Illuminate\\Config\\Repository))
#1 E:\\Projetos Desenvolvimento\\ProjetosPhpStorm\\ProjetosLaravel\
ightlife\\vendor\\laravel\\framework\\src\\Illuminate\\Foundation\\Application.php(210): Illuminate\\Foundation\\Bootstrap\\LoadConfiguration->bootstrap(Object(Illuminate\\Foundation\\Application))
#2 E:\\Projetos Desenvolvimento\\ProjetosPhpStorm\\ProjetosLaravel\
ightlife\\vendor\\laravel\\framework\\src\\Illuminate\\Foundation\\Http\\Kernel.php(162): Illuminate\\Foundation\\Application->bootstrapWith(Array)
#3 E:\\Projetos Desenvolvimento\\ProjetosPhpStorm\\ProjetosLaravel\
ightlife\\vendor\\laravel\\framework\\src\\Illuminate\\Foundation\\Http\\Kernel.php(146): Illuminate\\Foundation\\Http\\Kernel->bootstrap()
#4 E:\\Projetos Desenvolvimento\\ProjetosPhpStorm\\ProjetosLaravel\
ightlife\\vendor\\laravel\\framework\\src\\Illuminate\\Foundation\\Http\\Kernel.php(116): Illuminate\\Foundation\\Http\\Kernel->sendRequestThroughRouter(Object(Illuminate\\Http\\Request))
#5 E:\\Projetos Desenvolvimento\\ProjetosPhpStorm\\ProjetosLaravel\
ightlife\\public\\index.php(55): Illuminate\\Foundation\\Http\\Kernel->handle(Object(Illuminate\\Http\\Request))
#6 {main}
"} 
[2020-04-18 01:16:49] laravel.EMERGENCY: Unable to create configured logger. Using emergency logger. {"exception":"[object] (InvalidArgumentException(code: 0): Log [] is not defined. at E:\\Projetos Desenvolvimento\\ProjetosPhpStorm\\ProjetosLaravel\
ightlife\\vendor\\laravel\\framework\\src\\Illuminate\\Log\\LogManager.php:168)
[stacktrace]
#0 E:\\Projetos Desenvolvimento\\ProjetosPhpStorm\\ProjetosLaravel\
ightlife\\vendor\\laravel\\framework\\src\\Illuminate\\Log\\LogManager.php(102): Illuminate\\Log\\LogManager->resolve(NULL)
#1 E:\\Projetos Desenvolvimento\\ProjetosPhpStorm\\ProjetosLaravel\
ightlife\\vendor\\laravel\\framework\\src\\Illuminate\\Log\\LogManager.php(90): Illuminate\\Log\\LogManager->get(NULL)
#2 E:\\Projetos Desenvolvimento\\ProjetosPhpStorm\\ProjetosLaravel\
ightlife\\vendor\\laravel\\framework\\src\\Illuminate\\Log\\LogManager.php(500): Illuminate\\Log\\LogManager->driver()
#3 E:\\Projetos Desenvolvimento\\ProjetosPhpStorm\\ProjetosLaravel\
ightlife\\vendor\\laravel\\framework\\src\\Illuminate\\Foundation\\Exceptions\\Handler.php(118): Illuminate\\Log\\LogManager->error('syntax error, u...', Array)
#4 E:\\Projetos Desenvolvimento\\ProjetosPhpStorm\\ProjetosLaravel\
ightlife\\app\\Exceptions\\Handler.php(37): Illuminate\\Foundation\\Exceptions\\Handler->report(Object(Symfony\\Component\\Debug\\Exception\\FatalThrowableError))
#5 E:\\Projetos Desenvolvimento\\ProjetosPhpStorm\\ProjetosLaravel\
ightlife\\vendor\\laravel\\framework\\src\\Illuminate\\Foundation\\Http\\Kernel.php(314): App\\Exceptions\\Handler->report(Object(Symfony\\Component\\Debug\\Exception\\FatalThrowableError))
#6 E:\\Projetos Desenvolvimento\\ProjetosPhpStorm\\ProjetosLaravel\
ightlife\\vendor\\laravel\\framework\\src\\Illuminate\\Foundation\\Http\\Kernel.php(122): Illuminate\\Foundation\\Http\\Kernel->reportException(Object(Symfony\\Component\\Debug\\Exception\\FatalThrowableError))
#7 E:\\Projetos Desenvolvimento\\ProjetosPhpStorm\\ProjetosLaravel\
ightlife\\public\\index.php(55): Illuminate\\Foundation\\Http\\Kernel->handle(Object(Illuminate\\Http\\Request))
#8 {main}
"} 
[2020-04-18 01:16:50] laravel.ERROR: syntax error, unexpected ';', expecting ']' {"exception":"[object] (Symfony\\Component\\Debug\\Exception\\FatalThrowableError(code: 0): syntax error, unexpected ';', expecting ']' at E:\\Projetos Desenvolvimento\\ProjetosPhpStorm\\ProjetosLaravel\
ightlife\\config\\adminlte.php:350)
[stacktrace]
#0 E:\\Projetos Desenvolvimento\\ProjetosPhpStorm\\ProjetosLaravel\
ightlife\\vendor\\laravel\\framework\\src\\Illuminate\\Foundation\\Bootstrap\\LoadConfiguration.php(39): Illuminate\\Foundation\\Bootstrap\\LoadConfiguration->loadConfigurationFiles(Object(Illuminate\\Foundation\\Application), Object(Illuminate\\Config\\Repository))
#1 E:\\Projetos Desenvolvimento\\ProjetosPhpStorm\\ProjetosLaravel\
ightlife\\vendor\\laravel\\framework\\src\\Illuminate\\Foundation\\Application.php(210): Illuminate\\Foundation\\Bootstrap\\LoadConfiguration->bootstrap(Object(Illuminate\\Foundation\\Application))
#2 E:\\Projetos Desenvolvimento\\ProjetosPhpStorm\\ProjetosLaravel\
ightlife\\vendor\\laravel\\framework\\src\\Illuminate\\Foundation\\Http\\Kernel.php(162): Illuminate\\Foundation\\Application->bootstrapWith(Array)
#3 E:\\Projetos Desenvolvimento\\ProjetosPhpStorm\\ProjetosLaravel\
ightlife\\vendor\\laravel\\framework\\src\\Illuminate\\Foundation\\Http\\Kernel.php(146): Illuminate\\Foundation\\Http\\Kernel->bootstrap()
#4 E:\\Projetos Desenvolvimento\\ProjetosPhpStorm\\ProjetosLaravel\
ightlife\\vendor\\laravel\\framework\\src\\Illuminate\\Foundation\\Http\\Kernel.php(116): Illuminate\\Foundation\\Http\\Kernel->sendRequestThroughRouter(Object(Illuminate\\Http\\Request))
#5 E:\\Projetos Desenvolvimento\\ProjetosPhpStorm\\ProjetosLaravel\
ightlife\\public\\index.php(55): Illuminate\\Foundation\\Http\\Kernel->handle(Object(Illuminate\\Http\\Request))
#6 {main}
"} 
