[2020-02-17 22:53:55] local.ERROR: SQLSTATE[42S02]: Base table or view not found: 1146 Table 'nightlife_2019_df.establishments' doesn't exist (SQL: select * from `user` where `id` not in (select `user_id` from `establishments`)) {"userId":1,"exception":"[object] (Illuminate\\Database\\QueryException(code: 42S02): SQLSTATE[42S02]: Base table or view not found: 1146 Table 'nightlife_2019_df.establishments' doesn't exist (SQL: select * from `user` where `id` not in (select `user_id` from `establishments`)) at E:\\Projetos Desenvolvimento\\ProjetosPhpStorm\\ProjetosLaravel\
ightlife\\vendor\\laravel\\framework\\src\\Illuminate\\Database\\Connection.php:664, PDOException(code: 42S02): SQLSTATE[42S02]: Base table or view not found: 1146 Table 'nightlife_2019_df.establishments' doesn't exist at E:\\Projetos Desenvolvimento\\ProjetosPhpStorm\\ProjetosLaravel\
ightlife\\vendor\\laravel\\framework\\src\\Illuminate\\Database\\Connection.php:326)
[stacktrace]
#0 E:\\Projetos Desenvolvimento\\ProjetosPhpStorm\\ProjetosLaravel\
ightlife\\vendor\\laravel\\framework\\src\\Illuminate\\Database\\Connection.php(624): Illuminate\\Database\\Connection->runQueryCallback('select * from `...', Array, Object(Closure))
#1 E:\\Projetos Desenvolvimento\\ProjetosPhpStorm\\ProjetosLaravel\
ightlife\\vendor\\laravel\\framework\\src\\Illuminate\\Database\\Connection.php(333): Illuminate\\Database\\Connection->run('select * from `...', Array, Object(Closure))
#2 E:\\Projetos Desenvolvimento\\ProjetosPhpStorm\\ProjetosLaravel\
ightlife\\vendor\\laravel\\framework\\src\\Illuminate\\Database\\Query\\Builder.php(2130): Illuminate\\Database\\Connection->select('select * from `...', Array, true)
#3 E:\\Projetos Desenvolvimento\\ProjetosPhpStorm\\ProjetosLaravel\
ightlife\\vendor\\laravel\\framework\\src\\Illuminate\\Database\\Query\\Builder.php(2118): Illuminate\\Database\\Query\\Builder->runSelect()
#4 E:\\Projetos Desenvolvimento\\ProjetosPhpStorm\\ProjetosLaravel\
ightlife\\vendor\\laravel\\framework\\src\\Illuminate\\Database\\Query\\Builder.php(2604): Illuminate\\Database\\Query\\Builder->Illuminate\\Database\\Query\\{closure}()
#5 E:\\Projetos Desenvolvimento\\ProjetosPhpStorm\\ProjetosLaravel\
ightlife\\vendor\\laravel\\framework\\src\\Illuminate\\Database\\Query\\Builder.php(2119): Illuminate\\Database\\Query\\Builder->onceWithColumns(Array, Object(Closure))
#6 E:\\Projetos Desenvolvimento\\ProjetosPhpStorm\\ProjetosLaravel\
ightlife\\vendor\\laravel\\framework\\src\\Illuminate\\Database\\Eloquent\\Builder.php(521): Illuminate\\Database\\Query\\Builder->get(Array)
#7 E:\\Projetos Desenvolvimento\\ProjetosPhpStorm\\ProjetosLaravel\
ightlife\\vendor\\laravel\\framework\\src\\Illuminate\\Database\\Eloquent\\Builder.php(505): Illuminate\\Database\\Eloquent\\Builder->getModels(Array)
#8 E:\\Projetos Desenvolvimento\\ProjetosPhpStorm\\ProjetosLaravel\
ightlife\\app\\Http\\Controllers\\Admin\\EstablishmentController.php(53): Illuminate\\Database\\Eloquent\\Builder->get()
#9 [internal function]: App\\Http\\Controllers\\Admin\\EstablishmentController->create(Object(Illuminate\\Http\\Request))
#10 E:\\Projetos Desenvolvimento\\ProjetosPhpStorm\\ProjetosLaravel\
ightlife\\vendor\\laravel\\framework\\src\\Illuminate\\Routing\\Controller.php(54): call_user_func_array(Array, Array)
#11 E:\\Projetos Desenvolvimento\\ProjetosPhpStorm\\ProjetosLaravel\
ightlife\\vendor\\laravel\\framework\\src\\Illuminate\\Routing\\ControllerDispatcher.php(45): Illuminate\\Routing\\Controller->callAction('create', Array)
#12 E:\\Projetos Desenvolvimento\\ProjetosPhpStorm\\ProjetosLaravel\
ightlife\\vendor\\laravel\\framework\\src\\Illuminate\\Routing\\Route.php(219): Illuminate\\Routing\\ControllerDispatcher->dispatch(Object(Illuminate\\Routing\\Route), Object(App\\Http\\Controllers\\Admin\\EstablishmentController), 'create')
#13 E:\\Projetos Desenvolvimento\\ProjetosPhpStorm\\ProjetosLaravel\
ightlife\\vendor\\laravel\\framework\\src\\Illuminate\\Routing\\Route.php(176): Illuminate\\Routing\\Route->runController()
#14 E:\\Projetos Desenvolvimento\\ProjetosPhpStorm\\ProjetosLaravel\
ightlife\\vendor\\laravel\\framework\\src\\Illuminate\\Routing\\Router.php(680): Illuminate\\Routing\\Route->run()
#15 E:\\Projetos Desenvolvimento\\ProjetosPhpStorm\\ProjetosLaravel\
ightlife\\vendor\\laravel\\framework\\src\\Illuminate\\Routing\\Pipeline.php(30): Illuminate\\Routing\\Router->Illuminate\\Routing\\{closure}(Object(Illuminate\\Http\\Request))
#16 E:\\Projetos Desenvolvimento\\ProjetosPhpStorm\\ProjetosLaravel\
ightlife\\vendor\\laravel\\framework\\src\\Illuminate\\Routing\\Middleware\\SubstituteBindings.php(41): Illuminate\\Routing\\Pipeline->Illuminate\\Routing\\{closure}(Object(Illuminate\\Http\\Request))
#17 E:\\Projetos Desenvolvimento\\ProjetosPhpStorm\\ProjetosLaravel\
ightlife\\vendor\\laravel\\framework\\src\\Illuminate\\Pipeline\\Pipeline.php(163): Illuminate\\Routing\\Middleware\\SubstituteBindings->handle(Object(Illuminate\\Http\\Request), Object(Closure))
#18 E:\\Projetos Desenvolvimento\\ProjetosPhpStorm\\ProjetosLaravel\
ightlife\\vendor\\laravel\\framework\\src\\Illuminate\\Routing\\Pipeline.php(53): Illuminate\\Pipeline\\Pipeline->Illuminate\\Pipeline\\{closure}(Object(Illuminate\\Http\\Request))
#19 E:\\Projetos Desenvolvimento\\ProjetosPhpStorm\\ProjetosLaravel\
ightlife\\vendor\\laravel\\framework\\src\\Illuminate\\Auth\\Middleware\\Authenticate.php(43): Illuminate\\Routing\\Pipeline->Illuminate\\Routing\\{closure}(Object(Illuminate\\Http\\Request))
#20 E:\\Projetos Desenvolvimento\\ProjetosPhpStorm\\ProjetosLaravel\
ightlife\\vendor\\laravel\\framework\\src\\Illuminate\\Pipeline\\Pipeline.php(163): Illuminate\\Auth\\Middleware\\Authenticate->handle(Object(Illuminate\\Http\\Request), Object(Closure))
#21 E:\\Projetos Desenvolvimento\\ProjetosPhpStorm\\ProjetosLaravel\
ightlife\\vendor\\laravel\\framework\\src\\Illuminate\\Routing\\Pipeline.php(53): Illuminate\\Pipeline\\Pipeline->Illuminate\\Pipeline\\{closure}(Object(Illuminate\\Http\\Request))
#22 E:\\Projetos Desenvolvimento\\ProjetosPhpStorm\\ProjetosLaravel\
ightlife\\vendor\\laravel\\framework\\src\\Illuminate\\Foundation\\Http\\Middleware\\VerifyCsrfToken.php(75): Illuminate\\Routing\\Pipeline->Illuminate\\Routing\\{closure}(Object(Illuminate\\Http\\Request))
#23 E:\\Projetos Desenvolvimento\\ProjetosPhpStorm\\ProjetosLaravel\
ightlife\\vendor\\laravel\\framework\\src\\Illuminate\\Pipeline\\Pipeline.php(163): Illuminate\\Foundation\\Http\\Middleware\\VerifyCsrfToken->handle(Object(Illuminate\\Http\\Request), Object(Closure))
#24 E:\\Projetos Desenvolvimento\\ProjetosPhpStorm\\ProjetosLaravel\
ightlife\\vendor\\laravel\\framework\\src\\Illuminate\\Routing\\Pipeline.php(53): Illuminate\\Pipeline\\Pipeline->Illuminate\\Pipeline\\{closure}(Object(Illuminate\\Http\\Request))
#25 E:\\Projetos Desenvolvimento\\ProjetosPhpStorm\\ProjetosLaravel\
ightlife\\vendor\\laravel\\framework\\src\\Illuminate\\View\\Middleware\\ShareErrorsFromSession.php(49): Illuminate\\Routing\\Pipeline->Illuminate\\Routing\\{closure}(Object(Illuminate\\Http\\Request))
#26 E:\\Projetos Desenvolvimento\\ProjetosPhpStorm\\ProjetosLaravel\
ightlife\\vendor\\laravel\\framework\\src\\Illuminate\\Pipeline\\Pipeline.php(163): Illuminate\\View\\Middleware\\ShareErrorsFromSession->handle(Object(Illuminate\\Http\\Request), Object(Closure))
#27 E:\\Projetos Desenvolvimento\\ProjetosPhpStorm\\ProjetosLaravel\
ightlife\\vendor\\laravel\\framework\\src\\Illuminate\\Routing\\Pipeline.php(53): Illuminate\\Pipeline\\Pipeline->Illuminate\\Pipeline\\{closure}(Object(Illuminate\\Http\\Request))
#28 E:\\Projetos Desenvolvimento\\ProjetosPhpStorm\\ProjetosLaravel\
ightlife\\vendor\\laravel\\framework\\src\\Illuminate\\Session\\Middleware\\StartSession.php(56): Illuminate\\Routing\\Pipeline->Illuminate\\Routing\\{closure}(Object(Illuminate\\Http\\Request))
#29 E:\\Projetos Desenvolvimento\\ProjetosPhpStorm\\ProjetosLaravel\
ightlife\\vendor\\laravel\\framework\\src\\Illuminate\\Pipeline\\Pipeline.php(163): Illuminate\\Session\\Middleware\\StartSession->handle(Object(Illuminate\\Http\\Request), Object(Closure))
#30 E:\\Projetos Desenvolvimento\\ProjetosPhpStorm\\ProjetosLaravel\
ightlife\\vendor\\laravel\\framework\\src\\Illuminate\\Routing\\Pipeline.php(53): Illuminate\\Pipeline\\Pipeline->Illuminate\\Pipeline\\{closure}(Object(Illuminate\\Http\\Request))
#31 E:\\Projetos Desenvolvimento\\ProjetosPhpStorm\\ProjetosLaravel\
ightlife\\vendor\\laravel\\framework\\src\\Illuminate\\Cookie\\Middleware\\AddQueuedCookiesToResponse.php(37): Illuminate\\Routing\\Pipeline->Illuminate\\Routing\\{closure}(Object(Illuminate\\Http\\Request))
#32 E:\\Projetos Desenvolvimento\\ProjetosPhpStorm\\ProjetosLaravel\
ightlife\\vendor\\laravel\\framework\\src\\Illuminate\\Pipeline\\Pipeline.php(163): Illuminate\\Cookie\\Middleware\\AddQueuedCookiesToResponse->handle(Object(Illuminate\\Http\\Request), Object(Closure))
#33 E:\\Projetos Desenvolvimento\\ProjetosPhpStorm\\ProjetosLaravel\
ightlife\\vendor\\laravel\\framework\\src\\Illuminate\\Routing\\Pipeline.php(53): Illuminate\\Pipeline\\Pipeline->Illuminate\\Pipeline\\{closure}(Object(Illuminate\\Http\\Request))
#34 E:\\Projetos Desenvolvimento\\ProjetosPhpStorm\\ProjetosLaravel\
ightlife\\vendor\\laravel\\framework\\src\\Illuminate\\Cookie\\Middleware\\EncryptCookies.php(66): Illuminate\\Routing\\Pipeline->Illuminate\\Routing\\{closure}(Object(Illuminate\\Http\\Request))
#35 E:\\Projetos Desenvolvimento\\ProjetosPhpStorm\\ProjetosLaravel\
ightlife\\vendor\\laravel\\framework\\src\\Illuminate\\Pipeline\\Pipeline.php(163): Illuminate\\Cookie\\Middleware\\EncryptCookies->handle(Object(Illuminate\\Http\\Request), Object(Closure))
#36 E:\\Projetos Desenvolvimento\\ProjetosPhpStorm\\ProjetosLaravel\
ightlife\\vendor\\laravel\\framework\\src\\Illuminate\\Routing\\Pipeline.php(53): Illuminate\\Pipeline\\Pipeline->Illuminate\\Pipeline\\{closure}(Object(Illuminate\\Http\\Request))
#37 E:\\Projetos Desenvolvimento\\ProjetosPhpStorm\\ProjetosLaravel\
ightlife\\vendor\\laravel\\framework\\src\\Illuminate\\Pipeline\\Pipeline.php(104): Illuminate\\Routing\\Pipeline->Illuminate\\Routing\\{closure}(Object(Illuminate\\Http\\Request))
#38 E:\\Projetos Desenvolvimento\\ProjetosPhpStorm\\ProjetosLaravel\
ightlife\\vendor\\laravel\\framework\\src\\Illuminate\\Routing\\Router.php(682): Illuminate\\Pipeline\\Pipeline->then(Object(Closure))
#39 E:\\Projetos Desenvolvimento\\ProjetosPhpStorm\\ProjetosLaravel\
ightlife\\vendor\\laravel\\framework\\src\\Illuminate\\Routing\\Router.php(657): Illuminate\\Routing\\Router->runRouteWithinStack(Object(Illuminate\\Routing\\Route), Object(Illuminate\\Http\\Request))
#40 E:\\Projetos Desenvolvimento\\ProjetosPhpStorm\\ProjetosLaravel\
ightlife\\vendor\\laravel\\framework\\src\\Illuminate\\Routing\\Router.php(623): Illuminate\\Routing\\Router->runRoute(Object(Illuminate\\Http\\Request), Object(Illuminate\\Routing\\Route))
#41 E:\\Projetos Desenvolvimento\\ProjetosPhpStorm\\ProjetosLaravel\
ightlife\\vendor\\laravel\\framework\\src\\Illuminate\\Routing\\Router.php(612): Illuminate\\Routing\\Router->dispatchToRoute(Object(Illuminate\\Http\\Request))
#42 E:\\Projetos Desenvolvimento\\ProjetosPhpStorm\\ProjetosLaravel\
ightlife\\vendor\\laravel\\framework\\src\\Illuminate\\Foundation\\Http\\Kernel.php(176): Illuminate\\Routing\\Router->dispatch(Object(Illuminate\\Http\\Request))
#43 E:\\Projetos Desenvolvimento\\ProjetosPhpStorm\\ProjetosLaravel\
ightlife\\vendor\\laravel\\framework\\src\\Illuminate\\Routing\\Pipeline.php(30): Illuminate\\Foundation\\Http\\Kernel->Illuminate\\Foundation\\Http\\{closure}(Object(Illuminate\\Http\\Request))
#44 E:\\Projetos Desenvolvimento\\ProjetosPhpStorm\\ProjetosLaravel\
ightlife\\vendor\\fideloper\\proxy\\src\\TrustProxies.php(57): Illuminate\\Routing\\Pipeline->Illuminate\\Routing\\{closure}(Object(Illuminate\\Http\\Request))
#45 E:\\Projetos Desenvolvimento\\ProjetosPhpStorm\\ProjetosLaravel\
ightlife\\vendor\\laravel\\framework\\src\\Illuminate\\Pipeline\\Pipeline.php(163): Fideloper\\Proxy\\TrustProxies->handle(Object(Illuminate\\Http\\Request), Object(Closure))
#46 E:\\Projetos Desenvolvimento\\ProjetosPhpStorm\\ProjetosLaravel\
ightlife\\vendor\\laravel\\framework\\src\\Illuminate\\Routing\\Pipeline.php(53): Illuminate\\Pipeline\\Pipeline->Illuminate\\Pipeline\\{closure}(Object(Illuminate\\Http\\Request))
#47 E:\\Projetos Desenvolvimento\\ProjetosPhpStorm\\ProjetosLaravel\
ightlife\\vendor\\laravel\\framework\\src\\Illuminate\\Foundation\\Http\\Middleware\\TransformsRequest.php(21): Illuminate\\Routing\\Pipeline->Illuminate\\Routing\\{closure}(Object(Illuminate\\Http\\Request))
#48 E:\\Projetos Desenvolvimento\\ProjetosPhpStorm\\ProjetosLaravel\
ightlife\\vendor\\laravel\\framework\\src\\Illuminate\\Pipeline\\Pipeline.php(163): Illuminate\\Foundation\\Http\\Middleware\\TransformsRequest->handle(Object(Illuminate\\Http\\Request), Object(Closure))
#49 E:\\Projetos Desenvolvimento\\ProjetosPhpStorm\\ProjetosLaravel\
ightlife\\vendor\\laravel\\framework\\src\\Illuminate\\Routing\\Pipeline.php(53): Illuminate\\Pipeline\\Pipeline->Illuminate\\Pipeline\\{closure}(Object(Illuminate\\Http\\Request))
#50 E:\\Projetos Desenvolvimento\\ProjetosPhpStorm\\ProjetosLaravel\
ightlife\\vendor\\laravel\\framework\\src\\Illuminate\\Foundation\\Http\\Middleware\\TransformsRequest.php(21): Illuminate\\Routing\\Pipeline->Illuminate\\Routing\\{closure}(Object(Illuminate\\Http\\Request))
#51 E:\\Projetos Desenvolvimento\\ProjetosPhpStorm\\ProjetosLaravel\
ightlife\\vendor\\laravel\\framework\\src\\Illuminate\\Pipeline\\Pipeline.php(163): Illuminate\\Foundation\\Http\\Middleware\\TransformsRequest->handle(Object(Illuminate\\Http\\Request), Object(Closure))
#52 E:\\Projetos Desenvolvimento\\ProjetosPhpStorm\\ProjetosLaravel\
ightlife\\vendor\\laravel\\framework\\src\\Illuminate\\Routing\\Pipeline.php(53): Illuminate\\Pipeline\\Pipeline->Illuminate\\Pipeline\\{closure}(Object(Illuminate\\Http\\Request))
#53 E:\\Projetos Desenvolvimento\\ProjetosPhpStorm\\ProjetosLaravel\
ightlife\\vendor\\laravel\\framework\\src\\Illuminate\\Foundation\\Http\\Middleware\\ValidatePostSize.php(27): Illuminate\\Routing\\Pipeline->Illuminate\\Routing\\{closure}(Object(Illuminate\\Http\\Request))
#54 E:\\Projetos Desenvolvimento\\ProjetosPhpStorm\\ProjetosLaravel\
ightlife\\vendor\\laravel\\framework\\src\\Illuminate\\Pipeline\\Pipeline.php(163): Illuminate\\Foundation\\Http\\Middleware\\ValidatePostSize->handle(Object(Illuminate\\Http\\Request), Object(Closure))
#55 E:\\Projetos Desenvolvimento\\ProjetosPhpStorm\\ProjetosLaravel\
ightlife\\vendor\\laravel\\framework\\src\\Illuminate\\Routing\\Pipeline.php(53): Illuminate\\Pipeline\\Pipeline->Illuminate\\Pipeline\\{closure}(Object(Illuminate\\Http\\Request))
#56 E:\\Projetos Desenvolvimento\\ProjetosPhpStorm\\ProjetosLaravel\
ightlife\\vendor\\laravel\\framework\\src\\Illuminate\\Foundation\\Http\\Middleware\\CheckForMaintenanceMode.php(62): Illuminate\\Routing\\Pipeline->Illuminate\\Routing\\{closure}(Object(Illuminate\\Http\\Request))
#57 E:\\Projetos Desenvolvimento\\ProjetosPhpStorm\\ProjetosLaravel\
ightlife\\vendor\\laravel\\framework\\src\\Illuminate\\Pipeline\\Pipeline.php(163): Illuminate\\Foundation\\Http\\Middleware\\CheckForMaintenanceMode->handle(Object(Illuminate\\Http\\Request), Object(Closure))
#58 E:\\Projetos Desenvolvimento\\ProjetosPhpStorm\\ProjetosLaravel\
ightlife\\vendor\\laravel\\framework\\src\\Illuminate\\Routing\\Pipeline.php(53): Illuminate\\Pipeline\\Pipeline->Illuminate\\Pipeline\\{closure}(Object(Illuminate\\Http\\Request))
#59 E:\\Projetos Desenvolvimento\\ProjetosPhpStorm\\ProjetosLaravel\
ightlife\\vendor\\laravel\\framework\\src\\Illuminate\\Pipeline\\Pipeline.php(104): Illuminate\\Routing\\Pipeline->Illuminate\\Routing\\{closure}(Object(Illuminate\\Http\\Request))
#60 E:\\Projetos Desenvolvimento\\ProjetosPhpStorm\\ProjetosLaravel\
ightlife\\vendor\\laravel\\framework\\src\\Illuminate\\Foundation\\Http\\Kernel.php(151): Illuminate\\Pipeline\\Pipeline->then(Object(Closure))
#61 E:\\Projetos Desenvolvimento\\ProjetosPhpStorm\\ProjetosLaravel\
ightlife\\vendor\\laravel\\framework\\src\\Illuminate\\Foundation\\Http\\Kernel.php(116): Illuminate\\Foundation\\Http\\Kernel->sendRequestThroughRouter(Object(Illuminate\\Http\\Request))
#62 E:\\Projetos Desenvolvimento\\ProjetosPhpStorm\\ProjetosLaravel\
ightlife\\public\\index.php(55): Illuminate\\Foundation\\Http\\Kernel->handle(Object(Illuminate\\Http\\Request))
#63 {main}
"} 
[2020-02-17 22:58:04] local.ERROR: Method Illuminate\Database\Eloquent\Collection::with does not exist. {"userId":1,"exception":"[object] (BadMethodCallException(code: 0): Method Illuminate\\Database\\Eloquent\\Collection::with does not exist. at E:\\Projetos Desenvolvimento\\ProjetosPhpStorm\\ProjetosLaravel\
ightlife\\vendor\\laravel\\framework\\src\\Illuminate\\Support\\Traits\\Macroable.php:104)
[stacktrace]
#0 E:\\Projetos Desenvolvimento\\ProjetosPhpStorm\\ProjetosLaravel\
ightlife\\vendor\\laravel\\framework\\src\\Illuminate\\Support\\Traits\\ForwardsCalls.php(23): Illuminate\\Support\\Collection->__call('with', Array)
#1 E:\\Projetos Desenvolvimento\\ProjetosPhpStorm\\ProjetosLaravel\
ightlife\\vendor\\laravel\\framework\\src\\Illuminate\\Pagination\\AbstractPaginator.php(647): Illuminate\\Pagination\\AbstractPaginator->forwardCallTo(Object(Illuminate\\Database\\Eloquent\\Collection), 'with', Array)
#2 E:\\Projetos Desenvolvimento\\ProjetosPhpStorm\\ProjetosLaravel\
ightlife\\app\\Http\\Controllers\\Admin\\EstablishmentController.php(34): Illuminate\\Pagination\\AbstractPaginator->__call('with', Array)
#3 [internal function]: App\\Http\\Controllers\\Admin\\EstablishmentController->index(Object(Illuminate\\Pagination\\LengthAwarePaginator))
#4 E:\\Projetos Desenvolvimento\\ProjetosPhpStorm\\ProjetosLaravel\
ightlife\\vendor\\laravel\\framework\\src\\Illuminate\\Routing\\Controller.php(54): call_user_func_array(Array, Array)
#5 E:\\Projetos Desenvolvimento\\ProjetosPhpStorm\\ProjetosLaravel\
ightlife\\vendor\\laravel\\framework\\src\\Illuminate\\Routing\\ControllerDispatcher.php(45): Illuminate\\Routing\\Controller->callAction('index', Array)
#6 E:\\Projetos Desenvolvimento\\ProjetosPhpStorm\\ProjetosLaravel\
ightlife\\vendor\\laravel\\framework\\src\\Illuminate\\Routing\\Route.php(219): Illuminate\\Routing\\ControllerDispatcher->dispatch(Object(Illuminate\\Routing\\Route), Object(App\\Http\\Controllers\\Admin\\EstablishmentController), 'index')
#7 E:\\Projetos Desenvolvimento\\ProjetosPhpStorm\\ProjetosLaravel\
ightlife\\vendor\\laravel\\framework\\src\\Illuminate\\Routing\\Route.php(176): Illuminate\\Routing\\Route->runController()
#8 E:\\Projetos Desenvolvimento\\ProjetosPhpStorm\\ProjetosLaravel\
ightlife\\vendor\\laravel\\framework\\src\\Illuminate\\Routing\\Router.php(680): Illuminate\\Routing\\Route->run()
#9 E:\\Projetos Desenvolvimento\\ProjetosPhpStorm\\ProjetosLaravel\
ightlife\\vendor\\laravel\\framework\\src\\Illuminate\\Routing\\Pipeline.php(30): Illuminate\\Routing\\Router->Illuminate\\Routing\\{closure}(Object(Illuminate\\Http\\Request))
#10 E:\\Projetos Desenvolvimento\\ProjetosPhpStorm\\ProjetosLaravel\
ightlife\\vendor\\laravel\\framework\\src\\Illuminate\\Routing\\Middleware\\SubstituteBindings.php(41): Illuminate\\Routing\\Pipeline->Illuminate\\Routing\\{closure}(Object(Illuminate\\Http\\Request))
#11 E:\\Projetos Desenvolvimento\\ProjetosPhpStorm\\ProjetosLaravel\
ightlife\\vendor\\laravel\\framework\\src\\Illuminate\\Pipeline\\Pipeline.php(163): Illuminate\\Routing\\Middleware\\SubstituteBindings->handle(Object(Illuminate\\Http\\Request), Object(Closure))
#12 E:\\Projetos Desenvolvimento\\ProjetosPhpStorm\\ProjetosLaravel\
ightlife\\vendor\\laravel\\framework\\src\\Illuminate\\Routing\\Pipeline.php(53): Illuminate\\Pipeline\\Pipeline->Illuminate\\Pipeline\\{closure}(Object(Illuminate\\Http\\Request))
#13 E:\\Projetos Desenvolvimento\\ProjetosPhpStorm\\ProjetosLaravel\
ightlife\\vendor\\laravel\\framework\\src\\Illuminate\\Auth\\Middleware\\Authenticate.php(43): Illuminate\\Routing\\Pipeline->Illuminate\\Routing\\{closure}(Object(Illuminate\\Http\\Request))
#14 E:\\Projetos Desenvolvimento\\ProjetosPhpStorm\\ProjetosLaravel\
ightlife\\vendor\\laravel\\framework\\src\\Illuminate\\Pipeline\\Pipeline.php(163): Illuminate\\Auth\\Middleware\\Authenticate->handle(Object(Illuminate\\Http\\Request), Object(Closure))
#15 E:\\Projetos Desenvolvimento\\ProjetosPhpStorm\\ProjetosLaravel\
ightlife\\vendor\\laravel\\framework\\src\\Illuminate\\Routing\\Pipeline.php(53): Illuminate\\Pipeline\\Pipeline->Illuminate\\Pipeline\\{closure}(Object(Illuminate\\Http\\Request))
#16 E:\\Projetos Desenvolvimento\\ProjetosPhpStorm\\ProjetosLaravel\
ightlife\\vendor\\laravel\\framework\\src\\Illuminate\\Foundation\\Http\\Middleware\\VerifyCsrfToken.php(75): Illuminate\\Routing\\Pipeline->Illuminate\\Routing\\{closure}(Object(Illuminate\\Http\\Request))
#17 E:\\Projetos Desenvolvimento\\ProjetosPhpStorm\\ProjetosLaravel\
ightlife\\vendor\\laravel\\framework\\src\\Illuminate\\Pipeline\\Pipeline.php(163): Illuminate\\Foundation\\Http\\Middleware\\VerifyCsrfToken->handle(Object(Illuminate\\Http\\Request), Object(Closure))
#18 E:\\Projetos Desenvolvimento\\ProjetosPhpStorm\\ProjetosLaravel\
ightlife\\vendor\\laravel\\framework\\src\\Illuminate\\Routing\\Pipeline.php(53): Illuminate\\Pipeline\\Pipeline->Illuminate\\Pipeline\\{closure}(Object(Illuminate\\Http\\Request))
#19 E:\\Projetos Desenvolvimento\\ProjetosPhpStorm\\ProjetosLaravel\
ightlife\\vendor\\laravel\\framework\\src\\Illuminate\\View\\Middleware\\ShareErrorsFromSession.php(49): Illuminate\\Routing\\Pipeline->Illuminate\\Routing\\{closure}(Object(Illuminate\\Http\\Request))
#20 E:\\Projetos Desenvolvimento\\ProjetosPhpStorm\\ProjetosLaravel\
ightlife\\vendor\\laravel\\framework\\src\\Illuminate\\Pipeline\\Pipeline.php(163): Illuminate\\View\\Middleware\\ShareErrorsFromSession->handle(Object(Illuminate\\Http\\Request), Object(Closure))
#21 E:\\Projetos Desenvolvimento\\ProjetosPhpStorm\\ProjetosLaravel\
ightlife\\vendor\\laravel\\framework\\src\\Illuminate\\Routing\\Pipeline.php(53): Illuminate\\Pipeline\\Pipeline->Illuminate\\Pipeline\\{closure}(Object(Illuminate\\Http\\Request))
#22 E:\\Projetos Desenvolvimento\\ProjetosPhpStorm\\ProjetosLaravel\
ightlife\\vendor\\laravel\\framework\\src\\Illuminate\\Session\\Middleware\\StartSession.php(56): Illuminate\\Routing\\Pipeline->Illuminate\\Routing\\{closure}(Object(Illuminate\\Http\\Request))
#23 E:\\Projetos Desenvolvimento\\ProjetosPhpStorm\\ProjetosLaravel\
ightlife\\vendor\\laravel\\framework\\src\\Illuminate\\Pipeline\\Pipeline.php(163): Illuminate\\Session\\Middleware\\StartSession->handle(Object(Illuminate\\Http\\Request), Object(Closure))
#24 E:\\Projetos Desenvolvimento\\ProjetosPhpStorm\\ProjetosLaravel\
ightlife\\vendor\\laravel\\framework\\src\\Illuminate\\Routing\\Pipeline.php(53): Illuminate\\Pipeline\\Pipeline->Illuminate\\Pipeline\\{closure}(Object(Illuminate\\Http\\Request))
#25 E:\\Projetos Desenvolvimento\\ProjetosPhpStorm\\ProjetosLaravel\
ightlife\\vendor\\laravel\\framework\\src\\Illuminate\\Cookie\\Middleware\\AddQueuedCookiesToResponse.php(37): Illuminate\\Routing\\Pipeline->Illuminate\\Routing\\{closure}(Object(Illuminate\\Http\\Request))
#26 E:\\Projetos Desenvolvimento\\ProjetosPhpStorm\\ProjetosLaravel\
ightlife\\vendor\\laravel\\framework\\src\\Illuminate\\Pipeline\\Pipeline.php(163): Illuminate\\Cookie\\Middleware\\AddQueuedCookiesToResponse->handle(Object(Illuminate\\Http\\Request), Object(Closure))
#27 E:\\Projetos Desenvolvimento\\ProjetosPhpStorm\\ProjetosLaravel\
ightlife\\vendor\\laravel\\framework\\src\\Illuminate\\Routing\\Pipeline.php(53): Illuminate\\Pipeline\\Pipeline->Illuminate\\Pipeline\\{closure}(Object(Illuminate\\Http\\Request))
#28 E:\\Projetos Desenvolvimento\\ProjetosPhpStorm\\ProjetosLaravel\
ightlife\\vendor\\laravel\\framework\\src\\Illuminate\\Cookie\\Middleware\\EncryptCookies.php(66): Illuminate\\Routing\\Pipeline->Illuminate\\Routing\\{closure}(Object(Illuminate\\Http\\Request))
#29 E:\\Projetos Desenvolvimento\\ProjetosPhpStorm\\ProjetosLaravel\
ightlife\\vendor\\laravel\\framework\\src\\Illuminate\\Pipeline\\Pipeline.php(163): Illuminate\\Cookie\\Middleware\\EncryptCookies->handle(Object(Illuminate\\Http\\Request), Object(Closure))
#30 E:\\Projetos Desenvolvimento\\ProjetosPhpStorm\\ProjetosLaravel\
ightlife\\vendor\\laravel\\framework\\src\\Illuminate\\Routing\\Pipeline.php(53): Illuminate\\Pipeline\\Pipeline->Illuminate\\Pipeline\\{closure}(Object(Illuminate\\Http\\Request))
#31 E:\\Projetos Desenvolvimento\\ProjetosPhpStorm\\ProjetosLaravel\
ightlife\\vendor\\laravel\\framework\\src\\Illuminate\\Pipeline\\Pipeline.php(104): Illuminate\\Routing\\Pipeline->Illuminate\\Routing\\{closure}(Object(Illuminate\\Http\\Request))
#32 E:\\Projetos Desenvolvimento\\ProjetosPhpStorm\\ProjetosLaravel\
ightlife\\vendor\\laravel\\framework\\src\\Illuminate\\Routing\\Router.php(682): Illuminate\\Pipeline\\Pipeline->then(Object(Closure))
#33 E:\\Projetos Desenvolvimento\\ProjetosPhpStorm\\ProjetosLaravel\
ightlife\\vendor\\laravel\\framework\\src\\Illuminate\\Routing\\Router.php(657): Illuminate\\Routing\\Router->runRouteWithinStack(Object(Illuminate\\Routing\\Route), Object(Illuminate\\Http\\Request))
#34 E:\\Projetos Desenvolvimento\\ProjetosPhpStorm\\ProjetosLaravel\
ightlife\\vendor\\laravel\\framework\\src\\Illuminate\\Routing\\Router.php(623): Illuminate\\Routing\\Router->runRoute(Object(Illuminate\\Http\\Request), Object(Illuminate\\Routing\\Route))
#35 E:\\Projetos Desenvolvimento\\ProjetosPhpStorm\\ProjetosLaravel\
ightlife\\vendor\\laravel\\framework\\src\\Illuminate\\Routing\\Router.php(612): Illuminate\\Routing\\Router->dispatchToRoute(Object(Illuminate\\Http\\Request))
#36 E:\\Projetos Desenvolvimento\\ProjetosPhpStorm\\ProjetosLaravel\
ightlife\\vendor\\laravel\\framework\\src\\Illuminate\\Foundation\\Http\\Kernel.php(176): Illuminate\\Routing\\Router->dispatch(Object(Illuminate\\Http\\Request))
#37 E:\\Projetos Desenvolvimento\\ProjetosPhpStorm\\ProjetosLaravel\
ightlife\\vendor\\laravel\\framework\\src\\Illuminate\\Routing\\Pipeline.php(30): Illuminate\\Foundation\\Http\\Kernel->Illuminate\\Foundation\\Http\\{closure}(Object(Illuminate\\Http\\Request))
#38 E:\\Projetos Desenvolvimento\\ProjetosPhpStorm\\ProjetosLaravel\
ightlife\\vendor\\fideloper\\proxy\\src\\TrustProxies.php(57): Illuminate\\Routing\\Pipeline->Illuminate\\Routing\\{closure}(Object(Illuminate\\Http\\Request))
#39 E:\\Projetos Desenvolvimento\\ProjetosPhpStorm\\ProjetosLaravel\
ightlife\\vendor\\laravel\\framework\\src\\Illuminate\\Pipeline\\Pipeline.php(163): Fideloper\\Proxy\\TrustProxies->handle(Object(Illuminate\\Http\\Request), Object(Closure))
#40 E:\\Projetos Desenvolvimento\\ProjetosPhpStorm\\ProjetosLaravel\
ightlife\\vendor\\laravel\\framework\\src\\Illuminate\\Routing\\Pipeline.php(53): Illuminate\\Pipeline\\Pipeline->Illuminate\\Pipeline\\{closure}(Object(Illuminate\\Http\\Request))
#41 E:\\Projetos Desenvolvimento\\ProjetosPhpStorm\\ProjetosLaravel\
ightlife\\vendor\\laravel\\framework\\src\\Illuminate\\Foundation\\Http\\Middleware\\TransformsRequest.php(21): Illuminate\\Routing\\Pipeline->Illuminate\\Routing\\{closure}(Object(Illuminate\\Http\\Request))
#42 E:\\Projetos Desenvolvimento\\ProjetosPhpStorm\\ProjetosLaravel\
ightlife\\vendor\\laravel\\framework\\src\\Illuminate\\Pipeline\\Pipeline.php(163): Illuminate\\Foundation\\Http\\Middleware\\TransformsRequest->handle(Object(Illuminate\\Http\\Request), Object(Closure))
#43 E:\\Projetos Desenvolvimento\\ProjetosPhpStorm\\ProjetosLaravel\
ightlife\\vendor\\laravel\\framework\\src\\Illuminate\\Routing\\Pipeline.php(53): Illuminate\\Pipeline\\Pipeline->Illuminate\\Pipeline\\{closure}(Object(Illuminate\\Http\\Request))
#44 E:\\Projetos Desenvolvimento\\ProjetosPhpStorm\\ProjetosLaravel\
ightlife\\vendor\\laravel\\framework\\src\\Illuminate\\Foundation\\Http\\Middleware\\TransformsRequest.php(21): Illuminate\\Routing\\Pipeline->Illuminate\\Routing\\{closure}(Object(Illuminate\\Http\\Request))
#45 E:\\Projetos Desenvolvimento\\ProjetosPhpStorm\\ProjetosLaravel\
ightlife\\vendor\\laravel\\framework\\src\\Illuminate\\Pipeline\\Pipeline.php(163): Illuminate\\Foundation\\Http\\Middleware\\TransformsRequest->handle(Object(Illuminate\\Http\\Request), Object(Closure))
#46 E:\\Projetos Desenvolvimento\\ProjetosPhpStorm\\ProjetosLaravel\
ightlife\\vendor\\laravel\\framework\\src\\Illuminate\\Routing\\Pipeline.php(53): Illuminate\\Pipeline\\Pipeline->Illuminate\\Pipeline\\{closure}(Object(Illuminate\\Http\\Request))
#47 E:\\Projetos Desenvolvimento\\ProjetosPhpStorm\\ProjetosLaravel\
ightlife\\vendor\\laravel\\framework\\src\\Illuminate\\Foundation\\Http\\Middleware\\ValidatePostSize.php(27): Illuminate\\Routing\\Pipeline->Illuminate\\Routing\\{closure}(Object(Illuminate\\Http\\Request))
#48 E:\\Projetos Desenvolvimento\\ProjetosPhpStorm\\ProjetosLaravel\
ightlife\\vendor\\laravel\\framework\\src\\Illuminate\\Pipeline\\Pipeline.php(163): Illuminate\\Foundation\\Http\\Middleware\\ValidatePostSize->handle(Object(Illuminate\\Http\\Request), Object(Closure))
#49 E:\\Projetos Desenvolvimento\\ProjetosPhpStorm\\ProjetosLaravel\
ightlife\\vendor\\laravel\\framework\\src\\Illuminate\\Routing\\Pipeline.php(53): Illuminate\\Pipeline\\Pipeline->Illuminate\\Pipeline\\{closure}(Object(Illuminate\\Http\\Request))
#50 E:\\Projetos Desenvolvimento\\ProjetosPhpStorm\\ProjetosLaravel\
ightlife\\vendor\\laravel\\framework\\src\\Illuminate\\Foundation\\Http\\Middleware\\CheckForMaintenanceMode.php(62): Illuminate\\Routing\\Pipeline->Illuminate\\Routing\\{closure}(Object(Illuminate\\Http\\Request))
#51 E:\\Projetos Desenvolvimento\\ProjetosPhpStorm\\ProjetosLaravel\
ightlife\\vendor\\laravel\\framework\\src\\Illuminate\\Pipeline\\Pipeline.php(163): Illuminate\\Foundation\\Http\\Middleware\\CheckForMaintenanceMode->handle(Object(Illuminate\\Http\\Request), Object(Closure))
#52 E:\\Projetos Desenvolvimento\\ProjetosPhpStorm\\ProjetosLaravel\
ightlife\\vendor\\laravel\\framework\\src\\Illuminate\\Routing\\Pipeline.php(53): Illuminate\\Pipeline\\Pipeline->Illuminate\\Pipeline\\{closure}(Object(Illuminate\\Http\\Request))
#53 E:\\Projetos Desenvolvimento\\ProjetosPhpStorm\\ProjetosLaravel\
ightlife\\vendor\\laravel\\framework\\src\\Illuminate\\Pipeline\\Pipeline.php(104): Illuminate\\Routing\\Pipeline->Illuminate\\Routing\\{closure}(Object(Illuminate\\Http\\Request))
#54 E:\\Projetos Desenvolvimento\\ProjetosPhpStorm\\ProjetosLaravel\
ightlife\\vendor\\laravel\\framework\\src\\Illuminate\\Foundation\\Http\\Kernel.php(151): Illuminate\\Pipeline\\Pipeline->then(Object(Closure))
#55 E:\\Projetos Desenvolvimento\\ProjetosPhpStorm\\ProjetosLaravel\
ightlife\\vendor\\laravel\\framework\\src\\Illuminate\\Foundation\\Http\\Kernel.php(116): Illuminate\\Foundation\\Http\\Kernel->sendRequestThroughRouter(Object(Illuminate\\Http\\Request))
#56 E:\\Projetos Desenvolvimento\\ProjetosPhpStorm\\ProjetosLaravel\
ightlife\\public\\index.php(55): Illuminate\\Foundation\\Http\\Kernel->handle(Object(Illuminate\\Http\\Request))
#57 {main}
"} 
[2020-02-17 22:58:14] local.ERROR: Method Illuminate\Database\Eloquent\Collection::with does not exist. {"userId":1,"exception":"[object] (BadMethodCallException(code: 0): Method Illuminate\\Database\\Eloquent\\Collection::with does not exist. at E:\\Projetos Desenvolvimento\\ProjetosPhpStorm\\ProjetosLaravel\
ightlife\\vendor\\laravel\\framework\\src\\Illuminate\\Support\\Traits\\Macroable.php:104)
[stacktrace]
#0 E:\\Projetos Desenvolvimento\\ProjetosPhpStorm\\ProjetosLaravel\
ightlife\\vendor\\laravel\\framework\\src\\Illuminate\\Support\\Traits\\ForwardsCalls.php(23): Illuminate\\Support\\Collection->__call('with', Array)
#1 E:\\Projetos Desenvolvimento\\ProjetosPhpStorm\\ProjetosLaravel\
ightlife\\vendor\\laravel\\framework\\src\\Illuminate\\Pagination\\AbstractPaginator.php(647): Illuminate\\Pagination\\AbstractPaginator->forwardCallTo(Object(Illuminate\\Database\\Eloquent\\Collection), 'with', Array)
#2 E:\\Projetos Desenvolvimento\\ProjetosPhpStorm\\ProjetosLaravel\
ightlife\\app\\Http\\Controllers\\Admin\\EstablishmentController.php(34): Illuminate\\Pagination\\AbstractPaginator->__call('with', Array)
#3 [internal function]: App\\Http\\Controllers\\Admin\\EstablishmentController->index(Object(Illuminate\\Pagination\\LengthAwarePaginator))
#4 E:\\Projetos Desenvolvimento\\ProjetosPhpStorm\\ProjetosLaravel\
ightlife\\vendor\\laravel\\framework\\src\\Illuminate\\Routing\\Controller.php(54): call_user_func_array(Array, Array)
#5 E:\\Projetos Desenvolvimento\\ProjetosPhpStorm\\ProjetosLaravel\
ightlife\\vendor\\laravel\\framework\\src\\Illuminate\\Routing\\ControllerDispatcher.php(45): Illuminate\\Routing\\Controller->callAction('index', Array)
#6 E:\\Projetos Desenvolvimento\\ProjetosPhpStorm\\ProjetosLaravel\
ightlife\\vendor\\laravel\\framework\\src\\Illuminate\\Routing\\Route.php(219): Illuminate\\Routing\\ControllerDispatcher->dispatch(Object(Illuminate\\Routing\\Route), Object(App\\Http\\Controllers\\Admin\\EstablishmentController), 'index')
#7 E:\\Projetos Desenvolvimento\\ProjetosPhpStorm\\ProjetosLaravel\
ightlife\\vendor\\laravel\\framework\\src\\Illuminate\\Routing\\Route.php(176): Illuminate\\Routing\\Route->runController()
#8 E:\\Projetos Desenvolvimento\\ProjetosPhpStorm\\ProjetosLaravel\
ightlife\\vendor\\laravel\\framework\\src\\Illuminate\\Routing\\Router.php(680): Illuminate\\Routing\\Route->run()
#9 E:\\Projetos Desenvolvimento\\ProjetosPhpStorm\\ProjetosLaravel\
ightlife\\vendor\\laravel\\framework\\src\\Illuminate\\Routing\\Pipeline.php(30): Illuminate\\Routing\\Router->Illuminate\\Routing\\{closure}(Object(Illuminate\\Http\\Request))
#10 E:\\Projetos Desenvolvimento\\ProjetosPhpStorm\\ProjetosLaravel\
ightlife\\vendor\\laravel\\framework\\src\\Illuminate\\Routing\\Middleware\\SubstituteBindings.php(41): Illuminate\\Routing\\Pipeline->Illuminate\\Routing\\{closure}(Object(Illuminate\\Http\\Request))
#11 E:\\Projetos Desenvolvimento\\ProjetosPhpStorm\\ProjetosLaravel\
ightlife\\vendor\\laravel\\framework\\src\\Illuminate\\Pipeline\\Pipeline.php(163): Illuminate\\Routing\\Middleware\\SubstituteBindings->handle(Object(Illuminate\\Http\\Request), Object(Closure))
#12 E:\\Projetos Desenvolvimento\\ProjetosPhpStorm\\ProjetosLaravel\
ightlife\\vendor\\laravel\\framework\\src\\Illuminate\\Routing\\Pipeline.php(53): Illuminate\\Pipeline\\Pipeline->Illuminate\\Pipeline\\{closure}(Object(Illuminate\\Http\\Request))
#13 E:\\Projetos Desenvolvimento\\ProjetosPhpStorm\\ProjetosLaravel\
ightlife\\vendor\\laravel\\framework\\src\\Illuminate\\Auth\\Middleware\\Authenticate.php(43): Illuminate\\Routing\\Pipeline->Illuminate\\Routing\\{closure}(Object(Illuminate\\Http\\Request))
#14 E:\\Projetos Desenvolvimento\\ProjetosPhpStorm\\ProjetosLaravel\
ightlife\\vendor\\laravel\\framework\\src\\Illuminate\\Pipeline\\Pipeline.php(163): Illuminate\\Auth\\Middleware\\Authenticate->handle(Object(Illuminate\\Http\\Request), Object(Closure))
#15 E:\\Projetos Desenvolvimento\\ProjetosPhpStorm\\ProjetosLaravel\
ightlife\\vendor\\laravel\\framework\\src\\Illuminate\\Routing\\Pipeline.php(53): Illuminate\\Pipeline\\Pipeline->Illuminate\\Pipeline\\{closure}(Object(Illuminate\\Http\\Request))
#16 E:\\Projetos Desenvolvimento\\ProjetosPhpStorm\\ProjetosLaravel\
ightlife\\vendor\\laravel\\framework\\src\\Illuminate\\Foundation\\Http\\Middleware\\VerifyCsrfToken.php(75): Illuminate\\Routing\\Pipeline->Illuminate\\Routing\\{closure}(Object(Illuminate\\Http\\Request))
#17 E:\\Projetos Desenvolvimento\\ProjetosPhpStorm\\ProjetosLaravel\
ightlife\\vendor\\laravel\\framework\\src\\Illuminate\\Pipeline\\Pipeline.php(163): Illuminate\\Foundation\\Http\\Middleware\\VerifyCsrfToken->handle(Object(Illuminate\\Http\\Request), Object(Closure))
#18 E:\\Projetos Desenvolvimento\\ProjetosPhpStorm\\ProjetosLaravel\
ightlife\\vendor\\laravel\\framework\\src\\Illuminate\\Routing\\Pipeline.php(53): Illuminate\\Pipeline\\Pipeline->Illuminate\\Pipeline\\{closure}(Object(Illuminate\\Http\\Request))
#19 E:\\Projetos Desenvolvimento\\ProjetosPhpStorm\\ProjetosLaravel\
ightlife\\vendor\\laravel\\framework\\src\\Illuminate\\View\\Middleware\\ShareErrorsFromSession.php(49): Illuminate\\Routing\\Pipeline->Illuminate\\Routing\\{closure}(Object(Illuminate\\Http\\Request))
#20 E:\\Projetos Desenvolvimento\\ProjetosPhpStorm\\ProjetosLaravel\
ightlife\\vendor\\laravel\\framework\\src\\Illuminate\\Pipeline\\Pipeline.php(163): Illuminate\\View\\Middleware\\ShareErrorsFromSession->handle(Object(Illuminate\\Http\\Request), Object(Closure))
#21 E:\\Projetos Desenvolvimento\\ProjetosPhpStorm\\ProjetosLaravel\
ightlife\\vendor\\laravel\\framework\\src\\Illuminate\\Routing\\Pipeline.php(53): Illuminate\\Pipeline\\Pipeline->Illuminate\\Pipeline\\{closure}(Object(Illuminate\\Http\\Request))
#22 E:\\Projetos Desenvolvimento\\ProjetosPhpStorm\\ProjetosLaravel\
ightlife\\vendor\\laravel\\framework\\src\\Illuminate\\Session\\Middleware\\StartSession.php(56): Illuminate\\Routing\\Pipeline->Illuminate\\Routing\\{closure}(Object(Illuminate\\Http\\Request))
#23 E:\\Projetos Desenvolvimento\\ProjetosPhpStorm\\ProjetosLaravel\
ightlife\\vendor\\laravel\\framework\\src\\Illuminate\\Pipeline\\Pipeline.php(163): Illuminate\\Session\\Middleware\\StartSession->handle(Object(Illuminate\\Http\\Request), Object(Closure))
#24 E:\\Projetos Desenvolvimento\\ProjetosPhpStorm\\ProjetosLaravel\
ightlife\\vendor\\laravel\\framework\\src\\Illuminate\\Routing\\Pipeline.php(53): Illuminate\\Pipeline\\Pipeline->Illuminate\\Pipeline\\{closure}(Object(Illuminate\\Http\\Request))
#25 E:\\Projetos Desenvolvimento\\ProjetosPhpStorm\\ProjetosLaravel\
ightlife\\vendor\\laravel\\framework\\src\\Illuminate\\Cookie\\Middleware\\AddQueuedCookiesToResponse.php(37): Illuminate\\Routing\\Pipeline->Illuminate\\Routing\\{closure}(Object(Illuminate\\Http\\Request))
#26 E:\\Projetos Desenvolvimento\\ProjetosPhpStorm\\ProjetosLaravel\
ightlife\\vendor\\laravel\\framework\\src\\Illuminate\\Pipeline\\Pipeline.php(163): Illuminate\\Cookie\\Middleware\\AddQueuedCookiesToResponse->handle(Object(Illuminate\\Http\\Request), Object(Closure))
#27 E:\\Projetos Desenvolvimento\\ProjetosPhpStorm\\ProjetosLaravel\
ightlife\\vendor\\laravel\\framework\\src\\Illuminate\\Routing\\Pipeline.php(53): Illuminate\\Pipeline\\Pipeline->Illuminate\\Pipeline\\{closure}(Object(Illuminate\\Http\\Request))
#28 E:\\Projetos Desenvolvimento\\ProjetosPhpStorm\\ProjetosLaravel\
ightlife\\vendor\\laravel\\framework\\src\\Illuminate\\Cookie\\Middleware\\EncryptCookies.php(66): Illuminate\\Routing\\Pipeline->Illuminate\\Routing\\{closure}(Object(Illuminate\\Http\\Request))
#29 E:\\Projetos Desenvolvimento\\ProjetosPhpStorm\\ProjetosLaravel\
ightlife\\vendor\\laravel\\framework\\src\\Illuminate\\Pipeline\\Pipeline.php(163): Illuminate\\Cookie\\Middleware\\EncryptCookies->handle(Object(Illuminate\\Http\\Request), Object(Closure))
#30 E:\\Projetos Desenvolvimento\\ProjetosPhpStorm\\ProjetosLaravel\
ightlife\\vendor\\laravel\\framework\\src\\Illuminate\\Routing\\Pipeline.php(53): Illuminate\\Pipeline\\Pipeline->Illuminate\\Pipeline\\{closure}(Object(Illuminate\\Http\\Request))
#31 E:\\Projetos Desenvolvimento\\ProjetosPhpStorm\\ProjetosLaravel\
ightlife\\vendor\\laravel\\framework\\src\\Illuminate\\Pipeline\\Pipeline.php(104): Illuminate\\Routing\\Pipeline->Illuminate\\Routing\\{closure}(Object(Illuminate\\Http\\Request))
#32 E:\\Projetos Desenvolvimento\\ProjetosPhpStorm\\ProjetosLaravel\
ightlife\\vendor\\laravel\\framework\\src\\Illuminate\\Routing\\Router.php(682): Illuminate\\Pipeline\\Pipeline->then(Object(Closure))
#33 E:\\Projetos Desenvolvimento\\ProjetosPhpStorm\\ProjetosLaravel\
ightlife\\vendor\\laravel\\framework\\src\\Illuminate\\Routing\\Router.php(657): Illuminate\\Routing\\Router->runRouteWithinStack(Object(Illuminate\\Routing\\Route), Object(Illuminate\\Http\\Request))
#34 E:\\Projetos Desenvolvimento\\ProjetosPhpStorm\\ProjetosLaravel\
ightlife\\vendor\\laravel\\framework\\src\\Illuminate\\Routing\\Router.php(623): Illuminate\\Routing\\Router->runRoute(Object(Illuminate\\Http\\Request), Object(Illuminate\\Routing\\Route))
#35 E:\\Projetos Desenvolvimento\\ProjetosPhpStorm\\ProjetosLaravel\
ightlife\\vendor\\laravel\\framework\\src\\Illuminate\\Routing\\Router.php(612): Illuminate\\Routing\\Router->dispatchToRoute(Object(Illuminate\\Http\\Request))
#36 E:\\Projetos Desenvolvimento\\ProjetosPhpStorm\\ProjetosLaravel\
ightlife\\vendor\\laravel\\framework\\src\\Illuminate\\Foundation\\Http\\Kernel.php(176): Illuminate\\Routing\\Router->dispatch(Object(Illuminate\\Http\\Request))
#37 E:\\Projetos Desenvolvimento\\ProjetosPhpStorm\\ProjetosLaravel\
ightlife\\vendor\\laravel\\framework\\src\\Illuminate\\Routing\\Pipeline.php(30): Illuminate\\Foundation\\Http\\Kernel->Illuminate\\Foundation\\Http\\{closure}(Object(Illuminate\\Http\\Request))
#38 E:\\Projetos Desenvolvimento\\ProjetosPhpStorm\\ProjetosLaravel\
ightlife\\vendor\\fideloper\\proxy\\src\\TrustProxies.php(57): Illuminate\\Routing\\Pipeline->Illuminate\\Routing\\{closure}(Object(Illuminate\\Http\\Request))
#39 E:\\Projetos Desenvolvimento\\ProjetosPhpStorm\\ProjetosLaravel\
ightlife\\vendor\\laravel\\framework\\src\\Illuminate\\Pipeline\\Pipeline.php(163): Fideloper\\Proxy\\TrustProxies->handle(Object(Illuminate\\Http\\Request), Object(Closure))
#40 E:\\Projetos Desenvolvimento\\ProjetosPhpStorm\\ProjetosLaravel\
ightlife\\vendor\\laravel\\framework\\src\\Illuminate\\Routing\\Pipeline.php(53): Illuminate\\Pipeline\\Pipeline->Illuminate\\Pipeline\\{closure}(Object(Illuminate\\Http\\Request))
#41 E:\\Projetos Desenvolvimento\\ProjetosPhpStorm\\ProjetosLaravel\
ightlife\\vendor\\laravel\\framework\\src\\Illuminate\\Foundation\\Http\\Middleware\\TransformsRequest.php(21): Illuminate\\Routing\\Pipeline->Illuminate\\Routing\\{closure}(Object(Illuminate\\Http\\Request))
#42 E:\\Projetos Desenvolvimento\\ProjetosPhpStorm\\ProjetosLaravel\
ightlife\\vendor\\laravel\\framework\\src\\Illuminate\\Pipeline\\Pipeline.php(163): Illuminate\\Foundation\\Http\\Middleware\\TransformsRequest->handle(Object(Illuminate\\Http\\Request), Object(Closure))
#43 E:\\Projetos Desenvolvimento\\ProjetosPhpStorm\\ProjetosLaravel\
ightlife\\vendor\\laravel\\framework\\src\\Illuminate\\Routing\\Pipeline.php(53): Illuminate\\Pipeline\\Pipeline->Illuminate\\Pipeline\\{closure}(Object(Illuminate\\Http\\Request))
#44 E:\\Projetos Desenvolvimento\\ProjetosPhpStorm\\ProjetosLaravel\
ightlife\\vendor\\laravel\\framework\\src\\Illuminate\\Foundation\\Http\\Middleware\\TransformsRequest.php(21): Illuminate\\Routing\\Pipeline->Illuminate\\Routing\\{closure}(Object(Illuminate\\Http\\Request))
#45 E:\\Projetos Desenvolvimento\\ProjetosPhpStorm\\ProjetosLaravel\
ightlife\\vendor\\laravel\\framework\\src\\Illuminate\\Pipeline\\Pipeline.php(163): Illuminate\\Foundation\\Http\\Middleware\\TransformsRequest->handle(Object(Illuminate\\Http\\Request), Object(Closure))
#46 E:\\Projetos Desenvolvimento\\ProjetosPhpStorm\\ProjetosLaravel\
ightlife\\vendor\\laravel\\framework\\src\\Illuminate\\Routing\\Pipeline.php(53): Illuminate\\Pipeline\\Pipeline->Illuminate\\Pipeline\\{closure}(Object(Illuminate\\Http\\Request))
#47 E:\\Projetos Desenvolvimento\\ProjetosPhpStorm\\ProjetosLaravel\
ightlife\\vendor\\laravel\\framework\\src\\Illuminate\\Foundation\\Http\\Middleware\\ValidatePostSize.php(27): Illuminate\\Routing\\Pipeline->Illuminate\\Routing\\{closure}(Object(Illuminate\\Http\\Request))
#48 E:\\Projetos Desenvolvimento\\ProjetosPhpStorm\\ProjetosLaravel\
ightlife\\vendor\\laravel\\framework\\src\\Illuminate\\Pipeline\\Pipeline.php(163): Illuminate\\Foundation\\Http\\Middleware\\ValidatePostSize->handle(Object(Illuminate\\Http\\Request), Object(Closure))
#49 E:\\Projetos Desenvolvimento\\ProjetosPhpStorm\\ProjetosLaravel\
ightlife\\vendor\\laravel\\framework\\src\\Illuminate\\Routing\\Pipeline.php(53): Illuminate\\Pipeline\\Pipeline->Illuminate\\Pipeline\\{closure}(Object(Illuminate\\Http\\Request))
#50 E:\\Projetos Desenvolvimento\\ProjetosPhpStorm\\ProjetosLaravel\
ightlife\\vendor\\laravel\\framework\\src\\Illuminate\\Foundation\\Http\\Middleware\\CheckForMaintenanceMode.php(62): Illuminate\\Routing\\Pipeline->Illuminate\\Routing\\{closure}(Object(Illuminate\\Http\\Request))
#51 E:\\Projetos Desenvolvimento\\ProjetosPhpStorm\\ProjetosLaravel\
ightlife\\vendor\\laravel\\framework\\src\\Illuminate\\Pipeline\\Pipeline.php(163): Illuminate\\Foundation\\Http\\Middleware\\CheckForMaintenanceMode->handle(Object(Illuminate\\Http\\Request), Object(Closure))
#52 E:\\Projetos Desenvolvimento\\ProjetosPhpStorm\\ProjetosLaravel\
ightlife\\vendor\\laravel\\framework\\src\\Illuminate\\Routing\\Pipeline.php(53): Illuminate\\Pipeline\\Pipeline->Illuminate\\Pipeline\\{closure}(Object(Illuminate\\Http\\Request))
#53 E:\\Projetos Desenvolvimento\\ProjetosPhpStorm\\ProjetosLaravel\
ightlife\\vendor\\laravel\\framework\\src\\Illuminate\\Pipeline\\Pipeline.php(104): Illuminate\\Routing\\Pipeline->Illuminate\\Routing\\{closure}(Object(Illuminate\\Http\\Request))
#54 E:\\Projetos Desenvolvimento\\ProjetosPhpStorm\\ProjetosLaravel\
ightlife\\vendor\\laravel\\framework\\src\\Illuminate\\Foundation\\Http\\Kernel.php(151): Illuminate\\Pipeline\\Pipeline->then(Object(Closure))
#55 E:\\Projetos Desenvolvimento\\ProjetosPhpStorm\\ProjetosLaravel\
ightlife\\vendor\\laravel\\framework\\src\\Illuminate\\Foundation\\Http\\Kernel.php(116): Illuminate\\Foundation\\Http\\Kernel->sendRequestThroughRouter(Object(Illuminate\\Http\\Request))
#56 E:\\Projetos Desenvolvimento\\ProjetosPhpStorm\\ProjetosLaravel\
ightlife\\public\\index.php(55): Illuminate\\Foundation\\Http\\Kernel->handle(Object(Illuminate\\Http\\Request))
#57 {main}
"} 
[2020-02-17 23:44:56] local.ERROR: include(E:\Projetos Desenvolvimento\ProjetosPhpStorm\ProjetosLaravel\nightlife): failed to open stream: Permission denied {"userId":1,"exception":"[object] (ErrorException(code: 0): include(E:\\Projetos Desenvolvimento\\ProjetosPhpStorm\\ProjetosLaravel\
ightlife): failed to open stream: Permission denied at E:\\Projetos Desenvolvimento\\ProjetosPhpStorm\\ProjetosLaravel\
ightlife\\vendor\\composer\\ClassLoader.php:444)
[stacktrace]
#0 E:\\Projetos Desenvolvimento\\ProjetosPhpStorm\\ProjetosLaravel\
ightlife\\vendor\\composer\\ClassLoader.php(444): Illuminate\\Foundation\\Bootstrap\\HandleExceptions->handleError(2, 'include(E:\\\\Proj...', 'E:\\\\Projetos Des...', 444, Array)
#1 E:\\Projetos Desenvolvimento\\ProjetosPhpStorm\\ProjetosLaravel\
ightlife\\vendor\\composer\\ClassLoader.php(444): include()
#2 E:\\Projetos Desenvolvimento\\ProjetosPhpStorm\\ProjetosLaravel\
ightlife\\vendor\\composer\\ClassLoader.php(322): Composer\\Autoload\\includeFile('E:\\\\Projetos Des...')
#3 [internal function]: Composer\\Autoload\\ClassLoader->loadClass('App\\\\Models\\\\Site...')
#4 E:\\Projetos Desenvolvimento\\ProjetosPhpStorm\\ProjetosLaravel\
ightlife\\app\\Http\\Controllers\\Admin\\EstablishmentController.php(53): spl_autoload_call('App\\\\Models\\\\Site...')
#5 [internal function]: App\\Http\\Controllers\\Admin\\EstablishmentController->create(Object(Illuminate\\Http\\Request))
#6 E:\\Projetos Desenvolvimento\\ProjetosPhpStorm\\ProjetosLaravel\
ightlife\\vendor\\laravel\\framework\\src\\Illuminate\\Routing\\Controller.php(54): call_user_func_array(Array, Array)
#7 E:\\Projetos Desenvolvimento\\ProjetosPhpStorm\\ProjetosLaravel\
ightlife\\vendor\\laravel\\framework\\src\\Illuminate\\Routing\\ControllerDispatcher.php(45): Illuminate\\Routing\\Controller->callAction('create', Array)
#8 E:\\Projetos Desenvolvimento\\ProjetosPhpStorm\\ProjetosLaravel\
ightlife\\vendor\\laravel\\framework\\src\\Illuminate\\Routing\\Route.php(219): Illuminate\\Routing\\ControllerDispatcher->dispatch(Object(Illuminate\\Routing\\Route), Object(App\\Http\\Controllers\\Admin\\EstablishmentController), 'create')
#9 E:\\Projetos Desenvolvimento\\ProjetosPhpStorm\\ProjetosLaravel\
ightlife\\vendor\\laravel\\framework\\src\\Illuminate\\Routing\\Route.php(176): Illuminate\\Routing\\Route->runController()
#10 E:\\Projetos Desenvolvimento\\ProjetosPhpStorm\\ProjetosLaravel\
ightlife\\vendor\\laravel\\framework\\src\\Illuminate\\Routing\\Router.php(680): Illuminate\\Routing\\Route->run()
#11 E:\\Projetos Desenvolvimento\\ProjetosPhpStorm\\ProjetosLaravel\
ightlife\\vendor\\laravel\\framework\\src\\Illuminate\\Routing\\Pipeline.php(30): Illuminate\\Routing\\Router->Illuminate\\Routing\\{closure}(Object(Illuminate\\Http\\Request))
#12 E:\\Projetos Desenvolvimento\\ProjetosPhpStorm\\ProjetosLaravel\
ightlife\\vendor\\laravel\\framework\\src\\Illuminate\\Routing\\Middleware\\SubstituteBindings.php(41): Illuminate\\Routing\\Pipeline->Illuminate\\Routing\\{closure}(Object(Illuminate\\Http\\Request))
#13 E:\\Projetos Desenvolvimento\\ProjetosPhpStorm\\ProjetosLaravel\
ightlife\\vendor\\laravel\\framework\\src\\Illuminate\\Pipeline\\Pipeline.php(163): Illuminate\\Routing\\Middleware\\SubstituteBindings->handle(Object(Illuminate\\Http\\Request), Object(Closure))
#14 E:\\Projetos Desenvolvimento\\ProjetosPhpStorm\\ProjetosLaravel\
ightlife\\vendor\\laravel\\framework\\src\\Illuminate\\Routing\\Pipeline.php(53): Illuminate\\Pipeline\\Pipeline->Illuminate\\Pipeline\\{closure}(Object(Illuminate\\Http\\Request))
#15 E:\\Projetos Desenvolvimento\\ProjetosPhpStorm\\ProjetosLaravel\
ightlife\\vendor\\laravel\\framework\\src\\Illuminate\\Auth\\Middleware\\Authenticate.php(43): Illuminate\\Routing\\Pipeline->Illuminate\\Routing\\{closure}(Object(Illuminate\\Http\\Request))
#16 E:\\Projetos Desenvolvimento\\ProjetosPhpStorm\\ProjetosLaravel\
ightlife\\vendor\\laravel\\framework\\src\\Illuminate\\Pipeline\\Pipeline.php(163): Illuminate\\Auth\\Middleware\\Authenticate->handle(Object(Illuminate\\Http\\Request), Object(Closure))
#17 E:\\Projetos Desenvolvimento\\ProjetosPhpStorm\\ProjetosLaravel\
ightlife\\vendor\\laravel\\framework\\src\\Illuminate\\Routing\\Pipeline.php(53): Illuminate\\Pipeline\\Pipeline->Illuminate\\Pipeline\\{closure}(Object(Illuminate\\Http\\Request))
#18 E:\\Projetos Desenvolvimento\\ProjetosPhpStorm\\ProjetosLaravel\
ightlife\\vendor\\laravel\\framework\\src\\Illuminate\\Foundation\\Http\\Middleware\\VerifyCsrfToken.php(75): Illuminate\\Routing\\Pipeline->Illuminate\\Routing\\{closure}(Object(Illuminate\\Http\\Request))
#19 E:\\Projetos Desenvolvimento\\ProjetosPhpStorm\\ProjetosLaravel\
ightlife\\vendor\\laravel\\framework\\src\\Illuminate\\Pipeline\\Pipeline.php(163): Illuminate\\Foundation\\Http\\Middleware\\VerifyCsrfToken->handle(Object(Illuminate\\Http\\Request), Object(Closure))
#20 E:\\Projetos Desenvolvimento\\ProjetosPhpStorm\\ProjetosLaravel\
ightlife\\vendor\\laravel\\framework\\src\\Illuminate\\Routing\\Pipeline.php(53): Illuminate\\Pipeline\\Pipeline->Illuminate\\Pipeline\\{closure}(Object(Illuminate\\Http\\Request))
#21 E:\\Projetos Desenvolvimento\\ProjetosPhpStorm\\ProjetosLaravel\
ightlife\\vendor\\laravel\\framework\\src\\Illuminate\\View\\Middleware\\ShareErrorsFromSession.php(49): Illuminate\\Routing\\Pipeline->Illuminate\\Routing\\{closure}(Object(Illuminate\\Http\\Request))
#22 E:\\Projetos Desenvolvimento\\ProjetosPhpStorm\\ProjetosLaravel\
ightlife\\vendor\\laravel\\framework\\src\\Illuminate\\Pipeline\\Pipeline.php(163): Illuminate\\View\\Middleware\\ShareErrorsFromSession->handle(Object(Illuminate\\Http\\Request), Object(Closure))
#23 E:\\Projetos Desenvolvimento\\ProjetosPhpStorm\\ProjetosLaravel\
ightlife\\vendor\\laravel\\framework\\src\\Illuminate\\Routing\\Pipeline.php(53): Illuminate\\Pipeline\\Pipeline->Illuminate\\Pipeline\\{closure}(Object(Illuminate\\Http\\Request))
#24 E:\\Projetos Desenvolvimento\\ProjetosPhpStorm\\ProjetosLaravel\
ightlife\\vendor\\laravel\\framework\\src\\Illuminate\\Session\\Middleware\\StartSession.php(56): Illuminate\\Routing\\Pipeline->Illuminate\\Routing\\{closure}(Object(Illuminate\\Http\\Request))
#25 E:\\Projetos Desenvolvimento\\ProjetosPhpStorm\\ProjetosLaravel\
ightlife\\vendor\\laravel\\framework\\src\\Illuminate\\Pipeline\\Pipeline.php(163): Illuminate\\Session\\Middleware\\StartSession->handle(Object(Illuminate\\Http\\Request), Object(Closure))
#26 E:\\Projetos Desenvolvimento\\ProjetosPhpStorm\\ProjetosLaravel\
ightlife\\vendor\\laravel\\framework\\src\\Illuminate\\Routing\\Pipeline.php(53): Illuminate\\Pipeline\\Pipeline->Illuminate\\Pipeline\\{closure}(Object(Illuminate\\Http\\Request))
#27 E:\\Projetos Desenvolvimento\\ProjetosPhpStorm\\ProjetosLaravel\
ightlife\\vendor\\laravel\\framework\\src\\Illuminate\\Cookie\\Middleware\\AddQueuedCookiesToResponse.php(37): Illuminate\\Routing\\Pipeline->Illuminate\\Routing\\{closure}(Object(Illuminate\\Http\\Request))
#28 E:\\Projetos Desenvolvimento\\ProjetosPhpStorm\\ProjetosLaravel\
ightlife\\vendor\\laravel\\framework\\src\\Illuminate\\Pipeline\\Pipeline.php(163): Illuminate\\Cookie\\Middleware\\AddQueuedCookiesToResponse->handle(Object(Illuminate\\Http\\Request), Object(Closure))
#29 E:\\Projetos Desenvolvimento\\ProjetosPhpStorm\\ProjetosLaravel\
ightlife\\vendor\\laravel\\framework\\src\\Illuminate\\Routing\\Pipeline.php(53): Illuminate\\Pipeline\\Pipeline->Illuminate\\Pipeline\\{closure}(Object(Illuminate\\Http\\Request))
#30 E:\\Projetos Desenvolvimento\\ProjetosPhpStorm\\ProjetosLaravel\
ightlife\\vendor\\laravel\\framework\\src\\Illuminate\\Cookie\\Middleware\\EncryptCookies.php(66): Illuminate\\Routing\\Pipeline->Illuminate\\Routing\\{closure}(Object(Illuminate\\Http\\Request))
#31 E:\\Projetos Desenvolvimento\\ProjetosPhpStorm\\ProjetosLaravel\
ightlife\\vendor\\laravel\\framework\\src\\Illuminate\\Pipeline\\Pipeline.php(163): Illuminate\\Cookie\\Middleware\\EncryptCookies->handle(Object(Illuminate\\Http\\Request), Object(Closure))
#32 E:\\Projetos Desenvolvimento\\ProjetosPhpStorm\\ProjetosLaravel\
ightlife\\vendor\\laravel\\framework\\src\\Illuminate\\Routing\\Pipeline.php(53): Illuminate\\Pipeline\\Pipeline->Illuminate\\Pipeline\\{closure}(Object(Illuminate\\Http\\Request))
#33 E:\\Projetos Desenvolvimento\\ProjetosPhpStorm\\ProjetosLaravel\
ightlife\\vendor\\laravel\\framework\\src\\Illuminate\\Pipeline\\Pipeline.php(104): Illuminate\\Routing\\Pipeline->Illuminate\\Routing\\{closure}(Object(Illuminate\\Http\\Request))
#34 E:\\Projetos Desenvolvimento\\ProjetosPhpStorm\\ProjetosLaravel\
ightlife\\vendor\\laravel\\framework\\src\\Illuminate\\Routing\\Router.php(682): Illuminate\\Pipeline\\Pipeline->then(Object(Closure))
#35 E:\\Projetos Desenvolvimento\\ProjetosPhpStorm\\ProjetosLaravel\
ightlife\\vendor\\laravel\\framework\\src\\Illuminate\\Routing\\Router.php(657): Illuminate\\Routing\\Router->runRouteWithinStack(Object(Illuminate\\Routing\\Route), Object(Illuminate\\Http\\Request))
#36 E:\\Projetos Desenvolvimento\\ProjetosPhpStorm\\ProjetosLaravel\
ightlife\\vendor\\laravel\\framework\\src\\Illuminate\\Routing\\Router.php(623): Illuminate\\Routing\\Router->runRoute(Object(Illuminate\\Http\\Request), Object(Illuminate\\Routing\\Route))
#37 E:\\Projetos Desenvolvimento\\ProjetosPhpStorm\\ProjetosLaravel\
ightlife\\vendor\\laravel\\framework\\src\\Illuminate\\Routing\\Router.php(612): Illuminate\\Routing\\Router->dispatchToRoute(Object(Illuminate\\Http\\Request))
#38 E:\\Projetos Desenvolvimento\\ProjetosPhpStorm\\ProjetosLaravel\
ightlife\\vendor\\laravel\\framework\\src\\Illuminate\\Foundation\\Http\\Kernel.php(176): Illuminate\\Routing\\Router->dispatch(Object(Illuminate\\Http\\Request))
#39 E:\\Projetos Desenvolvimento\\ProjetosPhpStorm\\ProjetosLaravel\
ightlife\\vendor\\laravel\\framework\\src\\Illuminate\\Routing\\Pipeline.php(30): Illuminate\\Foundation\\Http\\Kernel->Illuminate\\Foundation\\Http\\{closure}(Object(Illuminate\\Http\\Request))
#40 E:\\Projetos Desenvolvimento\\ProjetosPhpStorm\\ProjetosLaravel\
ightlife\\vendor\\fideloper\\proxy\\src\\TrustProxies.php(57): Illuminate\\Routing\\Pipeline->Illuminate\\Routing\\{closure}(Object(Illuminate\\Http\\Request))
#41 E:\\Projetos Desenvolvimento\\ProjetosPhpStorm\\ProjetosLaravel\
ightlife\\vendor\\laravel\\framework\\src\\Illuminate\\Pipeline\\Pipeline.php(163): Fideloper\\Proxy\\TrustProxies->handle(Object(Illuminate\\Http\\Request), Object(Closure))
#42 E:\\Projetos Desenvolvimento\\ProjetosPhpStorm\\ProjetosLaravel\
ightlife\\vendor\\laravel\\framework\\src\\Illuminate\\Routing\\Pipeline.php(53): Illuminate\\Pipeline\\Pipeline->Illuminate\\Pipeline\\{closure}(Object(Illuminate\\Http\\Request))
#43 E:\\Projetos Desenvolvimento\\ProjetosPhpStorm\\ProjetosLaravel\
ightlife\\vendor\\laravel\\framework\\src\\Illuminate\\Foundation\\Http\\Middleware\\TransformsRequest.php(21): Illuminate\\Routing\\Pipeline->Illuminate\\Routing\\{closure}(Object(Illuminate\\Http\\Request))
#44 E:\\Projetos Desenvolvimento\\ProjetosPhpStorm\\ProjetosLaravel\
ightlife\\vendor\\laravel\\framework\\src\\Illuminate\\Pipeline\\Pipeline.php(163): Illuminate\\Foundation\\Http\\Middleware\\TransformsRequest->handle(Object(Illuminate\\Http\\Request), Object(Closure))
#45 E:\\Projetos Desenvolvimento\\ProjetosPhpStorm\\ProjetosLaravel\
ightlife\\vendor\\laravel\\framework\\src\\Illuminate\\Routing\\Pipeline.php(53): Illuminate\\Pipeline\\Pipeline->Illuminate\\Pipeline\\{closure}(Object(Illuminate\\Http\\Request))
#46 E:\\Projetos Desenvolvimento\\ProjetosPhpStorm\\ProjetosLaravel\
ightlife\\vendor\\laravel\\framework\\src\\Illuminate\\Foundation\\Http\\Middleware\\TransformsRequest.php(21): Illuminate\\Routing\\Pipeline->Illuminate\\Routing\\{closure}(Object(Illuminate\\Http\\Request))
#47 E:\\Projetos Desenvolvimento\\ProjetosPhpStorm\\ProjetosLaravel\
ightlife\\vendor\\laravel\\framework\\src\\Illuminate\\Pipeline\\Pipeline.php(163): Illuminate\\Foundation\\Http\\Middleware\\TransformsRequest->handle(Object(Illuminate\\Http\\Request), Object(Closure))
#48 E:\\Projetos Desenvolvimento\\ProjetosPhpStorm\\ProjetosLaravel\
ightlife\\vendor\\laravel\\framework\\src\\Illuminate\\Routing\\Pipeline.php(53): Illuminate\\Pipeline\\Pipeline->Illuminate\\Pipeline\\{closure}(Object(Illuminate\\Http\\Request))
#49 E:\\Projetos Desenvolvimento\\ProjetosPhpStorm\\ProjetosLaravel\
ightlife\\vendor\\laravel\\framework\\src\\Illuminate\\Foundation\\Http\\Middleware\\ValidatePostSize.php(27): Illuminate\\Routing\\Pipeline->Illuminate\\Routing\\{closure}(Object(Illuminate\\Http\\Request))
#50 E:\\Projetos Desenvolvimento\\ProjetosPhpStorm\\ProjetosLaravel\
ightlife\\vendor\\laravel\\framework\\src\\Illuminate\\Pipeline\\Pipeline.php(163): Illuminate\\Foundation\\Http\\Middleware\\ValidatePostSize->handle(Object(Illuminate\\Http\\Request), Object(Closure))
#51 E:\\Projetos Desenvolvimento\\ProjetosPhpStorm\\ProjetosLaravel\
ightlife\\vendor\\laravel\\framework\\src\\Illuminate\\Routing\\Pipeline.php(53): Illuminate\\Pipeline\\Pipeline->Illuminate\\Pipeline\\{closure}(Object(Illuminate\\Http\\Request))
#52 E:\\Projetos Desenvolvimento\\ProjetosPhpStorm\\ProjetosLaravel\
ightlife\\vendor\\laravel\\framework\\src\\Illuminate\\Foundation\\Http\\Middleware\\CheckForMaintenanceMode.php(62): Illuminate\\Routing\\Pipeline->Illuminate\\Routing\\{closure}(Object(Illuminate\\Http\\Request))
#53 E:\\Projetos Desenvolvimento\\ProjetosPhpStorm\\ProjetosLaravel\
ightlife\\vendor\\laravel\\framework\\src\\Illuminate\\Pipeline\\Pipeline.php(163): Illuminate\\Foundation\\Http\\Middleware\\CheckForMaintenanceMode->handle(Object(Illuminate\\Http\\Request), Object(Closure))
#54 E:\\Projetos Desenvolvimento\\ProjetosPhpStorm\\ProjetosLaravel\
ightlife\\vendor\\laravel\\framework\\src\\Illuminate\\Routing\\Pipeline.php(53): Illuminate\\Pipeline\\Pipeline->Illuminate\\Pipeline\\{closure}(Object(Illuminate\\Http\\Request))
#55 E:\\Projetos Desenvolvimento\\ProjetosPhpStorm\\ProjetosLaravel\
ightlife\\vendor\\laravel\\framework\\src\\Illuminate\\Pipeline\\Pipeline.php(104): Illuminate\\Routing\\Pipeline->Illuminate\\Routing\\{closure}(Object(Illuminate\\Http\\Request))
#56 E:\\Projetos Desenvolvimento\\ProjetosPhpStorm\\ProjetosLaravel\
ightlife\\vendor\\laravel\\framework\\src\\Illuminate\\Foundation\\Http\\Kernel.php(151): Illuminate\\Pipeline\\Pipeline->then(Object(Closure))
#57 E:\\Projetos Desenvolvimento\\ProjetosPhpStorm\\ProjetosLaravel\
ightlife\\vendor\\laravel\\framework\\src\\Illuminate\\Foundation\\Http\\Kernel.php(116): Illuminate\\Foundation\\Http\\Kernel->sendRequestThroughRouter(Object(Illuminate\\Http\\Request))
#58 E:\\Projetos Desenvolvimento\\ProjetosPhpStorm\\ProjetosLaravel\
ightlife\\public\\index.php(55): Illuminate\\Foundation\\Http\\Kernel->handle(Object(Illuminate\\Http\\Request))
#59 {main}
"} 
[2020-02-17 23:45:56] local.ERROR: include(E:\Projetos Desenvolvimento\ProjetosPhpStorm\ProjetosLaravel\nightlife): failed to open stream: Permission denied {"userId":1,"exception":"[object] (ErrorException(code: 0): include(E:\\Projetos Desenvolvimento\\ProjetosPhpStorm\\ProjetosLaravel\
ightlife): failed to open stream: Permission denied at E:\\Projetos Desenvolvimento\\ProjetosPhpStorm\\ProjetosLaravel\
ightlife\\vendor\\composer\\ClassLoader.php:444)
[stacktrace]
#0 E:\\Projetos Desenvolvimento\\ProjetosPhpStorm\\ProjetosLaravel\
ightlife\\vendor\\composer\\ClassLoader.php(444): Illuminate\\Foundation\\Bootstrap\\HandleExceptions->handleError(2, 'include(E:\\\\Proj...', 'E:\\\\Projetos Des...', 444, Array)
#1 E:\\Projetos Desenvolvimento\\ProjetosPhpStorm\\ProjetosLaravel\
ightlife\\vendor\\composer\\ClassLoader.php(444): include()
#2 E:\\Projetos Desenvolvimento\\ProjetosPhpStorm\\ProjetosLaravel\
ightlife\\vendor\\composer\\ClassLoader.php(322): Composer\\Autoload\\includeFile('E:\\\\Projetos Des...')
#3 [internal function]: Composer\\Autoload\\ClassLoader->loadClass('App\\\\Models\\\\Site...')
#4 E:\\Projetos Desenvolvimento\\ProjetosPhpStorm\\ProjetosLaravel\
ightlife\\app\\Http\\Controllers\\Admin\\EstablishmentController.php(53): spl_autoload_call('App\\\\Models\\\\Site...')
#5 [internal function]: App\\Http\\Controllers\\Admin\\EstablishmentController->create(Object(Illuminate\\Http\\Request))
#6 E:\\Projetos Desenvolvimento\\ProjetosPhpStorm\\ProjetosLaravel\
ightlife\\vendor\\laravel\\framework\\src\\Illuminate\\Routing\\Controller.php(54): call_user_func_array(Array, Array)
#7 E:\\Projetos Desenvolvimento\\ProjetosPhpStorm\\ProjetosLaravel\
ightlife\\vendor\\laravel\\framework\\src\\Illuminate\\Routing\\ControllerDispatcher.php(45): Illuminate\\Routing\\Controller->callAction('create', Array)
#8 E:\\Projetos Desenvolvimento\\ProjetosPhpStorm\\ProjetosLaravel\
ightlife\\vendor\\laravel\\framework\\src\\Illuminate\\Routing\\Route.php(219): Illuminate\\Routing\\ControllerDispatcher->dispatch(Object(Illuminate\\Routing\\Route), Object(App\\Http\\Controllers\\Admin\\EstablishmentController), 'create')
#9 E:\\Projetos Desenvolvimento\\ProjetosPhpStorm\\ProjetosLaravel\
ightlife\\vendor\\laravel\\framework\\src\\Illuminate\\Routing\\Route.php(176): Illuminate\\Routing\\Route->runController()
#10 E:\\Projetos Desenvolvimento\\ProjetosPhpStorm\\ProjetosLaravel\
ightlife\\vendor\\laravel\\framework\\src\\Illuminate\\Routing\\Router.php(680): Illuminate\\Routing\\Route->run()
#11 E:\\Projetos Desenvolvimento\\ProjetosPhpStorm\\ProjetosLaravel\
ightlife\\vendor\\laravel\\framework\\src\\Illuminate\\Routing\\Pipeline.php(30): Illuminate\\Routing\\Router->Illuminate\\Routing\\{closure}(Object(Illuminate\\Http\\Request))
#12 E:\\Projetos Desenvolvimento\\ProjetosPhpStorm\\ProjetosLaravel\
ightlife\\vendor\\laravel\\framework\\src\\Illuminate\\Routing\\Middleware\\SubstituteBindings.php(41): Illuminate\\Routing\\Pipeline->Illuminate\\Routing\\{closure}(Object(Illuminate\\Http\\Request))
#13 E:\\Projetos Desenvolvimento\\ProjetosPhpStorm\\ProjetosLaravel\
ightlife\\vendor\\laravel\\framework\\src\\Illuminate\\Pipeline\\Pipeline.php(163): Illuminate\\Routing\\Middleware\\SubstituteBindings->handle(Object(Illuminate\\Http\\Request), Object(Closure))
#14 E:\\Projetos Desenvolvimento\\ProjetosPhpStorm\\ProjetosLaravel\
ightlife\\vendor\\laravel\\framework\\src\\Illuminate\\Routing\\Pipeline.php(53): Illuminate\\Pipeline\\Pipeline->Illuminate\\Pipeline\\{closure}(Object(Illuminate\\Http\\Request))
#15 E:\\Projetos Desenvolvimento\\ProjetosPhpStorm\\ProjetosLaravel\
ightlife\\vendor\\laravel\\framework\\src\\Illuminate\\Auth\\Middleware\\Authenticate.php(43): Illuminate\\Routing\\Pipeline->Illuminate\\Routing\\{closure}(Object(Illuminate\\Http\\Request))
#16 E:\\Projetos Desenvolvimento\\ProjetosPhpStorm\\ProjetosLaravel\
ightlife\\vendor\\laravel\\framework\\src\\Illuminate\\Pipeline\\Pipeline.php(163): Illuminate\\Auth\\Middleware\\Authenticate->handle(Object(Illuminate\\Http\\Request), Object(Closure))
#17 E:\\Projetos Desenvolvimento\\ProjetosPhpStorm\\ProjetosLaravel\
ightlife\\vendor\\laravel\\framework\\src\\Illuminate\\Routing\\Pipeline.php(53): Illuminate\\Pipeline\\Pipeline->Illuminate\\Pipeline\\{closure}(Object(Illuminate\\Http\\Request))
#18 E:\\Projetos Desenvolvimento\\ProjetosPhpStorm\\ProjetosLaravel\
ightlife\\vendor\\laravel\\framework\\src\\Illuminate\\Foundation\\Http\\Middleware\\VerifyCsrfToken.php(75): Illuminate\\Routing\\Pipeline->Illuminate\\Routing\\{closure}(Object(Illuminate\\Http\\Request))
#19 E:\\Projetos Desenvolvimento\\ProjetosPhpStorm\\ProjetosLaravel\
ightlife\\vendor\\laravel\\framework\\src\\Illuminate\\Pipeline\\Pipeline.php(163): Illuminate\\Foundation\\Http\\Middleware\\VerifyCsrfToken->handle(Object(Illuminate\\Http\\Request), Object(Closure))
#20 E:\\Projetos Desenvolvimento\\ProjetosPhpStorm\\ProjetosLaravel\
ightlife\\vendor\\laravel\\framework\\src\\Illuminate\\Routing\\Pipeline.php(53): Illuminate\\Pipeline\\Pipeline->Illuminate\\Pipeline\\{closure}(Object(Illuminate\\Http\\Request))
#21 E:\\Projetos Desenvolvimento\\ProjetosPhpStorm\\ProjetosLaravel\
ightlife\\vendor\\laravel\\framework\\src\\Illuminate\\View\\Middleware\\ShareErrorsFromSession.php(49): Illuminate\\Routing\\Pipeline->Illuminate\\Routing\\{closure}(Object(Illuminate\\Http\\Request))
#22 E:\\Projetos Desenvolvimento\\ProjetosPhpStorm\\ProjetosLaravel\
ightlife\\vendor\\laravel\\framework\\src\\Illuminate\\Pipeline\\Pipeline.php(163): Illuminate\\View\\Middleware\\ShareErrorsFromSession->handle(Object(Illuminate\\Http\\Request), Object(Closure))
#23 E:\\Projetos Desenvolvimento\\ProjetosPhpStorm\\ProjetosLaravel\
ightlife\\vendor\\laravel\\framework\\src\\Illuminate\\Routing\\Pipeline.php(53): Illuminate\\Pipeline\\Pipeline->Illuminate\\Pipeline\\{closure}(Object(Illuminate\\Http\\Request))
#24 E:\\Projetos Desenvolvimento\\ProjetosPhpStorm\\ProjetosLaravel\
ightlife\\vendor\\laravel\\framework\\src\\Illuminate\\Session\\Middleware\\StartSession.php(56): Illuminate\\Routing\\Pipeline->Illuminate\\Routing\\{closure}(Object(Illuminate\\Http\\Request))
#25 E:\\Projetos Desenvolvimento\\ProjetosPhpStorm\\ProjetosLaravel\
ightlife\\vendor\\laravel\\framework\\src\\Illuminate\\Pipeline\\Pipeline.php(163): Illuminate\\Session\\Middleware\\StartSession->handle(Object(Illuminate\\Http\\Request), Object(Closure))
#26 E:\\Projetos Desenvolvimento\\ProjetosPhpStorm\\ProjetosLaravel\
ightlife\\vendor\\laravel\\framework\\src\\Illuminate\\Routing\\Pipeline.php(53): Illuminate\\Pipeline\\Pipeline->Illuminate\\Pipeline\\{closure}(Object(Illuminate\\Http\\Request))
#27 E:\\Projetos Desenvolvimento\\ProjetosPhpStorm\\ProjetosLaravel\
ightlife\\vendor\\laravel\\framework\\src\\Illuminate\\Cookie\\Middleware\\AddQueuedCookiesToResponse.php(37): Illuminate\\Routing\\Pipeline->Illuminate\\Routing\\{closure}(Object(Illuminate\\Http\\Request))
#28 E:\\Projetos Desenvolvimento\\ProjetosPhpStorm\\ProjetosLaravel\
ightlife\\vendor\\laravel\\framework\\src\\Illuminate\\Pipeline\\Pipeline.php(163): Illuminate\\Cookie\\Middleware\\AddQueuedCookiesToResponse->handle(Object(Illuminate\\Http\\Request), Object(Closure))
#29 E:\\Projetos Desenvolvimento\\ProjetosPhpStorm\\ProjetosLaravel\
ightlife\\vendor\\laravel\\framework\\src\\Illuminate\\Routing\\Pipeline.php(53): Illuminate\\Pipeline\\Pipeline->Illuminate\\Pipeline\\{closure}(Object(Illuminate\\Http\\Request))
#30 E:\\Projetos Desenvolvimento\\ProjetosPhpStorm\\ProjetosLaravel\
ightlife\\vendor\\laravel\\framework\\src\\Illuminate\\Cookie\\Middleware\\EncryptCookies.php(66): Illuminate\\Routing\\Pipeline->Illuminate\\Routing\\{closure}(Object(Illuminate\\Http\\Request))
#31 E:\\Projetos Desenvolvimento\\ProjetosPhpStorm\\ProjetosLaravel\
ightlife\\vendor\\laravel\\framework\\src\\Illuminate\\Pipeline\\Pipeline.php(163): Illuminate\\Cookie\\Middleware\\EncryptCookies->handle(Object(Illuminate\\Http\\Request), Object(Closure))
#32 E:\\Projetos Desenvolvimento\\ProjetosPhpStorm\\ProjetosLaravel\
ightlife\\vendor\\laravel\\framework\\src\\Illuminate\\Routing\\Pipeline.php(53): Illuminate\\Pipeline\\Pipeline->Illuminate\\Pipeline\\{closure}(Object(Illuminate\\Http\\Request))
#33 E:\\Projetos Desenvolvimento\\ProjetosPhpStorm\\ProjetosLaravel\
ightlife\\vendor\\laravel\\framework\\src\\Illuminate\\Pipeline\\Pipeline.php(104): Illuminate\\Routing\\Pipeline->Illuminate\\Routing\\{closure}(Object(Illuminate\\Http\\Request))
#34 E:\\Projetos Desenvolvimento\\ProjetosPhpStorm\\ProjetosLaravel\
ightlife\\vendor\\laravel\\framework\\src\\Illuminate\\Routing\\Router.php(682): Illuminate\\Pipeline\\Pipeline->then(Object(Closure))
#35 E:\\Projetos Desenvolvimento\\ProjetosPhpStorm\\ProjetosLaravel\
ightlife\\vendor\\laravel\\framework\\src\\Illuminate\\Routing\\Router.php(657): Illuminate\\Routing\\Router->runRouteWithinStack(Object(Illuminate\\Routing\\Route), Object(Illuminate\\Http\\Request))
#36 E:\\Projetos Desenvolvimento\\ProjetosPhpStorm\\ProjetosLaravel\
ightlife\\vendor\\laravel\\framework\\src\\Illuminate\\Routing\\Router.php(623): Illuminate\\Routing\\Router->runRoute(Object(Illuminate\\Http\\Request), Object(Illuminate\\Routing\\Route))
#37 E:\\Projetos Desenvolvimento\\ProjetosPhpStorm\\ProjetosLaravel\
ightlife\\vendor\\laravel\\framework\\src\\Illuminate\\Routing\\Router.php(612): Illuminate\\Routing\\Router->dispatchToRoute(Object(Illuminate\\Http\\Request))
#38 E:\\Projetos Desenvolvimento\\ProjetosPhpStorm\\ProjetosLaravel\
ightlife\\vendor\\laravel\\framework\\src\\Illuminate\\Foundation\\Http\\Kernel.php(176): Illuminate\\Routing\\Router->dispatch(Object(Illuminate\\Http\\Request))
#39 E:\\Projetos Desenvolvimento\\ProjetosPhpStorm\\ProjetosLaravel\
ightlife\\vendor\\laravel\\framework\\src\\Illuminate\\Routing\\Pipeline.php(30): Illuminate\\Foundation\\Http\\Kernel->Illuminate\\Foundation\\Http\\{closure}(Object(Illuminate\\Http\\Request))
#40 E:\\Projetos Desenvolvimento\\ProjetosPhpStorm\\ProjetosLaravel\
ightlife\\vendor\\fideloper\\proxy\\src\\TrustProxies.php(57): Illuminate\\Routing\\Pipeline->Illuminate\\Routing\\{closure}(Object(Illuminate\\Http\\Request))
#41 E:\\Projetos Desenvolvimento\\ProjetosPhpStorm\\ProjetosLaravel\
ightlife\\vendor\\laravel\\framework\\src\\Illuminate\\Pipeline\\Pipeline.php(163): Fideloper\\Proxy\\TrustProxies->handle(Object(Illuminate\\Http\\Request), Object(Closure))
#42 E:\\Projetos Desenvolvimento\\ProjetosPhpStorm\\ProjetosLaravel\
ightlife\\vendor\\laravel\\framework\\src\\Illuminate\\Routing\\Pipeline.php(53): Illuminate\\Pipeline\\Pipeline->Illuminate\\Pipeline\\{closure}(Object(Illuminate\\Http\\Request))
#43 E:\\Projetos Desenvolvimento\\ProjetosPhpStorm\\ProjetosLaravel\
ightlife\\vendor\\laravel\\framework\\src\\Illuminate\\Foundation\\Http\\Middleware\\TransformsRequest.php(21): Illuminate\\Routing\\Pipeline->Illuminate\\Routing\\{closure}(Object(Illuminate\\Http\\Request))
#44 E:\\Projetos Desenvolvimento\\ProjetosPhpStorm\\ProjetosLaravel\
ightlife\\vendor\\laravel\\framework\\src\\Illuminate\\Pipeline\\Pipeline.php(163): Illuminate\\Foundation\\Http\\Middleware\\TransformsRequest->handle(Object(Illuminate\\Http\\Request), Object(Closure))
#45 E:\\Projetos Desenvolvimento\\ProjetosPhpStorm\\ProjetosLaravel\
ightlife\\vendor\\laravel\\framework\\src\\Illuminate\\Routing\\Pipeline.php(53): Illuminate\\Pipeline\\Pipeline->Illuminate\\Pipeline\\{closure}(Object(Illuminate\\Http\\Request))
#46 E:\\Projetos Desenvolvimento\\ProjetosPhpStorm\\ProjetosLaravel\
ightlife\\vendor\\laravel\\framework\\src\\Illuminate\\Foundation\\Http\\Middleware\\TransformsRequest.php(21): Illuminate\\Routing\\Pipeline->Illuminate\\Routing\\{closure}(Object(Illuminate\\Http\\Request))
#47 E:\\Projetos Desenvolvimento\\ProjetosPhpStorm\\ProjetosLaravel\
ightlife\\vendor\\laravel\\framework\\src\\Illuminate\\Pipeline\\Pipeline.php(163): Illuminate\\Foundation\\Http\\Middleware\\TransformsRequest->handle(Object(Illuminate\\Http\\Request), Object(Closure))
#48 E:\\Projetos Desenvolvimento\\ProjetosPhpStorm\\ProjetosLaravel\
ightlife\\vendor\\laravel\\framework\\src\\Illuminate\\Routing\\Pipeline.php(53): Illuminate\\Pipeline\\Pipeline->Illuminate\\Pipeline\\{closure}(Object(Illuminate\\Http\\Request))
#49 E:\\Projetos Desenvolvimento\\ProjetosPhpStorm\\ProjetosLaravel\
ightlife\\vendor\\laravel\\framework\\src\\Illuminate\\Foundation\\Http\\Middleware\\ValidatePostSize.php(27): Illuminate\\Routing\\Pipeline->Illuminate\\Routing\\{closure}(Object(Illuminate\\Http\\Request))
#50 E:\\Projetos Desenvolvimento\\ProjetosPhpStorm\\ProjetosLaravel\
ightlife\\vendor\\laravel\\framework\\src\\Illuminate\\Pipeline\\Pipeline.php(163): Illuminate\\Foundation\\Http\\Middleware\\ValidatePostSize->handle(Object(Illuminate\\Http\\Request), Object(Closure))
#51 E:\\Projetos Desenvolvimento\\ProjetosPhpStorm\\ProjetosLaravel\
ightlife\\vendor\\laravel\\framework\\src\\Illuminate\\Routing\\Pipeline.php(53): Illuminate\\Pipeline\\Pipeline->Illuminate\\Pipeline\\{closure}(Object(Illuminate\\Http\\Request))
#52 E:\\Projetos Desenvolvimento\\ProjetosPhpStorm\\ProjetosLaravel\
ightlife\\vendor\\laravel\\framework\\src\\Illuminate\\Foundation\\Http\\Middleware\\CheckForMaintenanceMode.php(62): Illuminate\\Routing\\Pipeline->Illuminate\\Routing\\{closure}(Object(Illuminate\\Http\\Request))
#53 E:\\Projetos Desenvolvimento\\ProjetosPhpStorm\\ProjetosLaravel\
ightlife\\vendor\\laravel\\framework\\src\\Illuminate\\Pipeline\\Pipeline.php(163): Illuminate\\Foundation\\Http\\Middleware\\CheckForMaintenanceMode->handle(Object(Illuminate\\Http\\Request), Object(Closure))
#54 E:\\Projetos Desenvolvimento\\ProjetosPhpStorm\\ProjetosLaravel\
ightlife\\vendor\\laravel\\framework\\src\\Illuminate\\Routing\\Pipeline.php(53): Illuminate\\Pipeline\\Pipeline->Illuminate\\Pipeline\\{closure}(Object(Illuminate\\Http\\Request))
#55 E:\\Projetos Desenvolvimento\\ProjetosPhpStorm\\ProjetosLaravel\
ightlife\\vendor\\laravel\\framework\\src\\Illuminate\\Pipeline\\Pipeline.php(104): Illuminate\\Routing\\Pipeline->Illuminate\\Routing\\{closure}(Object(Illuminate\\Http\\Request))
#56 E:\\Projetos Desenvolvimento\\ProjetosPhpStorm\\ProjetosLaravel\
ightlife\\vendor\\laravel\\framework\\src\\Illuminate\\Foundation\\Http\\Kernel.php(151): Illuminate\\Pipeline\\Pipeline->then(Object(Closure))
#57 E:\\Projetos Desenvolvimento\\ProjetosPhpStorm\\ProjetosLaravel\
ightlife\\vendor\\laravel\\framework\\src\\Illuminate\\Foundation\\Http\\Kernel.php(116): Illuminate\\Foundation\\Http\\Kernel->sendRequestThroughRouter(Object(Illuminate\\Http\\Request))
#58 E:\\Projetos Desenvolvimento\\ProjetosPhpStorm\\ProjetosLaravel\
ightlife\\public\\index.php(55): Illuminate\\Foundation\\Http\\Kernel->handle(Object(Illuminate\\Http\\Request))
#59 {main}
"} 
[2020-02-17 23:46:02] local.ERROR: include(E:\Projetos Desenvolvimento\ProjetosPhpStorm\ProjetosLaravel\nightlife): failed to open stream: Permission denied {"userId":1,"exception":"[object] (ErrorException(code: 0): include(E:\\Projetos Desenvolvimento\\ProjetosPhpStorm\\ProjetosLaravel\
ightlife): failed to open stream: Permission denied at E:\\Projetos Desenvolvimento\\ProjetosPhpStorm\\ProjetosLaravel\
ightlife\\vendor\\composer\\ClassLoader.php:444)
[stacktrace]
#0 E:\\Projetos Desenvolvimento\\ProjetosPhpStorm\\ProjetosLaravel\
ightlife\\vendor\\composer\\ClassLoader.php(444): Illuminate\\Foundation\\Bootstrap\\HandleExceptions->handleError(2, 'include(E:\\\\Proj...', 'E:\\\\Projetos Des...', 444, Array)
#1 E:\\Projetos Desenvolvimento\\ProjetosPhpStorm\\ProjetosLaravel\
ightlife\\vendor\\composer\\ClassLoader.php(444): include()
#2 E:\\Projetos Desenvolvimento\\ProjetosPhpStorm\\ProjetosLaravel\
ightlife\\vendor\\composer\\ClassLoader.php(322): Composer\\Autoload\\includeFile('E:\\\\Projetos Des...')
#3 [internal function]: Composer\\Autoload\\ClassLoader->loadClass('App\\\\Models\\\\Site...')
#4 E:\\Projetos Desenvolvimento\\ProjetosPhpStorm\\ProjetosLaravel\
ightlife\\app\\Http\\Controllers\\Admin\\EstablishmentController.php(53): spl_autoload_call('App\\\\Models\\\\Site...')
#5 [internal function]: App\\Http\\Controllers\\Admin\\EstablishmentController->create(Object(Illuminate\\Http\\Request))
#6 E:\\Projetos Desenvolvimento\\ProjetosPhpStorm\\ProjetosLaravel\
ightlife\\vendor\\laravel\\framework\\src\\Illuminate\\Routing\\Controller.php(54): call_user_func_array(Array, Array)
#7 E:\\Projetos Desenvolvimento\\ProjetosPhpStorm\\ProjetosLaravel\
ightlife\\vendor\\laravel\\framework\\src\\Illuminate\\Routing\\ControllerDispatcher.php(45): Illuminate\\Routing\\Controller->callAction('create', Array)
#8 E:\\Projetos Desenvolvimento\\ProjetosPhpStorm\\ProjetosLaravel\
ightlife\\vendor\\laravel\\framework\\src\\Illuminate\\Routing\\Route.php(219): Illuminate\\Routing\\ControllerDispatcher->dispatch(Object(Illuminate\\Routing\\Route), Object(App\\Http\\Controllers\\Admin\\EstablishmentController), 'create')
#9 E:\\Projetos Desenvolvimento\\ProjetosPhpStorm\\ProjetosLaravel\
ightlife\\vendor\\laravel\\framework\\src\\Illuminate\\Routing\\Route.php(176): Illuminate\\Routing\\Route->runController()
#10 E:\\Projetos Desenvolvimento\\ProjetosPhpStorm\\ProjetosLaravel\
ightlife\\vendor\\laravel\\framework\\src\\Illuminate\\Routing\\Router.php(680): Illuminate\\Routing\\Route->run()
#11 E:\\Projetos Desenvolvimento\\ProjetosPhpStorm\\ProjetosLaravel\
ightlife\\vendor\\laravel\\framework\\src\\Illuminate\\Routing\\Pipeline.php(30): Illuminate\\Routing\\Router->Illuminate\\Routing\\{closure}(Object(Illuminate\\Http\\Request))
#12 E:\\Projetos Desenvolvimento\\ProjetosPhpStorm\\ProjetosLaravel\
ightlife\\vendor\\laravel\\framework\\src\\Illuminate\\Routing\\Middleware\\SubstituteBindings.php(41): Illuminate\\Routing\\Pipeline->Illuminate\\Routing\\{closure}(Object(Illuminate\\Http\\Request))
#13 E:\\Projetos Desenvolvimento\\ProjetosPhpStorm\\ProjetosLaravel\
ightlife\\vendor\\laravel\\framework\\src\\Illuminate\\Pipeline\\Pipeline.php(163): Illuminate\\Routing\\Middleware\\SubstituteBindings->handle(Object(Illuminate\\Http\\Request), Object(Closure))
#14 E:\\Projetos Desenvolvimento\\ProjetosPhpStorm\\ProjetosLaravel\
ightlife\\vendor\\laravel\\framework\\src\\Illuminate\\Routing\\Pipeline.php(53): Illuminate\\Pipeline\\Pipeline->Illuminate\\Pipeline\\{closure}(Object(Illuminate\\Http\\Request))
#15 E:\\Projetos Desenvolvimento\\ProjetosPhpStorm\\ProjetosLaravel\
ightlife\\vendor\\laravel\\framework\\src\\Illuminate\\Auth\\Middleware\\Authenticate.php(43): Illuminate\\Routing\\Pipeline->Illuminate\\Routing\\{closure}(Object(Illuminate\\Http\\Request))
#16 E:\\Projetos Desenvolvimento\\ProjetosPhpStorm\\ProjetosLaravel\
ightlife\\vendor\\laravel\\framework\\src\\Illuminate\\Pipeline\\Pipeline.php(163): Illuminate\\Auth\\Middleware\\Authenticate->handle(Object(Illuminate\\Http\\Request), Object(Closure))
#17 E:\\Projetos Desenvolvimento\\ProjetosPhpStorm\\ProjetosLaravel\
ightlife\\vendor\\laravel\\framework\\src\\Illuminate\\Routing\\Pipeline.php(53): Illuminate\\Pipeline\\Pipeline->Illuminate\\Pipeline\\{closure}(Object(Illuminate\\Http\\Request))
#18 E:\\Projetos Desenvolvimento\\ProjetosPhpStorm\\ProjetosLaravel\
ightlife\\vendor\\laravel\\framework\\src\\Illuminate\\Foundation\\Http\\Middleware\\VerifyCsrfToken.php(75): Illuminate\\Routing\\Pipeline->Illuminate\\Routing\\{closure}(Object(Illuminate\\Http\\Request))
#19 E:\\Projetos Desenvolvimento\\ProjetosPhpStorm\\ProjetosLaravel\
ightlife\\vendor\\laravel\\framework\\src\\Illuminate\\Pipeline\\Pipeline.php(163): Illuminate\\Foundation\\Http\\Middleware\\VerifyCsrfToken->handle(Object(Illuminate\\Http\\Request), Object(Closure))
#20 E:\\Projetos Desenvolvimento\\ProjetosPhpStorm\\ProjetosLaravel\
ightlife\\vendor\\laravel\\framework\\src\\Illuminate\\Routing\\Pipeline.php(53): Illuminate\\Pipeline\\Pipeline->Illuminate\\Pipeline\\{closure}(Object(Illuminate\\Http\\Request))
#21 E:\\Projetos Desenvolvimento\\ProjetosPhpStorm\\ProjetosLaravel\
ightlife\\vendor\\laravel\\framework\\src\\Illuminate\\View\\Middleware\\ShareErrorsFromSession.php(49): Illuminate\\Routing\\Pipeline->Illuminate\\Routing\\{closure}(Object(Illuminate\\Http\\Request))
#22 E:\\Projetos Desenvolvimento\\ProjetosPhpStorm\\ProjetosLaravel\
ightlife\\vendor\\laravel\\framework\\src\\Illuminate\\Pipeline\\Pipeline.php(163): Illuminate\\View\\Middleware\\ShareErrorsFromSession->handle(Object(Illuminate\\Http\\Request), Object(Closure))
#23 E:\\Projetos Desenvolvimento\\ProjetosPhpStorm\\ProjetosLaravel\
ightlife\\vendor\\laravel\\framework\\src\\Illuminate\\Routing\\Pipeline.php(53): Illuminate\\Pipeline\\Pipeline->Illuminate\\Pipeline\\{closure}(Object(Illuminate\\Http\\Request))
#24 E:\\Projetos Desenvolvimento\\ProjetosPhpStorm\\ProjetosLaravel\
ightlife\\vendor\\laravel\\framework\\src\\Illuminate\\Session\\Middleware\\StartSession.php(56): Illuminate\\Routing\\Pipeline->Illuminate\\Routing\\{closure}(Object(Illuminate\\Http\\Request))
#25 E:\\Projetos Desenvolvimento\\ProjetosPhpStorm\\ProjetosLaravel\
ightlife\\vendor\\laravel\\framework\\src\\Illuminate\\Pipeline\\Pipeline.php(163): Illuminate\\Session\\Middleware\\StartSession->handle(Object(Illuminate\\Http\\Request), Object(Closure))
#26 E:\\Projetos Desenvolvimento\\ProjetosPhpStorm\\ProjetosLaravel\
ightlife\\vendor\\laravel\\framework\\src\\Illuminate\\Routing\\Pipeline.php(53): Illuminate\\Pipeline\\Pipeline->Illuminate\\Pipeline\\{closure}(Object(Illuminate\\Http\\Request))
#27 E:\\Projetos Desenvolvimento\\ProjetosPhpStorm\\ProjetosLaravel\
ightlife\\vendor\\laravel\\framework\\src\\Illuminate\\Cookie\\Middleware\\AddQueuedCookiesToResponse.php(37): Illuminate\\Routing\\Pipeline->Illuminate\\Routing\\{closure}(Object(Illuminate\\Http\\Request))
#28 E:\\Projetos Desenvolvimento\\ProjetosPhpStorm\\ProjetosLaravel\
ightlife\\vendor\\laravel\\framework\\src\\Illuminate\\Pipeline\\Pipeline.php(163): Illuminate\\Cookie\\Middleware\\AddQueuedCookiesToResponse->handle(Object(Illuminate\\Http\\Request), Object(Closure))
#29 E:\\Projetos Desenvolvimento\\ProjetosPhpStorm\\ProjetosLaravel\
ightlife\\vendor\\laravel\\framework\\src\\Illuminate\\Routing\\Pipeline.php(53): Illuminate\\Pipeline\\Pipeline->Illuminate\\Pipeline\\{closure}(Object(Illuminate\\Http\\Request))
#30 E:\\Projetos Desenvolvimento\\ProjetosPhpStorm\\ProjetosLaravel\
ightlife\\vendor\\laravel\\framework\\src\\Illuminate\\Cookie\\Middleware\\EncryptCookies.php(66): Illuminate\\Routing\\Pipeline->Illuminate\\Routing\\{closure}(Object(Illuminate\\Http\\Request))
#31 E:\\Projetos Desenvolvimento\\ProjetosPhpStorm\\ProjetosLaravel\
ightlife\\vendor\\laravel\\framework\\src\\Illuminate\\Pipeline\\Pipeline.php(163): Illuminate\\Cookie\\Middleware\\EncryptCookies->handle(Object(Illuminate\\Http\\Request), Object(Closure))
#32 E:\\Projetos Desenvolvimento\\ProjetosPhpStorm\\ProjetosLaravel\
ightlife\\vendor\\laravel\\framework\\src\\Illuminate\\Routing\\Pipeline.php(53): Illuminate\\Pipeline\\Pipeline->Illuminate\\Pipeline\\{closure}(Object(Illuminate\\Http\\Request))
#33 E:\\Projetos Desenvolvimento\\ProjetosPhpStorm\\ProjetosLaravel\
ightlife\\vendor\\laravel\\framework\\src\\Illuminate\\Pipeline\\Pipeline.php(104): Illuminate\\Routing\\Pipeline->Illuminate\\Routing\\{closure}(Object(Illuminate\\Http\\Request))
#34 E:\\Projetos Desenvolvimento\\ProjetosPhpStorm\\ProjetosLaravel\
ightlife\\vendor\\laravel\\framework\\src\\Illuminate\\Routing\\Router.php(682): Illuminate\\Pipeline\\Pipeline->then(Object(Closure))
#35 E:\\Projetos Desenvolvimento\\ProjetosPhpStorm\\ProjetosLaravel\
ightlife\\vendor\\laravel\\framework\\src\\Illuminate\\Routing\\Router.php(657): Illuminate\\Routing\\Router->runRouteWithinStack(Object(Illuminate\\Routing\\Route), Object(Illuminate\\Http\\Request))
#36 E:\\Projetos Desenvolvimento\\ProjetosPhpStorm\\ProjetosLaravel\
ightlife\\vendor\\laravel\\framework\\src\\Illuminate\\Routing\\Router.php(623): Illuminate\\Routing\\Router->runRoute(Object(Illuminate\\Http\\Request), Object(Illuminate\\Routing\\Route))
#37 E:\\Projetos Desenvolvimento\\ProjetosPhpStorm\\ProjetosLaravel\
ightlife\\vendor\\laravel\\framework\\src\\Illuminate\\Routing\\Router.php(612): Illuminate\\Routing\\Router->dispatchToRoute(Object(Illuminate\\Http\\Request))
#38 E:\\Projetos Desenvolvimento\\ProjetosPhpStorm\\ProjetosLaravel\
ightlife\\vendor\\laravel\\framework\\src\\Illuminate\\Foundation\\Http\\Kernel.php(176): Illuminate\\Routing\\Router->dispatch(Object(Illuminate\\Http\\Request))
#39 E:\\Projetos Desenvolvimento\\ProjetosPhpStorm\\ProjetosLaravel\
ightlife\\vendor\\laravel\\framework\\src\\Illuminate\\Routing\\Pipeline.php(30): Illuminate\\Foundation\\Http\\Kernel->Illuminate\\Foundation\\Http\\{closure}(Object(Illuminate\\Http\\Request))
#40 E:\\Projetos Desenvolvimento\\ProjetosPhpStorm\\ProjetosLaravel\
ightlife\\vendor\\fideloper\\proxy\\src\\TrustProxies.php(57): Illuminate\\Routing\\Pipeline->Illuminate\\Routing\\{closure}(Object(Illuminate\\Http\\Request))
#41 E:\\Projetos Desenvolvimento\\ProjetosPhpStorm\\ProjetosLaravel\
ightlife\\vendor\\laravel\\framework\\src\\Illuminate\\Pipeline\\Pipeline.php(163): Fideloper\\Proxy\\TrustProxies->handle(Object(Illuminate\\Http\\Request), Object(Closure))
#42 E:\\Projetos Desenvolvimento\\ProjetosPhpStorm\\ProjetosLaravel\
ightlife\\vendor\\laravel\\framework\\src\\Illuminate\\Routing\\Pipeline.php(53): Illuminate\\Pipeline\\Pipeline->Illuminate\\Pipeline\\{closure}(Object(Illuminate\\Http\\Request))
#43 E:\\Projetos Desenvolvimento\\ProjetosPhpStorm\\ProjetosLaravel\
ightlife\\vendor\\laravel\\framework\\src\\Illuminate\\Foundation\\Http\\Middleware\\TransformsRequest.php(21): Illuminate\\Routing\\Pipeline->Illuminate\\Routing\\{closure}(Object(Illuminate\\Http\\Request))
#44 E:\\Projetos Desenvolvimento\\ProjetosPhpStorm\\ProjetosLaravel\
ightlife\\vendor\\laravel\\framework\\src\\Illuminate\\Pipeline\\Pipeline.php(163): Illuminate\\Foundation\\Http\\Middleware\\TransformsRequest->handle(Object(Illuminate\\Http\\Request), Object(Closure))
#45 E:\\Projetos Desenvolvimento\\ProjetosPhpStorm\\ProjetosLaravel\
ightlife\\vendor\\laravel\\framework\\src\\Illuminate\\Routing\\Pipeline.php(53): Illuminate\\Pipeline\\Pipeline->Illuminate\\Pipeline\\{closure}(Object(Illuminate\\Http\\Request))
#46 E:\\Projetos Desenvolvimento\\ProjetosPhpStorm\\ProjetosLaravel\
ightlife\\vendor\\laravel\\framework\\src\\Illuminate\\Foundation\\Http\\Middleware\\TransformsRequest.php(21): Illuminate\\Routing\\Pipeline->Illuminate\\Routing\\{closure}(Object(Illuminate\\Http\\Request))
#47 E:\\Projetos Desenvolvimento\\ProjetosPhpStorm\\ProjetosLaravel\
ightlife\\vendor\\laravel\\framework\\src\\Illuminate\\Pipeline\\Pipeline.php(163): Illuminate\\Foundation\\Http\\Middleware\\TransformsRequest->handle(Object(Illuminate\\Http\\Request), Object(Closure))
#48 E:\\Projetos Desenvolvimento\\ProjetosPhpStorm\\ProjetosLaravel\
ightlife\\vendor\\laravel\\framework\\src\\Illuminate\\Routing\\Pipeline.php(53): Illuminate\\Pipeline\\Pipeline->Illuminate\\Pipeline\\{closure}(Object(Illuminate\\Http\\Request))
#49 E:\\Projetos Desenvolvimento\\ProjetosPhpStorm\\ProjetosLaravel\
ightlife\\vendor\\laravel\\framework\\src\\Illuminate\\Foundation\\Http\\Middleware\\ValidatePostSize.php(27): Illuminate\\Routing\\Pipeline->Illuminate\\Routing\\{closure}(Object(Illuminate\\Http\\Request))
#50 E:\\Projetos Desenvolvimento\\ProjetosPhpStorm\\ProjetosLaravel\
ightlife\\vendor\\laravel\\framework\\src\\Illuminate\\Pipeline\\Pipeline.php(163): Illuminate\\Foundation\\Http\\Middleware\\ValidatePostSize->handle(Object(Illuminate\\Http\\Request), Object(Closure))
#51 E:\\Projetos Desenvolvimento\\ProjetosPhpStorm\\ProjetosLaravel\
ightlife\\vendor\\laravel\\framework\\src\\Illuminate\\Routing\\Pipeline.php(53): Illuminate\\Pipeline\\Pipeline->Illuminate\\Pipeline\\{closure}(Object(Illuminate\\Http\\Request))
#52 E:\\Projetos Desenvolvimento\\ProjetosPhpStorm\\ProjetosLaravel\
ightlife\\vendor\\laravel\\framework\\src\\Illuminate\\Foundation\\Http\\Middleware\\CheckForMaintenanceMode.php(62): Illuminate\\Routing\\Pipeline->Illuminate\\Routing\\{closure}(Object(Illuminate\\Http\\Request))
#53 E:\\Projetos Desenvolvimento\\ProjetosPhpStorm\\ProjetosLaravel\
ightlife\\vendor\\laravel\\framework\\src\\Illuminate\\Pipeline\\Pipeline.php(163): Illuminate\\Foundation\\Http\\Middleware\\CheckForMaintenanceMode->handle(Object(Illuminate\\Http\\Request), Object(Closure))
#54 E:\\Projetos Desenvolvimento\\ProjetosPhpStorm\\ProjetosLaravel\
ightlife\\vendor\\laravel\\framework\\src\\Illuminate\\Routing\\Pipeline.php(53): Illuminate\\Pipeline\\Pipeline->Illuminate\\Pipeline\\{closure}(Object(Illuminate\\Http\\Request))
#55 E:\\Projetos Desenvolvimento\\ProjetosPhpStorm\\ProjetosLaravel\
ightlife\\vendor\\laravel\\framework\\src\\Illuminate\\Pipeline\\Pipeline.php(104): Illuminate\\Routing\\Pipeline->Illuminate\\Routing\\{closure}(Object(Illuminate\\Http\\Request))
#56 E:\\Projetos Desenvolvimento\\ProjetosPhpStorm\\ProjetosLaravel\
ightlife\\vendor\\laravel\\framework\\src\\Illuminate\\Foundation\\Http\\Kernel.php(151): Illuminate\\Pipeline\\Pipeline->then(Object(Closure))
#57 E:\\Projetos Desenvolvimento\\ProjetosPhpStorm\\ProjetosLaravel\
ightlife\\vendor\\laravel\\framework\\src\\Illuminate\\Foundation\\Http\\Kernel.php(116): Illuminate\\Foundation\\Http\\Kernel->sendRequestThroughRouter(Object(Illuminate\\Http\\Request))
#58 E:\\Projetos Desenvolvimento\\ProjetosPhpStorm\\ProjetosLaravel\
ightlife\\public\\index.php(55): Illuminate\\Foundation\\Http\\Kernel->handle(Object(Illuminate\\Http\\Request))
#59 {main}
"} 
[2020-02-17 23:46:52] local.ERROR: include(E:\Projetos Desenvolvimento\ProjetosPhpStorm\ProjetosLaravel\nightlife): failed to open stream: Permission denied {"userId":1,"exception":"[object] (ErrorException(code: 0): include(E:\\Projetos Desenvolvimento\\ProjetosPhpStorm\\ProjetosLaravel\
ightlife): failed to open stream: Permission denied at E:\\Projetos Desenvolvimento\\ProjetosPhpStorm\\ProjetosLaravel\
ightlife\\vendor\\composer\\ClassLoader.php:444)
[stacktrace]
#0 E:\\Projetos Desenvolvimento\\ProjetosPhpStorm\\ProjetosLaravel\
ightlife\\vendor\\composer\\ClassLoader.php(444): Illuminate\\Foundation\\Bootstrap\\HandleExceptions->handleError(2, 'include(E:\\\\Proj...', 'E:\\\\Projetos Des...', 444, Array)
#1 E:\\Projetos Desenvolvimento\\ProjetosPhpStorm\\ProjetosLaravel\
ightlife\\vendor\\composer\\ClassLoader.php(444): include()
#2 E:\\Projetos Desenvolvimento\\ProjetosPhpStorm\\ProjetosLaravel\
ightlife\\vendor\\composer\\ClassLoader.php(322): Composer\\Autoload\\includeFile('E:\\\\Projetos Des...')
#3 [internal function]: Composer\\Autoload\\ClassLoader->loadClass('App\\\\Models\\\\Site...')
#4 E:\\Projetos Desenvolvimento\\ProjetosPhpStorm\\ProjetosLaravel\
ightlife\\app\\Http\\Controllers\\Admin\\EstablishmentController.php(53): spl_autoload_call('App\\\\Models\\\\Site...')
#5 [internal function]: App\\Http\\Controllers\\Admin\\EstablishmentController->create(Object(Illuminate\\Http\\Request))
#6 E:\\Projetos Desenvolvimento\\ProjetosPhpStorm\\ProjetosLaravel\
ightlife\\vendor\\laravel\\framework\\src\\Illuminate\\Routing\\Controller.php(54): call_user_func_array(Array, Array)
#7 E:\\Projetos Desenvolvimento\\ProjetosPhpStorm\\ProjetosLaravel\
ightlife\\vendor\\laravel\\framework\\src\\Illuminate\\Routing\\ControllerDispatcher.php(45): Illuminate\\Routing\\Controller->callAction('create', Array)
#8 E:\\Projetos Desenvolvimento\\ProjetosPhpStorm\\ProjetosLaravel\
ightlife\\vendor\\laravel\\framework\\src\\Illuminate\\Routing\\Route.php(219): Illuminate\\Routing\\ControllerDispatcher->dispatch(Object(Illuminate\\Routing\\Route), Object(App\\Http\\Controllers\\Admin\\EstablishmentController), 'create')
#9 E:\\Projetos Desenvolvimento\\ProjetosPhpStorm\\ProjetosLaravel\
ightlife\\vendor\\laravel\\framework\\src\\Illuminate\\Routing\\Route.php(176): Illuminate\\Routing\\Route->runController()
#10 E:\\Projetos Desenvolvimento\\ProjetosPhpStorm\\ProjetosLaravel\
ightlife\\vendor\\laravel\\framework\\src\\Illuminate\\Routing\\Router.php(680): Illuminate\\Routing\\Route->run()
#11 E:\\Projetos Desenvolvimento\\ProjetosPhpStorm\\ProjetosLaravel\
ightlife\\vendor\\laravel\\framework\\src\\Illuminate\\Routing\\Pipeline.php(30): Illuminate\\Routing\\Router->Illuminate\\Routing\\{closure}(Object(Illuminate\\Http\\Request))
#12 E:\\Projetos Desenvolvimento\\ProjetosPhpStorm\\ProjetosLaravel\
ightlife\\vendor\\laravel\\framework\\src\\Illuminate\\Routing\\Middleware\\SubstituteBindings.php(41): Illuminate\\Routing\\Pipeline->Illuminate\\Routing\\{closure}(Object(Illuminate\\Http\\Request))
#13 E:\\Projetos Desenvolvimento\\ProjetosPhpStorm\\ProjetosLaravel\
ightlife\\vendor\\laravel\\framework\\src\\Illuminate\\Pipeline\\Pipeline.php(163): Illuminate\\Routing\\Middleware\\SubstituteBindings->handle(Object(Illuminate\\Http\\Request), Object(Closure))
#14 E:\\Projetos Desenvolvimento\\ProjetosPhpStorm\\ProjetosLaravel\
ightlife\\vendor\\laravel\\framework\\src\\Illuminate\\Routing\\Pipeline.php(53): Illuminate\\Pipeline\\Pipeline->Illuminate\\Pipeline\\{closure}(Object(Illuminate\\Http\\Request))
#15 E:\\Projetos Desenvolvimento\\ProjetosPhpStorm\\ProjetosLaravel\
ightlife\\vendor\\laravel\\framework\\src\\Illuminate\\Auth\\Middleware\\Authenticate.php(43): Illuminate\\Routing\\Pipeline->Illuminate\\Routing\\{closure}(Object(Illuminate\\Http\\Request))
#16 E:\\Projetos Desenvolvimento\\ProjetosPhpStorm\\ProjetosLaravel\
ightlife\\vendor\\laravel\\framework\\src\\Illuminate\\Pipeline\\Pipeline.php(163): Illuminate\\Auth\\Middleware\\Authenticate->handle(Object(Illuminate\\Http\\Request), Object(Closure))
#17 E:\\Projetos Desenvolvimento\\ProjetosPhpStorm\\ProjetosLaravel\
ightlife\\vendor\\laravel\\framework\\src\\Illuminate\\Routing\\Pipeline.php(53): Illuminate\\Pipeline\\Pipeline->Illuminate\\Pipeline\\{closure}(Object(Illuminate\\Http\\Request))
#18 E:\\Projetos Desenvolvimento\\ProjetosPhpStorm\\ProjetosLaravel\
ightlife\\vendor\\laravel\\framework\\src\\Illuminate\\Foundation\\Http\\Middleware\\VerifyCsrfToken.php(75): Illuminate\\Routing\\Pipeline->Illuminate\\Routing\\{closure}(Object(Illuminate\\Http\\Request))
#19 E:\\Projetos Desenvolvimento\\ProjetosPhpStorm\\ProjetosLaravel\
ightlife\\vendor\\laravel\\framework\\src\\Illuminate\\Pipeline\\Pipeline.php(163): Illuminate\\Foundation\\Http\\Middleware\\VerifyCsrfToken->handle(Object(Illuminate\\Http\\Request), Object(Closure))
#20 E:\\Projetos Desenvolvimento\\ProjetosPhpStorm\\ProjetosLaravel\
ightlife\\vendor\\laravel\\framework\\src\\Illuminate\\Routing\\Pipeline.php(53): Illuminate\\Pipeline\\Pipeline->Illuminate\\Pipeline\\{closure}(Object(Illuminate\\Http\\Request))
#21 E:\\Projetos Desenvolvimento\\ProjetosPhpStorm\\ProjetosLaravel\
ightlife\\vendor\\laravel\\framework\\src\\Illuminate\\View\\Middleware\\ShareErrorsFromSession.php(49): Illuminate\\Routing\\Pipeline->Illuminate\\Routing\\{closure}(Object(Illuminate\\Http\\Request))
#22 E:\\Projetos Desenvolvimento\\ProjetosPhpStorm\\ProjetosLaravel\
ightlife\\vendor\\laravel\\framework\\src\\Illuminate\\Pipeline\\Pipeline.php(163): Illuminate\\View\\Middleware\\ShareErrorsFromSession->handle(Object(Illuminate\\Http\\Request), Object(Closure))
#23 E:\\Projetos Desenvolvimento\\ProjetosPhpStorm\\ProjetosLaravel\
ightlife\\vendor\\laravel\\framework\\src\\Illuminate\\Routing\\Pipeline.php(53): Illuminate\\Pipeline\\Pipeline->Illuminate\\Pipeline\\{closure}(Object(Illuminate\\Http\\Request))
#24 E:\\Projetos Desenvolvimento\\ProjetosPhpStorm\\ProjetosLaravel\
ightlife\\vendor\\laravel\\framework\\src\\Illuminate\\Session\\Middleware\\StartSession.php(56): Illuminate\\Routing\\Pipeline->Illuminate\\Routing\\{closure}(Object(Illuminate\\Http\\Request))
#25 E:\\Projetos Desenvolvimento\\ProjetosPhpStorm\\ProjetosLaravel\
ightlife\\vendor\\laravel\\framework\\src\\Illuminate\\Pipeline\\Pipeline.php(163): Illuminate\\Session\\Middleware\\StartSession->handle(Object(Illuminate\\Http\\Request), Object(Closure))
#26 E:\\Projetos Desenvolvimento\\ProjetosPhpStorm\\ProjetosLaravel\
ightlife\\vendor\\laravel\\framework\\src\\Illuminate\\Routing\\Pipeline.php(53): Illuminate\\Pipeline\\Pipeline->Illuminate\\Pipeline\\{closure}(Object(Illuminate\\Http\\Request))
#27 E:\\Projetos Desenvolvimento\\ProjetosPhpStorm\\ProjetosLaravel\
ightlife\\vendor\\laravel\\framework\\src\\Illuminate\\Cookie\\Middleware\\AddQueuedCookiesToResponse.php(37): Illuminate\\Routing\\Pipeline->Illuminate\\Routing\\{closure}(Object(Illuminate\\Http\\Request))
#28 E:\\Projetos Desenvolvimento\\ProjetosPhpStorm\\ProjetosLaravel\
ightlife\\vendor\\laravel\\framework\\src\\Illuminate\\Pipeline\\Pipeline.php(163): Illuminate\\Cookie\\Middleware\\AddQueuedCookiesToResponse->handle(Object(Illuminate\\Http\\Request), Object(Closure))
#29 E:\\Projetos Desenvolvimento\\ProjetosPhpStorm\\ProjetosLaravel\
ightlife\\vendor\\laravel\\framework\\src\\Illuminate\\Routing\\Pipeline.php(53): Illuminate\\Pipeline\\Pipeline->Illuminate\\Pipeline\\{closure}(Object(Illuminate\\Http\\Request))
#30 E:\\Projetos Desenvolvimento\\ProjetosPhpStorm\\ProjetosLaravel\
ightlife\\vendor\\laravel\\framework\\src\\Illuminate\\Cookie\\Middleware\\EncryptCookies.php(66): Illuminate\\Routing\\Pipeline->Illuminate\\Routing\\{closure}(Object(Illuminate\\Http\\Request))
#31 E:\\Projetos Desenvolvimento\\ProjetosPhpStorm\\ProjetosLaravel\
ightlife\\vendor\\laravel\\framework\\src\\Illuminate\\Pipeline\\Pipeline.php(163): Illuminate\\Cookie\\Middleware\\EncryptCookies->handle(Object(Illuminate\\Http\\Request), Object(Closure))
#32 E:\\Projetos Desenvolvimento\\ProjetosPhpStorm\\ProjetosLaravel\
ightlife\\vendor\\laravel\\framework\\src\\Illuminate\\Routing\\Pipeline.php(53): Illuminate\\Pipeline\\Pipeline->Illuminate\\Pipeline\\{closure}(Object(Illuminate\\Http\\Request))
#33 E:\\Projetos Desenvolvimento\\ProjetosPhpStorm\\ProjetosLaravel\
ightlife\\vendor\\laravel\\framework\\src\\Illuminate\\Pipeline\\Pipeline.php(104): Illuminate\\Routing\\Pipeline->Illuminate\\Routing\\{closure}(Object(Illuminate\\Http\\Request))
#34 E:\\Projetos Desenvolvimento\\ProjetosPhpStorm\\ProjetosLaravel\
ightlife\\vendor\\laravel\\framework\\src\\Illuminate\\Routing\\Router.php(682): Illuminate\\Pipeline\\Pipeline->then(Object(Closure))
#35 E:\\Projetos Desenvolvimento\\ProjetosPhpStorm\\ProjetosLaravel\
ightlife\\vendor\\laravel\\framework\\src\\Illuminate\\Routing\\Router.php(657): Illuminate\\Routing\\Router->runRouteWithinStack(Object(Illuminate\\Routing\\Route), Object(Illuminate\\Http\\Request))
#36 E:\\Projetos Desenvolvimento\\ProjetosPhpStorm\\ProjetosLaravel\
ightlife\\vendor\\laravel\\framework\\src\\Illuminate\\Routing\\Router.php(623): Illuminate\\Routing\\Router->runRoute(Object(Illuminate\\Http\\Request), Object(Illuminate\\Routing\\Route))
#37 E:\\Projetos Desenvolvimento\\ProjetosPhpStorm\\ProjetosLaravel\
ightlife\\vendor\\laravel\\framework\\src\\Illuminate\\Routing\\Router.php(612): Illuminate\\Routing\\Router->dispatchToRoute(Object(Illuminate\\Http\\Request))
#38 E:\\Projetos Desenvolvimento\\ProjetosPhpStorm\\ProjetosLaravel\
ightlife\\vendor\\laravel\\framework\\src\\Illuminate\\Foundation\\Http\\Kernel.php(176): Illuminate\\Routing\\Router->dispatch(Object(Illuminate\\Http\\Request))
#39 E:\\Projetos Desenvolvimento\\ProjetosPhpStorm\\ProjetosLaravel\
ightlife\\vendor\\laravel\\framework\\src\\Illuminate\\Routing\\Pipeline.php(30): Illuminate\\Foundation\\Http\\Kernel->Illuminate\\Foundation\\Http\\{closure}(Object(Illuminate\\Http\\Request))
#40 E:\\Projetos Desenvolvimento\\ProjetosPhpStorm\\ProjetosLaravel\
ightlife\\vendor\\fideloper\\proxy\\src\\TrustProxies.php(57): Illuminate\\Routing\\Pipeline->Illuminate\\Routing\\{closure}(Object(Illuminate\\Http\\Request))
#41 E:\\Projetos Desenvolvimento\\ProjetosPhpStorm\\ProjetosLaravel\
ightlife\\vendor\\laravel\\framework\\src\\Illuminate\\Pipeline\\Pipeline.php(163): Fideloper\\Proxy\\TrustProxies->handle(Object(Illuminate\\Http\\Request), Object(Closure))
#42 E:\\Projetos Desenvolvimento\\ProjetosPhpStorm\\ProjetosLaravel\
ightlife\\vendor\\laravel\\framework\\src\\Illuminate\\Routing\\Pipeline.php(53): Illuminate\\Pipeline\\Pipeline->Illuminate\\Pipeline\\{closure}(Object(Illuminate\\Http\\Request))
#43 E:\\Projetos Desenvolvimento\\ProjetosPhpStorm\\ProjetosLaravel\
ightlife\\vendor\\laravel\\framework\\src\\Illuminate\\Foundation\\Http\\Middleware\\TransformsRequest.php(21): Illuminate\\Routing\\Pipeline->Illuminate\\Routing\\{closure}(Object(Illuminate\\Http\\Request))
#44 E:\\Projetos Desenvolvimento\\ProjetosPhpStorm\\ProjetosLaravel\
ightlife\\vendor\\laravel\\framework\\src\\Illuminate\\Pipeline\\Pipeline.php(163): Illuminate\\Foundation\\Http\\Middleware\\TransformsRequest->handle(Object(Illuminate\\Http\\Request), Object(Closure))
#45 E:\\Projetos Desenvolvimento\\ProjetosPhpStorm\\ProjetosLaravel\
ightlife\\vendor\\laravel\\framework\\src\\Illuminate\\Routing\\Pipeline.php(53): Illuminate\\Pipeline\\Pipeline->Illuminate\\Pipeline\\{closure}(Object(Illuminate\\Http\\Request))
#46 E:\\Projetos Desenvolvimento\\ProjetosPhpStorm\\ProjetosLaravel\
ightlife\\vendor\\laravel\\framework\\src\\Illuminate\\Foundation\\Http\\Middleware\\TransformsRequest.php(21): Illuminate\\Routing\\Pipeline->Illuminate\\Routing\\{closure}(Object(Illuminate\\Http\\Request))
#47 E:\\Projetos Desenvolvimento\\ProjetosPhpStorm\\ProjetosLaravel\
ightlife\\vendor\\laravel\\framework\\src\\Illuminate\\Pipeline\\Pipeline.php(163): Illuminate\\Foundation\\Http\\Middleware\\TransformsRequest->handle(Object(Illuminate\\Http\\Request), Object(Closure))
#48 E:\\Projetos Desenvolvimento\\ProjetosPhpStorm\\ProjetosLaravel\
ightlife\\vendor\\laravel\\framework\\src\\Illuminate\\Routing\\Pipeline.php(53): Illuminate\\Pipeline\\Pipeline->Illuminate\\Pipeline\\{closure}(Object(Illuminate\\Http\\Request))
#49 E:\\Projetos Desenvolvimento\\ProjetosPhpStorm\\ProjetosLaravel\
ightlife\\vendor\\laravel\\framework\\src\\Illuminate\\Foundation\\Http\\Middleware\\ValidatePostSize.php(27): Illuminate\\Routing\\Pipeline->Illuminate\\Routing\\{closure}(Object(Illuminate\\Http\\Request))
#50 E:\\Projetos Desenvolvimento\\ProjetosPhpStorm\\ProjetosLaravel\
ightlife\\vendor\\laravel\\framework\\src\\Illuminate\\Pipeline\\Pipeline.php(163): Illuminate\\Foundation\\Http\\Middleware\\ValidatePostSize->handle(Object(Illuminate\\Http\\Request), Object(Closure))
#51 E:\\Projetos Desenvolvimento\\ProjetosPhpStorm\\ProjetosLaravel\
ightlife\\vendor\\laravel\\framework\\src\\Illuminate\\Routing\\Pipeline.php(53): Illuminate\\Pipeline\\Pipeline->Illuminate\\Pipeline\\{closure}(Object(Illuminate\\Http\\Request))
#52 E:\\Projetos Desenvolvimento\\ProjetosPhpStorm\\ProjetosLaravel\
ightlife\\vendor\\laravel\\framework\\src\\Illuminate\\Foundation\\Http\\Middleware\\CheckForMaintenanceMode.php(62): Illuminate\\Routing\\Pipeline->Illuminate\\Routing\\{closure}(Object(Illuminate\\Http\\Request))
#53 E:\\Projetos Desenvolvimento\\ProjetosPhpStorm\\ProjetosLaravel\
ightlife\\vendor\\laravel\\framework\\src\\Illuminate\\Pipeline\\Pipeline.php(163): Illuminate\\Foundation\\Http\\Middleware\\CheckForMaintenanceMode->handle(Object(Illuminate\\Http\\Request), Object(Closure))
#54 E:\\Projetos Desenvolvimento\\ProjetosPhpStorm\\ProjetosLaravel\
ightlife\\vendor\\laravel\\framework\\src\\Illuminate\\Routing\\Pipeline.php(53): Illuminate\\Pipeline\\Pipeline->Illuminate\\Pipeline\\{closure}(Object(Illuminate\\Http\\Request))
#55 E:\\Projetos Desenvolvimento\\ProjetosPhpStorm\\ProjetosLaravel\
ightlife\\vendor\\laravel\\framework\\src\\Illuminate\\Pipeline\\Pipeline.php(104): Illuminate\\Routing\\Pipeline->Illuminate\\Routing\\{closure}(Object(Illuminate\\Http\\Request))
#56 E:\\Projetos Desenvolvimento\\ProjetosPhpStorm\\ProjetosLaravel\
ightlife\\vendor\\laravel\\framework\\src\\Illuminate\\Foundation\\Http\\Kernel.php(151): Illuminate\\Pipeline\\Pipeline->then(Object(Closure))
#57 E:\\Projetos Desenvolvimento\\ProjetosPhpStorm\\ProjetosLaravel\
ightlife\\vendor\\laravel\\framework\\src\\Illuminate\\Foundation\\Http\\Kernel.php(116): Illuminate\\Foundation\\Http\\Kernel->sendRequestThroughRouter(Object(Illuminate\\Http\\Request))
#58 E:\\Projetos Desenvolvimento\\ProjetosPhpStorm\\ProjetosLaravel\
ightlife\\public\\index.php(55): Illuminate\\Foundation\\Http\\Kernel->handle(Object(Illuminate\\Http\\Request))
#59 {main}
"} 
[2020-02-17 23:49:07] local.ERROR: include(E:\Projetos Desenvolvimento\ProjetosPhpStorm\ProjetosLaravel\nightlife): failed to open stream: Permission denied {"userId":1,"exception":"[object] (ErrorException(code: 0): include(E:\\Projetos Desenvolvimento\\ProjetosPhpStorm\\ProjetosLaravel\
ightlife): failed to open stream: Permission denied at E:\\Projetos Desenvolvimento\\ProjetosPhpStorm\\ProjetosLaravel\
ightlife\\vendor\\composer\\ClassLoader.php:444)
[stacktrace]
#0 E:\\Projetos Desenvolvimento\\ProjetosPhpStorm\\ProjetosLaravel\
ightlife\\vendor\\composer\\ClassLoader.php(444): Illuminate\\Foundation\\Bootstrap\\HandleExceptions->handleError(2, 'include(E:\\\\Proj...', 'E:\\\\Projetos Des...', 444, Array)
#1 E:\\Projetos Desenvolvimento\\ProjetosPhpStorm\\ProjetosLaravel\
ightlife\\vendor\\composer\\ClassLoader.php(444): include()
#2 E:\\Projetos Desenvolvimento\\ProjetosPhpStorm\\ProjetosLaravel\
ightlife\\vendor\\composer\\ClassLoader.php(322): Composer\\Autoload\\includeFile('E:\\\\Projetos Des...')
#3 [internal function]: Composer\\Autoload\\ClassLoader->loadClass('App\\\\Models\\\\Site...')
#4 E:\\Projetos Desenvolvimento\\ProjetosPhpStorm\\ProjetosLaravel\
ightlife\\app\\Http\\Controllers\\Admin\\EstablishmentController.php(53): spl_autoload_call('App\\\\Models\\\\Site...')
#5 [internal function]: App\\Http\\Controllers\\Admin\\EstablishmentController->create(Object(Illuminate\\Http\\Request))
#6 E:\\Projetos Desenvolvimento\\ProjetosPhpStorm\\ProjetosLaravel\
ightlife\\vendor\\laravel\\framework\\src\\Illuminate\\Routing\\Controller.php(54): call_user_func_array(Array, Array)
#7 E:\\Projetos Desenvolvimento\\ProjetosPhpStorm\\ProjetosLaravel\
ightlife\\vendor\\laravel\\framework\\src\\Illuminate\\Routing\\ControllerDispatcher.php(45): Illuminate\\Routing\\Controller->callAction('create', Array)
#8 E:\\Projetos Desenvolvimento\\ProjetosPhpStorm\\ProjetosLaravel\
ightlife\\vendor\\laravel\\framework\\src\\Illuminate\\Routing\\Route.php(219): Illuminate\\Routing\\ControllerDispatcher->dispatch(Object(Illuminate\\Routing\\Route), Object(App\\Http\\Controllers\\Admin\\EstablishmentController), 'create')
#9 E:\\Projetos Desenvolvimento\\ProjetosPhpStorm\\ProjetosLaravel\
ightlife\\vendor\\laravel\\framework\\src\\Illuminate\\Routing\\Route.php(176): Illuminate\\Routing\\Route->runController()
#10 E:\\Projetos Desenvolvimento\\ProjetosPhpStorm\\ProjetosLaravel\
ightlife\\vendor\\laravel\\framework\\src\\Illuminate\\Routing\\Router.php(680): Illuminate\\Routing\\Route->run()
#11 E:\\Projetos Desenvolvimento\\ProjetosPhpStorm\\ProjetosLaravel\
ightlife\\vendor\\laravel\\framework\\src\\Illuminate\\Routing\\Pipeline.php(30): Illuminate\\Routing\\Router->Illuminate\\Routing\\{closure}(Object(Illuminate\\Http\\Request))
#12 E:\\Projetos Desenvolvimento\\ProjetosPhpStorm\\ProjetosLaravel\
ightlife\\vendor\\laravel\\framework\\src\\Illuminate\\Routing\\Middleware\\SubstituteBindings.php(41): Illuminate\\Routing\\Pipeline->Illuminate\\Routing\\{closure}(Object(Illuminate\\Http\\Request))
#13 E:\\Projetos Desenvolvimento\\ProjetosPhpStorm\\ProjetosLaravel\
ightlife\\vendor\\laravel\\framework\\src\\Illuminate\\Pipeline\\Pipeline.php(163): Illuminate\\Routing\\Middleware\\SubstituteBindings->handle(Object(Illuminate\\Http\\Request), Object(Closure))
#14 E:\\Projetos Desenvolvimento\\ProjetosPhpStorm\\ProjetosLaravel\
ightlife\\vendor\\laravel\\framework\\src\\Illuminate\\Routing\\Pipeline.php(53): Illuminate\\Pipeline\\Pipeline->Illuminate\\Pipeline\\{closure}(Object(Illuminate\\Http\\Request))
#15 E:\\Projetos Desenvolvimento\\ProjetosPhpStorm\\ProjetosLaravel\
ightlife\\vendor\\laravel\\framework\\src\\Illuminate\\Auth\\Middleware\\Authenticate.php(43): Illuminate\\Routing\\Pipeline->Illuminate\\Routing\\{closure}(Object(Illuminate\\Http\\Request))
#16 E:\\Projetos Desenvolvimento\\ProjetosPhpStorm\\ProjetosLaravel\
ightlife\\vendor\\laravel\\framework\\src\\Illuminate\\Pipeline\\Pipeline.php(163): Illuminate\\Auth\\Middleware\\Authenticate->handle(Object(Illuminate\\Http\\Request), Object(Closure))
#17 E:\\Projetos Desenvolvimento\\ProjetosPhpStorm\\ProjetosLaravel\
ightlife\\vendor\\laravel\\framework\\src\\Illuminate\\Routing\\Pipeline.php(53): Illuminate\\Pipeline\\Pipeline->Illuminate\\Pipeline\\{closure}(Object(Illuminate\\Http\\Request))
#18 E:\\Projetos Desenvolvimento\\ProjetosPhpStorm\\ProjetosLaravel\
ightlife\\vendor\\laravel\\framework\\src\\Illuminate\\Foundation\\Http\\Middleware\\VerifyCsrfToken.php(75): Illuminate\\Routing\\Pipeline->Illuminate\\Routing\\{closure}(Object(Illuminate\\Http\\Request))
#19 E:\\Projetos Desenvolvimento\\ProjetosPhpStorm\\ProjetosLaravel\
ightlife\\vendor\\laravel\\framework\\src\\Illuminate\\Pipeline\\Pipeline.php(163): Illuminate\\Foundation\\Http\\Middleware\\VerifyCsrfToken->handle(Object(Illuminate\\Http\\Request), Object(Closure))
#20 E:\\Projetos Desenvolvimento\\ProjetosPhpStorm\\ProjetosLaravel\
ightlife\\vendor\\laravel\\framework\\src\\Illuminate\\Routing\\Pipeline.php(53): Illuminate\\Pipeline\\Pipeline->Illuminate\\Pipeline\\{closure}(Object(Illuminate\\Http\\Request))
#21 E:\\Projetos Desenvolvimento\\ProjetosPhpStorm\\ProjetosLaravel\
ightlife\\vendor\\laravel\\framework\\src\\Illuminate\\View\\Middleware\\ShareErrorsFromSession.php(49): Illuminate\\Routing\\Pipeline->Illuminate\\Routing\\{closure}(Object(Illuminate\\Http\\Request))
#22 E:\\Projetos Desenvolvimento\\ProjetosPhpStorm\\ProjetosLaravel\
ightlife\\vendor\\laravel\\framework\\src\\Illuminate\\Pipeline\\Pipeline.php(163): Illuminate\\View\\Middleware\\ShareErrorsFromSession->handle(Object(Illuminate\\Http\\Request), Object(Closure))
#23 E:\\Projetos Desenvolvimento\\ProjetosPhpStorm\\ProjetosLaravel\
ightlife\\vendor\\laravel\\framework\\src\\Illuminate\\Routing\\Pipeline.php(53): Illuminate\\Pipeline\\Pipeline->Illuminate\\Pipeline\\{closure}(Object(Illuminate\\Http\\Request))
#24 E:\\Projetos Desenvolvimento\\ProjetosPhpStorm\\ProjetosLaravel\
ightlife\\vendor\\laravel\\framework\\src\\Illuminate\\Session\\Middleware\\StartSession.php(56): Illuminate\\Routing\\Pipeline->Illuminate\\Routing\\{closure}(Object(Illuminate\\Http\\Request))
#25 E:\\Projetos Desenvolvimento\\ProjetosPhpStorm\\ProjetosLaravel\
ightlife\\vendor\\laravel\\framework\\src\\Illuminate\\Pipeline\\Pipeline.php(163): Illuminate\\Session\\Middleware\\StartSession->handle(Object(Illuminate\\Http\\Request), Object(Closure))
#26 E:\\Projetos Desenvolvimento\\ProjetosPhpStorm\\ProjetosLaravel\
ightlife\\vendor\\laravel\\framework\\src\\Illuminate\\Routing\\Pipeline.php(53): Illuminate\\Pipeline\\Pipeline->Illuminate\\Pipeline\\{closure}(Object(Illuminate\\Http\\Request))
#27 E:\\Projetos Desenvolvimento\\ProjetosPhpStorm\\ProjetosLaravel\
ightlife\\vendor\\laravel\\framework\\src\\Illuminate\\Cookie\\Middleware\\AddQueuedCookiesToResponse.php(37): Illuminate\\Routing\\Pipeline->Illuminate\\Routing\\{closure}(Object(Illuminate\\Http\\Request))
#28 E:\\Projetos Desenvolvimento\\ProjetosPhpStorm\\ProjetosLaravel\
ightlife\\vendor\\laravel\\framework\\src\\Illuminate\\Pipeline\\Pipeline.php(163): Illuminate\\Cookie\\Middleware\\AddQueuedCookiesToResponse->handle(Object(Illuminate\\Http\\Request), Object(Closure))
#29 E:\\Projetos Desenvolvimento\\ProjetosPhpStorm\\ProjetosLaravel\
ightlife\\vendor\\laravel\\framework\\src\\Illuminate\\Routing\\Pipeline.php(53): Illuminate\\Pipeline\\Pipeline->Illuminate\\Pipeline\\{closure}(Object(Illuminate\\Http\\Request))
#30 E:\\Projetos Desenvolvimento\\ProjetosPhpStorm\\ProjetosLaravel\
ightlife\\vendor\\laravel\\framework\\src\\Illuminate\\Cookie\\Middleware\\EncryptCookies.php(66): Illuminate\\Routing\\Pipeline->Illuminate\\Routing\\{closure}(Object(Illuminate\\Http\\Request))
#31 E:\\Projetos Desenvolvimento\\ProjetosPhpStorm\\ProjetosLaravel\
ightlife\\vendor\\laravel\\framework\\src\\Illuminate\\Pipeline\\Pipeline.php(163): Illuminate\\Cookie\\Middleware\\EncryptCookies->handle(Object(Illuminate\\Http\\Request), Object(Closure))
#32 E:\\Projetos Desenvolvimento\\ProjetosPhpStorm\\ProjetosLaravel\
ightlife\\vendor\\laravel\\framework\\src\\Illuminate\\Routing\\Pipeline.php(53): Illuminate\\Pipeline\\Pipeline->Illuminate\\Pipeline\\{closure}(Object(Illuminate\\Http\\Request))
#33 E:\\Projetos Desenvolvimento\\ProjetosPhpStorm\\ProjetosLaravel\
ightlife\\vendor\\laravel\\framework\\src\\Illuminate\\Pipeline\\Pipeline.php(104): Illuminate\\Routing\\Pipeline->Illuminate\\Routing\\{closure}(Object(Illuminate\\Http\\Request))
#34 E:\\Projetos Desenvolvimento\\ProjetosPhpStorm\\ProjetosLaravel\
ightlife\\vendor\\laravel\\framework\\src\\Illuminate\\Routing\\Router.php(682): Illuminate\\Pipeline\\Pipeline->then(Object(Closure))
#35 E:\\Projetos Desenvolvimento\\ProjetosPhpStorm\\ProjetosLaravel\
ightlife\\vendor\\laravel\\framework\\src\\Illuminate\\Routing\\Router.php(657): Illuminate\\Routing\\Router->runRouteWithinStack(Object(Illuminate\\Routing\\Route), Object(Illuminate\\Http\\Request))
#36 E:\\Projetos Desenvolvimento\\ProjetosPhpStorm\\ProjetosLaravel\
ightlife\\vendor\\laravel\\framework\\src\\Illuminate\\Routing\\Router.php(623): Illuminate\\Routing\\Router->runRoute(Object(Illuminate\\Http\\Request), Object(Illuminate\\Routing\\Route))
#37 E:\\Projetos Desenvolvimento\\ProjetosPhpStorm\\ProjetosLaravel\
ightlife\\vendor\\laravel\\framework\\src\\Illuminate\\Routing\\Router.php(612): Illuminate\\Routing\\Router->dispatchToRoute(Object(Illuminate\\Http\\Request))
#38 E:\\Projetos Desenvolvimento\\ProjetosPhpStorm\\ProjetosLaravel\
ightlife\\vendor\\laravel\\framework\\src\\Illuminate\\Foundation\\Http\\Kernel.php(176): Illuminate\\Routing\\Router->dispatch(Object(Illuminate\\Http\\Request))
#39 E:\\Projetos Desenvolvimento\\ProjetosPhpStorm\\ProjetosLaravel\
ightlife\\vendor\\laravel\\framework\\src\\Illuminate\\Routing\\Pipeline.php(30): Illuminate\\Foundation\\Http\\Kernel->Illuminate\\Foundation\\Http\\{closure}(Object(Illuminate\\Http\\Request))
#40 E:\\Projetos Desenvolvimento\\ProjetosPhpStorm\\ProjetosLaravel\
ightlife\\vendor\\fideloper\\proxy\\src\\TrustProxies.php(57): Illuminate\\Routing\\Pipeline->Illuminate\\Routing\\{closure}(Object(Illuminate\\Http\\Request))
#41 E:\\Projetos Desenvolvimento\\ProjetosPhpStorm\\ProjetosLaravel\
ightlife\\vendor\\laravel\\framework\\src\\Illuminate\\Pipeline\\Pipeline.php(163): Fideloper\\Proxy\\TrustProxies->handle(Object(Illuminate\\Http\\Request), Object(Closure))
#42 E:\\Projetos Desenvolvimento\\ProjetosPhpStorm\\ProjetosLaravel\
ightlife\\vendor\\laravel\\framework\\src\\Illuminate\\Routing\\Pipeline.php(53): Illuminate\\Pipeline\\Pipeline->Illuminate\\Pipeline\\{closure}(Object(Illuminate\\Http\\Request))
#43 E:\\Projetos Desenvolvimento\\ProjetosPhpStorm\\ProjetosLaravel\
ightlife\\vendor\\laravel\\framework\\src\\Illuminate\\Foundation\\Http\\Middleware\\TransformsRequest.php(21): Illuminate\\Routing\\Pipeline->Illuminate\\Routing\\{closure}(Object(Illuminate\\Http\\Request))
#44 E:\\Projetos Desenvolvimento\\ProjetosPhpStorm\\ProjetosLaravel\
ightlife\\vendor\\laravel\\framework\\src\\Illuminate\\Pipeline\\Pipeline.php(163): Illuminate\\Foundation\\Http\\Middleware\\TransformsRequest->handle(Object(Illuminate\\Http\\Request), Object(Closure))
#45 E:\\Projetos Desenvolvimento\\ProjetosPhpStorm\\ProjetosLaravel\
ightlife\\vendor\\laravel\\framework\\src\\Illuminate\\Routing\\Pipeline.php(53): Illuminate\\Pipeline\\Pipeline->Illuminate\\Pipeline\\{closure}(Object(Illuminate\\Http\\Request))
#46 E:\\Projetos Desenvolvimento\\ProjetosPhpStorm\\ProjetosLaravel\
ightlife\\vendor\\laravel\\framework\\src\\Illuminate\\Foundation\\Http\\Middleware\\TransformsRequest.php(21): Illuminate\\Routing\\Pipeline->Illuminate\\Routing\\{closure}(Object(Illuminate\\Http\\Request))
#47 E:\\Projetos Desenvolvimento\\ProjetosPhpStorm\\ProjetosLaravel\
ightlife\\vendor\\laravel\\framework\\src\\Illuminate\\Pipeline\\Pipeline.php(163): Illuminate\\Foundation\\Http\\Middleware\\TransformsRequest->handle(Object(Illuminate\\Http\\Request), Object(Closure))
#48 E:\\Projetos Desenvolvimento\\ProjetosPhpStorm\\ProjetosLaravel\
ightlife\\vendor\\laravel\\framework\\src\\Illuminate\\Routing\\Pipeline.php(53): Illuminate\\Pipeline\\Pipeline->Illuminate\\Pipeline\\{closure}(Object(Illuminate\\Http\\Request))
#49 E:\\Projetos Desenvolvimento\\ProjetosPhpStorm\\ProjetosLaravel\
ightlife\\vendor\\laravel\\framework\\src\\Illuminate\\Foundation\\Http\\Middleware\\ValidatePostSize.php(27): Illuminate\\Routing\\Pipeline->Illuminate\\Routing\\{closure}(Object(Illuminate\\Http\\Request))
#50 E:\\Projetos Desenvolvimento\\ProjetosPhpStorm\\ProjetosLaravel\
ightlife\\vendor\\laravel\\framework\\src\\Illuminate\\Pipeline\\Pipeline.php(163): Illuminate\\Foundation\\Http\\Middleware\\ValidatePostSize->handle(Object(Illuminate\\Http\\Request), Object(Closure))
#51 E:\\Projetos Desenvolvimento\\ProjetosPhpStorm\\ProjetosLaravel\
ightlife\\vendor\\laravel\\framework\\src\\Illuminate\\Routing\\Pipeline.php(53): Illuminate\\Pipeline\\Pipeline->Illuminate\\Pipeline\\{closure}(Object(Illuminate\\Http\\Request))
#52 E:\\Projetos Desenvolvimento\\ProjetosPhpStorm\\ProjetosLaravel\
ightlife\\vendor\\laravel\\framework\\src\\Illuminate\\Foundation\\Http\\Middleware\\CheckForMaintenanceMode.php(62): Illuminate\\Routing\\Pipeline->Illuminate\\Routing\\{closure}(Object(Illuminate\\Http\\Request))
#53 E:\\Projetos Desenvolvimento\\ProjetosPhpStorm\\ProjetosLaravel\
ightlife\\vendor\\laravel\\framework\\src\\Illuminate\\Pipeline\\Pipeline.php(163): Illuminate\\Foundation\\Http\\Middleware\\CheckForMaintenanceMode->handle(Object(Illuminate\\Http\\Request), Object(Closure))
#54 E:\\Projetos Desenvolvimento\\ProjetosPhpStorm\\ProjetosLaravel\
ightlife\\vendor\\laravel\\framework\\src\\Illuminate\\Routing\\Pipeline.php(53): Illuminate\\Pipeline\\Pipeline->Illuminate\\Pipeline\\{closure}(Object(Illuminate\\Http\\Request))
#55 E:\\Projetos Desenvolvimento\\ProjetosPhpStorm\\ProjetosLaravel\
ightlife\\vendor\\laravel\\framework\\src\\Illuminate\\Pipeline\\Pipeline.php(104): Illuminate\\Routing\\Pipeline->Illuminate\\Routing\\{closure}(Object(Illuminate\\Http\\Request))
#56 E:\\Projetos Desenvolvimento\\ProjetosPhpStorm\\ProjetosLaravel\
ightlife\\vendor\\laravel\\framework\\src\\Illuminate\\Foundation\\Http\\Kernel.php(151): Illuminate\\Pipeline\\Pipeline->then(Object(Closure))
#57 E:\\Projetos Desenvolvimento\\ProjetosPhpStorm\\ProjetosLaravel\
ightlife\\vendor\\laravel\\framework\\src\\Illuminate\\Foundation\\Http\\Kernel.php(116): Illuminate\\Foundation\\Http\\Kernel->sendRequestThroughRouter(Object(Illuminate\\Http\\Request))
#58 E:\\Projetos Desenvolvimento\\ProjetosPhpStorm\\ProjetosLaravel\
ightlife\\public\\index.php(55): Illuminate\\Foundation\\Http\\Kernel->handle(Object(Illuminate\\Http\\Request))
#59 {main}
"} 
[2020-02-17 23:54:18] local.ERROR: include(E:\Projetos Desenvolvimento\ProjetosPhpStorm\ProjetosLaravel\nightlife): failed to open stream: Permission denied {"userId":1,"exception":"[object] (ErrorException(code: 0): include(E:\\Projetos Desenvolvimento\\ProjetosPhpStorm\\ProjetosLaravel\
ightlife): failed to open stream: Permission denied at E:\\Projetos Desenvolvimento\\ProjetosPhpStorm\\ProjetosLaravel\
ightlife\\vendor\\composer\\ClassLoader.php:444)
[stacktrace]
#0 E:\\Projetos Desenvolvimento\\ProjetosPhpStorm\\ProjetosLaravel\
ightlife\\vendor\\composer\\ClassLoader.php(444): Illuminate\\Foundation\\Bootstrap\\HandleExceptions->handleError(2, 'include(E:\\\\Proj...', 'E:\\\\Projetos Des...', 444, Array)
#1 E:\\Projetos Desenvolvimento\\ProjetosPhpStorm\\ProjetosLaravel\
ightlife\\vendor\\composer\\ClassLoader.php(444): include()
#2 E:\\Projetos Desenvolvimento\\ProjetosPhpStorm\\ProjetosLaravel\
ightlife\\vendor\\composer\\ClassLoader.php(322): Composer\\Autoload\\includeFile('E:\\\\Projetos Des...')
#3 [internal function]: Composer\\Autoload\\ClassLoader->loadClass('App\\\\Models\\\\Site...')
#4 E:\\Projetos Desenvolvimento\\ProjetosPhpStorm\\ProjetosLaravel\
ightlife\\app\\Http\\Controllers\\Admin\\EstablishmentController.php(53): spl_autoload_call('App\\\\Models\\\\Site...')
#5 [internal function]: App\\Http\\Controllers\\Admin\\EstablishmentController->create(Object(Illuminate\\Http\\Request))
#6 E:\\Projetos Desenvolvimento\\ProjetosPhpStorm\\ProjetosLaravel\
ightlife\\vendor\\laravel\\framework\\src\\Illuminate\\Routing\\Controller.php(54): call_user_func_array(Array, Array)
#7 E:\\Projetos Desenvolvimento\\ProjetosPhpStorm\\ProjetosLaravel\
ightlife\\vendor\\laravel\\framework\\src\\Illuminate\\Routing\\ControllerDispatcher.php(45): Illuminate\\Routing\\Controller->callAction('create', Array)
#8 E:\\Projetos Desenvolvimento\\ProjetosPhpStorm\\ProjetosLaravel\
ightlife\\vendor\\laravel\\framework\\src\\Illuminate\\Routing\\Route.php(219): Illuminate\\Routing\\ControllerDispatcher->dispatch(Object(Illuminate\\Routing\\Route), Object(App\\Http\\Controllers\\Admin\\EstablishmentController), 'create')
#9 E:\\Projetos Desenvolvimento\\ProjetosPhpStorm\\ProjetosLaravel\
ightlife\\vendor\\laravel\\framework\\src\\Illuminate\\Routing\\Route.php(176): Illuminate\\Routing\\Route->runController()
#10 E:\\Projetos Desenvolvimento\\ProjetosPhpStorm\\ProjetosLaravel\
ightlife\\vendor\\laravel\\framework\\src\\Illuminate\\Routing\\Router.php(680): Illuminate\\Routing\\Route->run()
#11 E:\\Projetos Desenvolvimento\\ProjetosPhpStorm\\ProjetosLaravel\
ightlife\\vendor\\laravel\\framework\\src\\Illuminate\\Routing\\Pipeline.php(30): Illuminate\\Routing\\Router->Illuminate\\Routing\\{closure}(Object(Illuminate\\Http\\Request))
#12 E:\\Projetos Desenvolvimento\\ProjetosPhpStorm\\ProjetosLaravel\
ightlife\\vendor\\laravel\\framework\\src\\Illuminate\\Routing\\Middleware\\SubstituteBindings.php(41): Illuminate\\Routing\\Pipeline->Illuminate\\Routing\\{closure}(Object(Illuminate\\Http\\Request))
#13 E:\\Projetos Desenvolvimento\\ProjetosPhpStorm\\ProjetosLaravel\
ightlife\\vendor\\laravel\\framework\\src\\Illuminate\\Pipeline\\Pipeline.php(163): Illuminate\\Routing\\Middleware\\SubstituteBindings->handle(Object(Illuminate\\Http\\Request), Object(Closure))
#14 E:\\Projetos Desenvolvimento\\ProjetosPhpStorm\\ProjetosLaravel\
ightlife\\vendor\\laravel\\framework\\src\\Illuminate\\Routing\\Pipeline.php(53): Illuminate\\Pipeline\\Pipeline->Illuminate\\Pipeline\\{closure}(Object(Illuminate\\Http\\Request))
#15 E:\\Projetos Desenvolvimento\\ProjetosPhpStorm\\ProjetosLaravel\
ightlife\\vendor\\laravel\\framework\\src\\Illuminate\\Auth\\Middleware\\Authenticate.php(43): Illuminate\\Routing\\Pipeline->Illuminate\\Routing\\{closure}(Object(Illuminate\\Http\\Request))
#16 E:\\Projetos Desenvolvimento\\ProjetosPhpStorm\\ProjetosLaravel\
ightlife\\vendor\\laravel\\framework\\src\\Illuminate\\Pipeline\\Pipeline.php(163): Illuminate\\Auth\\Middleware\\Authenticate->handle(Object(Illuminate\\Http\\Request), Object(Closure))
#17 E:\\Projetos Desenvolvimento\\ProjetosPhpStorm\\ProjetosLaravel\
ightlife\\vendor\\laravel\\framework\\src\\Illuminate\\Routing\\Pipeline.php(53): Illuminate\\Pipeline\\Pipeline->Illuminate\\Pipeline\\{closure}(Object(Illuminate\\Http\\Request))
#18 E:\\Projetos Desenvolvimento\\ProjetosPhpStorm\\ProjetosLaravel\
ightlife\\vendor\\laravel\\framework\\src\\Illuminate\\Foundation\\Http\\Middleware\\VerifyCsrfToken.php(75): Illuminate\\Routing\\Pipeline->Illuminate\\Routing\\{closure}(Object(Illuminate\\Http\\Request))
#19 E:\\Projetos Desenvolvimento\\ProjetosPhpStorm\\ProjetosLaravel\
ightlife\\vendor\\laravel\\framework\\src\\Illuminate\\Pipeline\\Pipeline.php(163): Illuminate\\Foundation\\Http\\Middleware\\VerifyCsrfToken->handle(Object(Illuminate\\Http\\Request), Object(Closure))
#20 E:\\Projetos Desenvolvimento\\ProjetosPhpStorm\\ProjetosLaravel\
ightlife\\vendor\\laravel\\framework\\src\\Illuminate\\Routing\\Pipeline.php(53): Illuminate\\Pipeline\\Pipeline->Illuminate\\Pipeline\\{closure}(Object(Illuminate\\Http\\Request))
#21 E:\\Projetos Desenvolvimento\\ProjetosPhpStorm\\ProjetosLaravel\
ightlife\\vendor\\laravel\\framework\\src\\Illuminate\\View\\Middleware\\ShareErrorsFromSession.php(49): Illuminate\\Routing\\Pipeline->Illuminate\\Routing\\{closure}(Object(Illuminate\\Http\\Request))
#22 E:\\Projetos Desenvolvimento\\ProjetosPhpStorm\\ProjetosLaravel\
ightlife\\vendor\\laravel\\framework\\src\\Illuminate\\Pipeline\\Pipeline.php(163): Illuminate\\View\\Middleware\\ShareErrorsFromSession->handle(Object(Illuminate\\Http\\Request), Object(Closure))
#23 E:\\Projetos Desenvolvimento\\ProjetosPhpStorm\\ProjetosLaravel\
ightlife\\vendor\\laravel\\framework\\src\\Illuminate\\Routing\\Pipeline.php(53): Illuminate\\Pipeline\\Pipeline->Illuminate\\Pipeline\\{closure}(Object(Illuminate\\Http\\Request))
#24 E:\\Projetos Desenvolvimento\\ProjetosPhpStorm\\ProjetosLaravel\
ightlife\\vendor\\laravel\\framework\\src\\Illuminate\\Session\\Middleware\\StartSession.php(56): Illuminate\\Routing\\Pipeline->Illuminate\\Routing\\{closure}(Object(Illuminate\\Http\\Request))
#25 E:\\Projetos Desenvolvimento\\ProjetosPhpStorm\\ProjetosLaravel\
ightlife\\vendor\\laravel\\framework\\src\\Illuminate\\Pipeline\\Pipeline.php(163): Illuminate\\Session\\Middleware\\StartSession->handle(Object(Illuminate\\Http\\Request), Object(Closure))
#26 E:\\Projetos Desenvolvimento\\ProjetosPhpStorm\\ProjetosLaravel\
ightlife\\vendor\\laravel\\framework\\src\\Illuminate\\Routing\\Pipeline.php(53): Illuminate\\Pipeline\\Pipeline->Illuminate\\Pipeline\\{closure}(Object(Illuminate\\Http\\Request))
#27 E:\\Projetos Desenvolvimento\\ProjetosPhpStorm\\ProjetosLaravel\
ightlife\\vendor\\laravel\\framework\\src\\Illuminate\\Cookie\\Middleware\\AddQueuedCookiesToResponse.php(37): Illuminate\\Routing\\Pipeline->Illuminate\\Routing\\{closure}(Object(Illuminate\\Http\\Request))
#28 E:\\Projetos Desenvolvimento\\ProjetosPhpStorm\\ProjetosLaravel\
ightlife\\vendor\\laravel\\framework\\src\\Illuminate\\Pipeline\\Pipeline.php(163): Illuminate\\Cookie\\Middleware\\AddQueuedCookiesToResponse->handle(Object(Illuminate\\Http\\Request), Object(Closure))
#29 E:\\Projetos Desenvolvimento\\ProjetosPhpStorm\\ProjetosLaravel\
ightlife\\vendor\\laravel\\framework\\src\\Illuminate\\Routing\\Pipeline.php(53): Illuminate\\Pipeline\\Pipeline->Illuminate\\Pipeline\\{closure}(Object(Illuminate\\Http\\Request))
#30 E:\\Projetos Desenvolvimento\\ProjetosPhpStorm\\ProjetosLaravel\
ightlife\\vendor\\laravel\\framework\\src\\Illuminate\\Cookie\\Middleware\\EncryptCookies.php(66): Illuminate\\Routing\\Pipeline->Illuminate\\Routing\\{closure}(Object(Illuminate\\Http\\Request))
#31 E:\\Projetos Desenvolvimento\\ProjetosPhpStorm\\ProjetosLaravel\
ightlife\\vendor\\laravel\\framework\\src\\Illuminate\\Pipeline\\Pipeline.php(163): Illuminate\\Cookie\\Middleware\\EncryptCookies->handle(Object(Illuminate\\Http\\Request), Object(Closure))
#32 E:\\Projetos Desenvolvimento\\ProjetosPhpStorm\\ProjetosLaravel\
ightlife\\vendor\\laravel\\framework\\src\\Illuminate\\Routing\\Pipeline.php(53): Illuminate\\Pipeline\\Pipeline->Illuminate\\Pipeline\\{closure}(Object(Illuminate\\Http\\Request))
#33 E:\\Projetos Desenvolvimento\\ProjetosPhpStorm\\ProjetosLaravel\
ightlife\\vendor\\laravel\\framework\\src\\Illuminate\\Pipeline\\Pipeline.php(104): Illuminate\\Routing\\Pipeline->Illuminate\\Routing\\{closure}(Object(Illuminate\\Http\\Request))
#34 E:\\Projetos Desenvolvimento\\ProjetosPhpStorm\\ProjetosLaravel\
ightlife\\vendor\\laravel\\framework\\src\\Illuminate\\Routing\\Router.php(682): Illuminate\\Pipeline\\Pipeline->then(Object(Closure))
#35 E:\\Projetos Desenvolvimento\\ProjetosPhpStorm\\ProjetosLaravel\
ightlife\\vendor\\laravel\\framework\\src\\Illuminate\\Routing\\Router.php(657): Illuminate\\Routing\\Router->runRouteWithinStack(Object(Illuminate\\Routing\\Route), Object(Illuminate\\Http\\Request))
#36 E:\\Projetos Desenvolvimento\\ProjetosPhpStorm\\ProjetosLaravel\
ightlife\\vendor\\laravel\\framework\\src\\Illuminate\\Routing\\Router.php(623): Illuminate\\Routing\\Router->runRoute(Object(Illuminate\\Http\\Request), Object(Illuminate\\Routing\\Route))
#37 E:\\Projetos Desenvolvimento\\ProjetosPhpStorm\\ProjetosLaravel\
ightlife\\vendor\\laravel\\framework\\src\\Illuminate\\Routing\\Router.php(612): Illuminate\\Routing\\Router->dispatchToRoute(Object(Illuminate\\Http\\Request))
#38 E:\\Projetos Desenvolvimento\\ProjetosPhpStorm\\ProjetosLaravel\
ightlife\\vendor\\laravel\\framework\\src\\Illuminate\\Foundation\\Http\\Kernel.php(176): Illuminate\\Routing\\Router->dispatch(Object(Illuminate\\Http\\Request))
#39 E:\\Projetos Desenvolvimento\\ProjetosPhpStorm\\ProjetosLaravel\
ightlife\\vendor\\laravel\\framework\\src\\Illuminate\\Routing\\Pipeline.php(30): Illuminate\\Foundation\\Http\\Kernel->Illuminate\\Foundation\\Http\\{closure}(Object(Illuminate\\Http\\Request))
#40 E:\\Projetos Desenvolvimento\\ProjetosPhpStorm\\ProjetosLaravel\
ightlife\\vendor\\fideloper\\proxy\\src\\TrustProxies.php(57): Illuminate\\Routing\\Pipeline->Illuminate\\Routing\\{closure}(Object(Illuminate\\Http\\Request))
#41 E:\\Projetos Desenvolvimento\\ProjetosPhpStorm\\ProjetosLaravel\
ightlife\\vendor\\laravel\\framework\\src\\Illuminate\\Pipeline\\Pipeline.php(163): Fideloper\\Proxy\\TrustProxies->handle(Object(Illuminate\\Http\\Request), Object(Closure))
#42 E:\\Projetos Desenvolvimento\\ProjetosPhpStorm\\ProjetosLaravel\
ightlife\\vendor\\laravel\\framework\\src\\Illuminate\\Routing\\Pipeline.php(53): Illuminate\\Pipeline\\Pipeline->Illuminate\\Pipeline\\{closure}(Object(Illuminate\\Http\\Request))
#43 E:\\Projetos Desenvolvimento\\ProjetosPhpStorm\\ProjetosLaravel\
ightlife\\vendor\\laravel\\framework\\src\\Illuminate\\Foundation\\Http\\Middleware\\TransformsRequest.php(21): Illuminate\\Routing\\Pipeline->Illuminate\\Routing\\{closure}(Object(Illuminate\\Http\\Request))
#44 E:\\Projetos Desenvolvimento\\ProjetosPhpStorm\\ProjetosLaravel\
ightlife\\vendor\\laravel\\framework\\src\\Illuminate\\Pipeline\\Pipeline.php(163): Illuminate\\Foundation\\Http\\Middleware\\TransformsRequest->handle(Object(Illuminate\\Http\\Request), Object(Closure))
#45 E:\\Projetos Desenvolvimento\\ProjetosPhpStorm\\ProjetosLaravel\
ightlife\\vendor\\laravel\\framework\\src\\Illuminate\\Routing\\Pipeline.php(53): Illuminate\\Pipeline\\Pipeline->Illuminate\\Pipeline\\{closure}(Object(Illuminate\\Http\\Request))
#46 E:\\Projetos Desenvolvimento\\ProjetosPhpStorm\\ProjetosLaravel\
ightlife\\vendor\\laravel\\framework\\src\\Illuminate\\Foundation\\Http\\Middleware\\TransformsRequest.php(21): Illuminate\\Routing\\Pipeline->Illuminate\\Routing\\{closure}(Object(Illuminate\\Http\\Request))
#47 E:\\Projetos Desenvolvimento\\ProjetosPhpStorm\\ProjetosLaravel\
ightlife\\vendor\\laravel\\framework\\src\\Illuminate\\Pipeline\\Pipeline.php(163): Illuminate\\Foundation\\Http\\Middleware\\TransformsRequest->handle(Object(Illuminate\\Http\\Request), Object(Closure))
#48 E:\\Projetos Desenvolvimento\\ProjetosPhpStorm\\ProjetosLaravel\
ightlife\\vendor\\laravel\\framework\\src\\Illuminate\\Routing\\Pipeline.php(53): Illuminate\\Pipeline\\Pipeline->Illuminate\\Pipeline\\{closure}(Object(Illuminate\\Http\\Request))
#49 E:\\Projetos Desenvolvimento\\ProjetosPhpStorm\\ProjetosLaravel\
ightlife\\vendor\\laravel\\framework\\src\\Illuminate\\Foundation\\Http\\Middleware\\ValidatePostSize.php(27): Illuminate\\Routing\\Pipeline->Illuminate\\Routing\\{closure}(Object(Illuminate\\Http\\Request))
#50 E:\\Projetos Desenvolvimento\\ProjetosPhpStorm\\ProjetosLaravel\
ightlife\\vendor\\laravel\\framework\\src\\Illuminate\\Pipeline\\Pipeline.php(163): Illuminate\\Foundation\\Http\\Middleware\\ValidatePostSize->handle(Object(Illuminate\\Http\\Request), Object(Closure))
#51 E:\\Projetos Desenvolvimento\\ProjetosPhpStorm\\ProjetosLaravel\
ightlife\\vendor\\laravel\\framework\\src\\Illuminate\\Routing\\Pipeline.php(53): Illuminate\\Pipeline\\Pipeline->Illuminate\\Pipeline\\{closure}(Object(Illuminate\\Http\\Request))
#52 E:\\Projetos Desenvolvimento\\ProjetosPhpStorm\\ProjetosLaravel\
ightlife\\vendor\\laravel\\framework\\src\\Illuminate\\Foundation\\Http\\Middleware\\CheckForMaintenanceMode.php(62): Illuminate\\Routing\\Pipeline->Illuminate\\Routing\\{closure}(Object(Illuminate\\Http\\Request))
#53 E:\\Projetos Desenvolvimento\\ProjetosPhpStorm\\ProjetosLaravel\
ightlife\\vendor\\laravel\\framework\\src\\Illuminate\\Pipeline\\Pipeline.php(163): Illuminate\\Foundation\\Http\\Middleware\\CheckForMaintenanceMode->handle(Object(Illuminate\\Http\\Request), Object(Closure))
#54 E:\\Projetos Desenvolvimento\\ProjetosPhpStorm\\ProjetosLaravel\
ightlife\\vendor\\laravel\\framework\\src\\Illuminate\\Routing\\Pipeline.php(53): Illuminate\\Pipeline\\Pipeline->Illuminate\\Pipeline\\{closure}(Object(Illuminate\\Http\\Request))
#55 E:\\Projetos Desenvolvimento\\ProjetosPhpStorm\\ProjetosLaravel\
ightlife\\vendor\\laravel\\framework\\src\\Illuminate\\Pipeline\\Pipeline.php(104): Illuminate\\Routing\\Pipeline->Illuminate\\Routing\\{closure}(Object(Illuminate\\Http\\Request))
#56 E:\\Projetos Desenvolvimento\\ProjetosPhpStorm\\ProjetosLaravel\
ightlife\\vendor\\laravel\\framework\\src\\Illuminate\\Foundation\\Http\\Kernel.php(151): Illuminate\\Pipeline\\Pipeline->then(Object(Closure))
#57 E:\\Projetos Desenvolvimento\\ProjetosPhpStorm\\ProjetosLaravel\
ightlife\\vendor\\laravel\\framework\\src\\Illuminate\\Foundation\\Http\\Kernel.php(116): Illuminate\\Foundation\\Http\\Kernel->sendRequestThroughRouter(Object(Illuminate\\Http\\Request))
#58 E:\\Projetos Desenvolvimento\\ProjetosPhpStorm\\ProjetosLaravel\
ightlife\\public\\index.php(55): Illuminate\\Foundation\\Http\\Kernel->handle(Object(Illuminate\\Http\\Request))
#59 {main}
"} 
[2020-02-17 23:55:48] local.ERROR: include(E:\Projetos Desenvolvimento\ProjetosPhpStorm\ProjetosLaravel\nightlife): failed to open stream: Permission denied {"userId":1,"exception":"[object] (ErrorException(code: 0): include(E:\\Projetos Desenvolvimento\\ProjetosPhpStorm\\ProjetosLaravel\
ightlife): failed to open stream: Permission denied at E:\\Projetos Desenvolvimento\\ProjetosPhpStorm\\ProjetosLaravel\
ightlife\\vendor\\composer\\ClassLoader.php:444)
[stacktrace]
#0 E:\\Projetos Desenvolvimento\\ProjetosPhpStorm\\ProjetosLaravel\
ightlife\\vendor\\composer\\ClassLoader.php(444): Illuminate\\Foundation\\Bootstrap\\HandleExceptions->handleError(2, 'include(E:\\\\Proj...', 'E:\\\\Projetos Des...', 444, Array)
#1 E:\\Projetos Desenvolvimento\\ProjetosPhpStorm\\ProjetosLaravel\
ightlife\\vendor\\composer\\ClassLoader.php(444): include()
#2 E:\\Projetos Desenvolvimento\\ProjetosPhpStorm\\ProjetosLaravel\
ightlife\\vendor\\composer\\ClassLoader.php(322): Composer\\Autoload\\includeFile('E:\\\\Projetos Des...')
#3 [internal function]: Composer\\Autoload\\ClassLoader->loadClass('App\\\\Models\\\\Site...')
#4 E:\\Projetos Desenvolvimento\\ProjetosPhpStorm\\ProjetosLaravel\
ightlife\\app\\Http\\Controllers\\Admin\\EstablishmentController.php(53): spl_autoload_call('App\\\\Models\\\\Site...')
#5 [internal function]: App\\Http\\Controllers\\Admin\\EstablishmentController->create(Object(Illuminate\\Http\\Request))
#6 E:\\Projetos Desenvolvimento\\ProjetosPhpStorm\\ProjetosLaravel\
ightlife\\vendor\\laravel\\framework\\src\\Illuminate\\Routing\\Controller.php(54): call_user_func_array(Array, Array)
#7 E:\\Projetos Desenvolvimento\\ProjetosPhpStorm\\ProjetosLaravel\
ightlife\\vendor\\laravel\\framework\\src\\Illuminate\\Routing\\ControllerDispatcher.php(45): Illuminate\\Routing\\Controller->callAction('create', Array)
#8 E:\\Projetos Desenvolvimento\\ProjetosPhpStorm\\ProjetosLaravel\
ightlife\\vendor\\laravel\\framework\\src\\Illuminate\\Routing\\Route.php(219): Illuminate\\Routing\\ControllerDispatcher->dispatch(Object(Illuminate\\Routing\\Route), Object(App\\Http\\Controllers\\Admin\\EstablishmentController), 'create')
#9 E:\\Projetos Desenvolvimento\\ProjetosPhpStorm\\ProjetosLaravel\
ightlife\\vendor\\laravel\\framework\\src\\Illuminate\\Routing\\Route.php(176): Illuminate\\Routing\\Route->runController()
#10 E:\\Projetos Desenvolvimento\\ProjetosPhpStorm\\ProjetosLaravel\
ightlife\\vendor\\laravel\\framework\\src\\Illuminate\\Routing\\Router.php(680): Illuminate\\Routing\\Route->run()
#11 E:\\Projetos Desenvolvimento\\ProjetosPhpStorm\\ProjetosLaravel\
ightlife\\vendor\\laravel\\framework\\src\\Illuminate\\Routing\\Pipeline.php(30): Illuminate\\Routing\\Router->Illuminate\\Routing\\{closure}(Object(Illuminate\\Http\\Request))
#12 E:\\Projetos Desenvolvimento\\ProjetosPhpStorm\\ProjetosLaravel\
ightlife\\vendor\\laravel\\framework\\src\\Illuminate\\Routing\\Middleware\\SubstituteBindings.php(41): Illuminate\\Routing\\Pipeline->Illuminate\\Routing\\{closure}(Object(Illuminate\\Http\\Request))
#13 E:\\Projetos Desenvolvimento\\ProjetosPhpStorm\\ProjetosLaravel\
ightlife\\vendor\\laravel\\framework\\src\\Illuminate\\Pipeline\\Pipeline.php(163): Illuminate\\Routing\\Middleware\\SubstituteBindings->handle(Object(Illuminate\\Http\\Request), Object(Closure))
#14 E:\\Projetos Desenvolvimento\\ProjetosPhpStorm\\ProjetosLaravel\
ightlife\\vendor\\laravel\\framework\\src\\Illuminate\\Routing\\Pipeline.php(53): Illuminate\\Pipeline\\Pipeline->Illuminate\\Pipeline\\{closure}(Object(Illuminate\\Http\\Request))
#15 E:\\Projetos Desenvolvimento\\ProjetosPhpStorm\\ProjetosLaravel\
ightlife\\vendor\\laravel\\framework\\src\\Illuminate\\Auth\\Middleware\\Authenticate.php(43): Illuminate\\Routing\\Pipeline->Illuminate\\Routing\\{closure}(Object(Illuminate\\Http\\Request))
#16 E:\\Projetos Desenvolvimento\\ProjetosPhpStorm\\ProjetosLaravel\
ightlife\\vendor\\laravel\\framework\\src\\Illuminate\\Pipeline\\Pipeline.php(163): Illuminate\\Auth\\Middleware\\Authenticate->handle(Object(Illuminate\\Http\\Request), Object(Closure))
#17 E:\\Projetos Desenvolvimento\\ProjetosPhpStorm\\ProjetosLaravel\
ightlife\\vendor\\laravel\\framework\\src\\Illuminate\\Routing\\Pipeline.php(53): Illuminate\\Pipeline\\Pipeline->Illuminate\\Pipeline\\{closure}(Object(Illuminate\\Http\\Request))
#18 E:\\Projetos Desenvolvimento\\ProjetosPhpStorm\\ProjetosLaravel\
ightlife\\vendor\\laravel\\framework\\src\\Illuminate\\Foundation\\Http\\Middleware\\VerifyCsrfToken.php(75): Illuminate\\Routing\\Pipeline->Illuminate\\Routing\\{closure}(Object(Illuminate\\Http\\Request))
#19 E:\\Projetos Desenvolvimento\\ProjetosPhpStorm\\ProjetosLaravel\
ightlife\\vendor\\laravel\\framework\\src\\Illuminate\\Pipeline\\Pipeline.php(163): Illuminate\\Foundation\\Http\\Middleware\\VerifyCsrfToken->handle(Object(Illuminate\\Http\\Request), Object(Closure))
#20 E:\\Projetos Desenvolvimento\\ProjetosPhpStorm\\ProjetosLaravel\
ightlife\\vendor\\laravel\\framework\\src\\Illuminate\\Routing\\Pipeline.php(53): Illuminate\\Pipeline\\Pipeline->Illuminate\\Pipeline\\{closure}(Object(Illuminate\\Http\\Request))
#21 E:\\Projetos Desenvolvimento\\ProjetosPhpStorm\\ProjetosLaravel\
ightlife\\vendor\\laravel\\framework\\src\\Illuminate\\View\\Middleware\\ShareErrorsFromSession.php(49): Illuminate\\Routing\\Pipeline->Illuminate\\Routing\\{closure}(Object(Illuminate\\Http\\Request))
#22 E:\\Projetos Desenvolvimento\\ProjetosPhpStorm\\ProjetosLaravel\
ightlife\\vendor\\laravel\\framework\\src\\Illuminate\\Pipeline\\Pipeline.php(163): Illuminate\\View\\Middleware\\ShareErrorsFromSession->handle(Object(Illuminate\\Http\\Request), Object(Closure))
#23 E:\\Projetos Desenvolvimento\\ProjetosPhpStorm\\ProjetosLaravel\
ightlife\\vendor\\laravel\\framework\\src\\Illuminate\\Routing\\Pipeline.php(53): Illuminate\\Pipeline\\Pipeline->Illuminate\\Pipeline\\{closure}(Object(Illuminate\\Http\\Request))
#24 E:\\Projetos Desenvolvimento\\ProjetosPhpStorm\\ProjetosLaravel\
ightlife\\vendor\\laravel\\framework\\src\\Illuminate\\Session\\Middleware\\StartSession.php(56): Illuminate\\Routing\\Pipeline->Illuminate\\Routing\\{closure}(Object(Illuminate\\Http\\Request))
#25 E:\\Projetos Desenvolvimento\\ProjetosPhpStorm\\ProjetosLaravel\
ightlife\\vendor\\laravel\\framework\\src\\Illuminate\\Pipeline\\Pipeline.php(163): Illuminate\\Session\\Middleware\\StartSession->handle(Object(Illuminate\\Http\\Request), Object(Closure))
#26 E:\\Projetos Desenvolvimento\\ProjetosPhpStorm\\ProjetosLaravel\
ightlife\\vendor\\laravel\\framework\\src\\Illuminate\\Routing\\Pipeline.php(53): Illuminate\\Pipeline\\Pipeline->Illuminate\\Pipeline\\{closure}(Object(Illuminate\\Http\\Request))
#27 E:\\Projetos Desenvolvimento\\ProjetosPhpStorm\\ProjetosLaravel\
ightlife\\vendor\\laravel\\framework\\src\\Illuminate\\Cookie\\Middleware\\AddQueuedCookiesToResponse.php(37): Illuminate\\Routing\\Pipeline->Illuminate\\Routing\\{closure}(Object(Illuminate\\Http\\Request))
#28 E:\\Projetos Desenvolvimento\\ProjetosPhpStorm\\ProjetosLaravel\
ightlife\\vendor\\laravel\\framework\\src\\Illuminate\\Pipeline\\Pipeline.php(163): Illuminate\\Cookie\\Middleware\\AddQueuedCookiesToResponse->handle(Object(Illuminate\\Http\\Request), Object(Closure))
#29 E:\\Projetos Desenvolvimento\\ProjetosPhpStorm\\ProjetosLaravel\
ightlife\\vendor\\laravel\\framework\\src\\Illuminate\\Routing\\Pipeline.php(53): Illuminate\\Pipeline\\Pipeline->Illuminate\\Pipeline\\{closure}(Object(Illuminate\\Http\\Request))
#30 E:\\Projetos Desenvolvimento\\ProjetosPhpStorm\\ProjetosLaravel\
ightlife\\vendor\\laravel\\framework\\src\\Illuminate\\Cookie\\Middleware\\EncryptCookies.php(66): Illuminate\\Routing\\Pipeline->Illuminate\\Routing\\{closure}(Object(Illuminate\\Http\\Request))
#31 E:\\Projetos Desenvolvimento\\ProjetosPhpStorm\\ProjetosLaravel\
ightlife\\vendor\\laravel\\framework\\src\\Illuminate\\Pipeline\\Pipeline.php(163): Illuminate\\Cookie\\Middleware\\EncryptCookies->handle(Object(Illuminate\\Http\\Request), Object(Closure))
#32 E:\\Projetos Desenvolvimento\\ProjetosPhpStorm\\ProjetosLaravel\
ightlife\\vendor\\laravel\\framework\\src\\Illuminate\\Routing\\Pipeline.php(53): Illuminate\\Pipeline\\Pipeline->Illuminate\\Pipeline\\{closure}(Object(Illuminate\\Http\\Request))
#33 E:\\Projetos Desenvolvimento\\ProjetosPhpStorm\\ProjetosLaravel\
ightlife\\vendor\\laravel\\framework\\src\\Illuminate\\Pipeline\\Pipeline.php(104): Illuminate\\Routing\\Pipeline->Illuminate\\Routing\\{closure}(Object(Illuminate\\Http\\Request))
#34 E:\\Projetos Desenvolvimento\\ProjetosPhpStorm\\ProjetosLaravel\
ightlife\\vendor\\laravel\\framework\\src\\Illuminate\\Routing\\Router.php(682): Illuminate\\Pipeline\\Pipeline->then(Object(Closure))
#35 E:\\Projetos Desenvolvimento\\ProjetosPhpStorm\\ProjetosLaravel\
ightlife\\vendor\\laravel\\framework\\src\\Illuminate\\Routing\\Router.php(657): Illuminate\\Routing\\Router->runRouteWithinStack(Object(Illuminate\\Routing\\Route), Object(Illuminate\\Http\\Request))
#36 E:\\Projetos Desenvolvimento\\ProjetosPhpStorm\\ProjetosLaravel\
ightlife\\vendor\\laravel\\framework\\src\\Illuminate\\Routing\\Router.php(623): Illuminate\\Routing\\Router->runRoute(Object(Illuminate\\Http\\Request), Object(Illuminate\\Routing\\Route))
#37 E:\\Projetos Desenvolvimento\\ProjetosPhpStorm\\ProjetosLaravel\
ightlife\\vendor\\laravel\\framework\\src\\Illuminate\\Routing\\Router.php(612): Illuminate\\Routing\\Router->dispatchToRoute(Object(Illuminate\\Http\\Request))
#38 E:\\Projetos Desenvolvimento\\ProjetosPhpStorm\\ProjetosLaravel\
ightlife\\vendor\\laravel\\framework\\src\\Illuminate\\Foundation\\Http\\Kernel.php(176): Illuminate\\Routing\\Router->dispatch(Object(Illuminate\\Http\\Request))
#39 E:\\Projetos Desenvolvimento\\ProjetosPhpStorm\\ProjetosLaravel\
ightlife\\vendor\\laravel\\framework\\src\\Illuminate\\Routing\\Pipeline.php(30): Illuminate\\Foundation\\Http\\Kernel->Illuminate\\Foundation\\Http\\{closure}(Object(Illuminate\\Http\\Request))
#40 E:\\Projetos Desenvolvimento\\ProjetosPhpStorm\\ProjetosLaravel\
ightlife\\vendor\\fideloper\\proxy\\src\\TrustProxies.php(57): Illuminate\\Routing\\Pipeline->Illuminate\\Routing\\{closure}(Object(Illuminate\\Http\\Request))
#41 E:\\Projetos Desenvolvimento\\ProjetosPhpStorm\\ProjetosLaravel\
ightlife\\vendor\\laravel\\framework\\src\\Illuminate\\Pipeline\\Pipeline.php(163): Fideloper\\Proxy\\TrustProxies->handle(Object(Illuminate\\Http\\Request), Object(Closure))
#42 E:\\Projetos Desenvolvimento\\ProjetosPhpStorm\\ProjetosLaravel\
ightlife\\vendor\\laravel\\framework\\src\\Illuminate\\Routing\\Pipeline.php(53): Illuminate\\Pipeline\\Pipeline->Illuminate\\Pipeline\\{closure}(Object(Illuminate\\Http\\Request))
#43 E:\\Projetos Desenvolvimento\\ProjetosPhpStorm\\ProjetosLaravel\
ightlife\\vendor\\laravel\\framework\\src\\Illuminate\\Foundation\\Http\\Middleware\\TransformsRequest.php(21): Illuminate\\Routing\\Pipeline->Illuminate\\Routing\\{closure}(Object(Illuminate\\Http\\Request))
#44 E:\\Projetos Desenvolvimento\\ProjetosPhpStorm\\ProjetosLaravel\
ightlife\\vendor\\laravel\\framework\\src\\Illuminate\\Pipeline\\Pipeline.php(163): Illuminate\\Foundation\\Http\\Middleware\\TransformsRequest->handle(Object(Illuminate\\Http\\Request), Object(Closure))
#45 E:\\Projetos Desenvolvimento\\ProjetosPhpStorm\\ProjetosLaravel\
ightlife\\vendor\\laravel\\framework\\src\\Illuminate\\Routing\\Pipeline.php(53): Illuminate\\Pipeline\\Pipeline->Illuminate\\Pipeline\\{closure}(Object(Illuminate\\Http\\Request))
#46 E:\\Projetos Desenvolvimento\\ProjetosPhpStorm\\ProjetosLaravel\
ightlife\\vendor\\laravel\\framework\\src\\Illuminate\\Foundation\\Http\\Middleware\\TransformsRequest.php(21): Illuminate\\Routing\\Pipeline->Illuminate\\Routing\\{closure}(Object(Illuminate\\Http\\Request))
#47 E:\\Projetos Desenvolvimento\\ProjetosPhpStorm\\ProjetosLaravel\
ightlife\\vendor\\laravel\\framework\\src\\Illuminate\\Pipeline\\Pipeline.php(163): Illuminate\\Foundation\\Http\\Middleware\\TransformsRequest->handle(Object(Illuminate\\Http\\Request), Object(Closure))
#48 E:\\Projetos Desenvolvimento\\ProjetosPhpStorm\\ProjetosLaravel\
ightlife\\vendor\\laravel\\framework\\src\\Illuminate\\Routing\\Pipeline.php(53): Illuminate\\Pipeline\\Pipeline->Illuminate\\Pipeline\\{closure}(Object(Illuminate\\Http\\Request))
#49 E:\\Projetos Desenvolvimento\\ProjetosPhpStorm\\ProjetosLaravel\
ightlife\\vendor\\laravel\\framework\\src\\Illuminate\\Foundation\\Http\\Middleware\\ValidatePostSize.php(27): Illuminate\\Routing\\Pipeline->Illuminate\\Routing\\{closure}(Object(Illuminate\\Http\\Request))
#50 E:\\Projetos Desenvolvimento\\ProjetosPhpStorm\\ProjetosLaravel\
ightlife\\vendor\\laravel\\framework\\src\\Illuminate\\Pipeline\\Pipeline.php(163): Illuminate\\Foundation\\Http\\Middleware\\ValidatePostSize->handle(Object(Illuminate\\Http\\Request), Object(Closure))
#51 E:\\Projetos Desenvolvimento\\ProjetosPhpStorm\\ProjetosLaravel\
ightlife\\vendor\\laravel\\framework\\src\\Illuminate\\Routing\\Pipeline.php(53): Illuminate\\Pipeline\\Pipeline->Illuminate\\Pipeline\\{closure}(Object(Illuminate\\Http\\Request))
#52 E:\\Projetos Desenvolvimento\\ProjetosPhpStorm\\ProjetosLaravel\
ightlife\\vendor\\laravel\\framework\\src\\Illuminate\\Foundation\\Http\\Middleware\\CheckForMaintenanceMode.php(62): Illuminate\\Routing\\Pipeline->Illuminate\\Routing\\{closure}(Object(Illuminate\\Http\\Request))
#53 E:\\Projetos Desenvolvimento\\ProjetosPhpStorm\\ProjetosLaravel\
ightlife\\vendor\\laravel\\framework\\src\\Illuminate\\Pipeline\\Pipeline.php(163): Illuminate\\Foundation\\Http\\Middleware\\CheckForMaintenanceMode->handle(Object(Illuminate\\Http\\Request), Object(Closure))
#54 E:\\Projetos Desenvolvimento\\ProjetosPhpStorm\\ProjetosLaravel\
ightlife\\vendor\\laravel\\framework\\src\\Illuminate\\Routing\\Pipeline.php(53): Illuminate\\Pipeline\\Pipeline->Illuminate\\Pipeline\\{closure}(Object(Illuminate\\Http\\Request))
#55 E:\\Projetos Desenvolvimento\\ProjetosPhpStorm\\ProjetosLaravel\
ightlife\\vendor\\laravel\\framework\\src\\Illuminate\\Pipeline\\Pipeline.php(104): Illuminate\\Routing\\Pipeline->Illuminate\\Routing\\{closure}(Object(Illuminate\\Http\\Request))
#56 E:\\Projetos Desenvolvimento\\ProjetosPhpStorm\\ProjetosLaravel\
ightlife\\vendor\\laravel\\framework\\src\\Illuminate\\Foundation\\Http\\Kernel.php(151): Illuminate\\Pipeline\\Pipeline->then(Object(Closure))
#57 E:\\Projetos Desenvolvimento\\ProjetosPhpStorm\\ProjetosLaravel\
ightlife\\vendor\\laravel\\framework\\src\\Illuminate\\Foundation\\Http\\Kernel.php(116): Illuminate\\Foundation\\Http\\Kernel->sendRequestThroughRouter(Object(Illuminate\\Http\\Request))
#58 E:\\Projetos Desenvolvimento\\ProjetosPhpStorm\\ProjetosLaravel\
ightlife\\public\\index.php(55): Illuminate\\Foundation\\Http\\Kernel->handle(Object(Illuminate\\Http\\Request))
#59 {main}
"} 
[2020-02-17 23:59:05] local.ERROR: include(E:\Projetos Desenvolvimento\ProjetosPhpStorm\ProjetosLaravel\nightlife): failed to open stream: Permission denied {"userId":1,"exception":"[object] (ErrorException(code: 0): include(E:\\Projetos Desenvolvimento\\ProjetosPhpStorm\\ProjetosLaravel\
ightlife): failed to open stream: Permission denied at E:\\Projetos Desenvolvimento\\ProjetosPhpStorm\\ProjetosLaravel\
ightlife\\vendor\\composer\\ClassLoader.php:444)
[stacktrace]
#0 E:\\Projetos Desenvolvimento\\ProjetosPhpStorm\\ProjetosLaravel\
ightlife\\vendor\\composer\\ClassLoader.php(444): Illuminate\\Foundation\\Bootstrap\\HandleExceptions->handleError(2, 'include(E:\\\\Proj...', 'E:\\\\Projetos Des...', 444, Array)
#1 E:\\Projetos Desenvolvimento\\ProjetosPhpStorm\\ProjetosLaravel\
ightlife\\vendor\\composer\\ClassLoader.php(444): include()
#2 E:\\Projetos Desenvolvimento\\ProjetosPhpStorm\\ProjetosLaravel\
ightlife\\vendor\\composer\\ClassLoader.php(322): Composer\\Autoload\\includeFile('E:\\\\Projetos Des...')
#3 [internal function]: Composer\\Autoload\\ClassLoader->loadClass('App\\\\Models\\\\Site...')
#4 E:\\Projetos Desenvolvimento\\ProjetosPhpStorm\\ProjetosLaravel\
ightlife\\app\\Http\\Controllers\\Admin\\EstablishmentController.php(53): spl_autoload_call('App\\\\Models\\\\Site...')
#5 [internal function]: App\\Http\\Controllers\\Admin\\EstablishmentController->create(Object(Illuminate\\Http\\Request))
#6 E:\\Projetos Desenvolvimento\\ProjetosPhpStorm\\ProjetosLaravel\
ightlife\\vendor\\laravel\\framework\\src\\Illuminate\\Routing\\Controller.php(54): call_user_func_array(Array, Array)
#7 E:\\Projetos Desenvolvimento\\ProjetosPhpStorm\\ProjetosLaravel\
ightlife\\vendor\\laravel\\framework\\src\\Illuminate\\Routing\\ControllerDispatcher.php(45): Illuminate\\Routing\\Controller->callAction('create', Array)
#8 E:\\Projetos Desenvolvimento\\ProjetosPhpStorm\\ProjetosLaravel\
ightlife\\vendor\\laravel\\framework\\src\\Illuminate\\Routing\\Route.php(219): Illuminate\\Routing\\ControllerDispatcher->dispatch(Object(Illuminate\\Routing\\Route), Object(App\\Http\\Controllers\\Admin\\EstablishmentController), 'create')
#9 E:\\Projetos Desenvolvimento\\ProjetosPhpStorm\\ProjetosLaravel\
ightlife\\vendor\\laravel\\framework\\src\\Illuminate\\Routing\\Route.php(176): Illuminate\\Routing\\Route->runController()
#10 E:\\Projetos Desenvolvimento\\ProjetosPhpStorm\\ProjetosLaravel\
ightlife\\vendor\\laravel\\framework\\src\\Illuminate\\Routing\\Router.php(680): Illuminate\\Routing\\Route->run()
#11 E:\\Projetos Desenvolvimento\\ProjetosPhpStorm\\ProjetosLaravel\
ightlife\\vendor\\laravel\\framework\\src\\Illuminate\\Routing\\Pipeline.php(30): Illuminate\\Routing\\Router->Illuminate\\Routing\\{closure}(Object(Illuminate\\Http\\Request))
#12 E:\\Projetos Desenvolvimento\\ProjetosPhpStorm\\ProjetosLaravel\
ightlife\\vendor\\laravel\\framework\\src\\Illuminate\\Routing\\Middleware\\SubstituteBindings.php(41): Illuminate\\Routing\\Pipeline->Illuminate\\Routing\\{closure}(Object(Illuminate\\Http\\Request))
#13 E:\\Projetos Desenvolvimento\\ProjetosPhpStorm\\ProjetosLaravel\
ightlife\\vendor\\laravel\\framework\\src\\Illuminate\\Pipeline\\Pipeline.php(163): Illuminate\\Routing\\Middleware\\SubstituteBindings->handle(Object(Illuminate\\Http\\Request), Object(Closure))
#14 E:\\Projetos Desenvolvimento\\ProjetosPhpStorm\\ProjetosLaravel\
ightlife\\vendor\\laravel\\framework\\src\\Illuminate\\Routing\\Pipeline.php(53): Illuminate\\Pipeline\\Pipeline->Illuminate\\Pipeline\\{closure}(Object(Illuminate\\Http\\Request))
#15 E:\\Projetos Desenvolvimento\\ProjetosPhpStorm\\ProjetosLaravel\
ightlife\\vendor\\laravel\\framework\\src\\Illuminate\\Auth\\Middleware\\Authenticate.php(43): Illuminate\\Routing\\Pipeline->Illuminate\\Routing\\{closure}(Object(Illuminate\\Http\\Request))
#16 E:\\Projetos Desenvolvimento\\ProjetosPhpStorm\\ProjetosLaravel\
ightlife\\vendor\\laravel\\framework\\src\\Illuminate\\Pipeline\\Pipeline.php(163): Illuminate\\Auth\\Middleware\\Authenticate->handle(Object(Illuminate\\Http\\Request), Object(Closure))
#17 E:\\Projetos Desenvolvimento\\ProjetosPhpStorm\\ProjetosLaravel\
ightlife\\vendor\\laravel\\framework\\src\\Illuminate\\Routing\\Pipeline.php(53): Illuminate\\Pipeline\\Pipeline->Illuminate\\Pipeline\\{closure}(Object(Illuminate\\Http\\Request))
#18 E:\\Projetos Desenvolvimento\\ProjetosPhpStorm\\ProjetosLaravel\
ightlife\\vendor\\laravel\\framework\\src\\Illuminate\\Foundation\\Http\\Middleware\\VerifyCsrfToken.php(75): Illuminate\\Routing\\Pipeline->Illuminate\\Routing\\{closure}(Object(Illuminate\\Http\\Request))
#19 E:\\Projetos Desenvolvimento\\ProjetosPhpStorm\\ProjetosLaravel\
ightlife\\vendor\\laravel\\framework\\src\\Illuminate\\Pipeline\\Pipeline.php(163): Illuminate\\Foundation\\Http\\Middleware\\VerifyCsrfToken->handle(Object(Illuminate\\Http\\Request), Object(Closure))
#20 E:\\Projetos Desenvolvimento\\ProjetosPhpStorm\\ProjetosLaravel\
ightlife\\vendor\\laravel\\framework\\src\\Illuminate\\Routing\\Pipeline.php(53): Illuminate\\Pipeline\\Pipeline->Illuminate\\Pipeline\\{closure}(Object(Illuminate\\Http\\Request))
#21 E:\\Projetos Desenvolvimento\\ProjetosPhpStorm\\ProjetosLaravel\
ightlife\\vendor\\laravel\\framework\\src\\Illuminate\\View\\Middleware\\ShareErrorsFromSession.php(49): Illuminate\\Routing\\Pipeline->Illuminate\\Routing\\{closure}(Object(Illuminate\\Http\\Request))
#22 E:\\Projetos Desenvolvimento\\ProjetosPhpStorm\\ProjetosLaravel\
ightlife\\vendor\\laravel\\framework\\src\\Illuminate\\Pipeline\\Pipeline.php(163): Illuminate\\View\\Middleware\\ShareErrorsFromSession->handle(Object(Illuminate\\Http\\Request), Object(Closure))
#23 E:\\Projetos Desenvolvimento\\ProjetosPhpStorm\\ProjetosLaravel\
ightlife\\vendor\\laravel\\framework\\src\\Illuminate\\Routing\\Pipeline.php(53): Illuminate\\Pipeline\\Pipeline->Illuminate\\Pipeline\\{closure}(Object(Illuminate\\Http\\Request))
#24 E:\\Projetos Desenvolvimento\\ProjetosPhpStorm\\ProjetosLaravel\
ightlife\\vendor\\laravel\\framework\\src\\Illuminate\\Session\\Middleware\\StartSession.php(56): Illuminate\\Routing\\Pipeline->Illuminate\\Routing\\{closure}(Object(Illuminate\\Http\\Request))
#25 E:\\Projetos Desenvolvimento\\ProjetosPhpStorm\\ProjetosLaravel\
ightlife\\vendor\\laravel\\framework\\src\\Illuminate\\Pipeline\\Pipeline.php(163): Illuminate\\Session\\Middleware\\StartSession->handle(Object(Illuminate\\Http\\Request), Object(Closure))
#26 E:\\Projetos Desenvolvimento\\ProjetosPhpStorm\\ProjetosLaravel\
ightlife\\vendor\\laravel\\framework\\src\\Illuminate\\Routing\\Pipeline.php(53): Illuminate\\Pipeline\\Pipeline->Illuminate\\Pipeline\\{closure}(Object(Illuminate\\Http\\Request))
#27 E:\\Projetos Desenvolvimento\\ProjetosPhpStorm\\ProjetosLaravel\
ightlife\\vendor\\laravel\\framework\\src\\Illuminate\\Cookie\\Middleware\\AddQueuedCookiesToResponse.php(37): Illuminate\\Routing\\Pipeline->Illuminate\\Routing\\{closure}(Object(Illuminate\\Http\\Request))
#28 E:\\Projetos Desenvolvimento\\ProjetosPhpStorm\\ProjetosLaravel\
ightlife\\vendor\\laravel\\framework\\src\\Illuminate\\Pipeline\\Pipeline.php(163): Illuminate\\Cookie\\Middleware\\AddQueuedCookiesToResponse->handle(Object(Illuminate\\Http\\Request), Object(Closure))
#29 E:\\Projetos Desenvolvimento\\ProjetosPhpStorm\\ProjetosLaravel\
ightlife\\vendor\\laravel\\framework\\src\\Illuminate\\Routing\\Pipeline.php(53): Illuminate\\Pipeline\\Pipeline->Illuminate\\Pipeline\\{closure}(Object(Illuminate\\Http\\Request))
#30 E:\\Projetos Desenvolvimento\\ProjetosPhpStorm\\ProjetosLaravel\
ightlife\\vendor\\laravel\\framework\\src\\Illuminate\\Cookie\\Middleware\\EncryptCookies.php(66): Illuminate\\Routing\\Pipeline->Illuminate\\Routing\\{closure}(Object(Illuminate\\Http\\Request))
#31 E:\\Projetos Desenvolvimento\\ProjetosPhpStorm\\ProjetosLaravel\
ightlife\\vendor\\laravel\\framework\\src\\Illuminate\\Pipeline\\Pipeline.php(163): Illuminate\\Cookie\\Middleware\\EncryptCookies->handle(Object(Illuminate\\Http\\Request), Object(Closure))
#32 E:\\Projetos Desenvolvimento\\ProjetosPhpStorm\\ProjetosLaravel\
ightlife\\vendor\\laravel\\framework\\src\\Illuminate\\Routing\\Pipeline.php(53): Illuminate\\Pipeline\\Pipeline->Illuminate\\Pipeline\\{closure}(Object(Illuminate\\Http\\Request))
#33 E:\\Projetos Desenvolvimento\\ProjetosPhpStorm\\ProjetosLaravel\
ightlife\\vendor\\laravel\\framework\\src\\Illuminate\\Pipeline\\Pipeline.php(104): Illuminate\\Routing\\Pipeline->Illuminate\\Routing\\{closure}(Object(Illuminate\\Http\\Request))
#34 E:\\Projetos Desenvolvimento\\ProjetosPhpStorm\\ProjetosLaravel\
ightlife\\vendor\\laravel\\framework\\src\\Illuminate\\Routing\\Router.php(682): Illuminate\\Pipeline\\Pipeline->then(Object(Closure))
#35 E:\\Projetos Desenvolvimento\\ProjetosPhpStorm\\ProjetosLaravel\
ightlife\\vendor\\laravel\\framework\\src\\Illuminate\\Routing\\Router.php(657): Illuminate\\Routing\\Router->runRouteWithinStack(Object(Illuminate\\Routing\\Route), Object(Illuminate\\Http\\Request))
#36 E:\\Projetos Desenvolvimento\\ProjetosPhpStorm\\ProjetosLaravel\
ightlife\\vendor\\laravel\\framework\\src\\Illuminate\\Routing\\Router.php(623): Illuminate\\Routing\\Router->runRoute(Object(Illuminate\\Http\\Request), Object(Illuminate\\Routing\\Route))
#37 E:\\Projetos Desenvolvimento\\ProjetosPhpStorm\\ProjetosLaravel\
ightlife\\vendor\\laravel\\framework\\src\\Illuminate\\Routing\\Router.php(612): Illuminate\\Routing\\Router->dispatchToRoute(Object(Illuminate\\Http\\Request))
#38 E:\\Projetos Desenvolvimento\\ProjetosPhpStorm\\ProjetosLaravel\
ightlife\\vendor\\laravel\\framework\\src\\Illuminate\\Foundation\\Http\\Kernel.php(176): Illuminate\\Routing\\Router->dispatch(Object(Illuminate\\Http\\Request))
#39 E:\\Projetos Desenvolvimento\\ProjetosPhpStorm\\ProjetosLaravel\
ightlife\\vendor\\laravel\\framework\\src\\Illuminate\\Routing\\Pipeline.php(30): Illuminate\\Foundation\\Http\\Kernel->Illuminate\\Foundation\\Http\\{closure}(Object(Illuminate\\Http\\Request))
#40 E:\\Projetos Desenvolvimento\\ProjetosPhpStorm\\ProjetosLaravel\
ightlife\\vendor\\fideloper\\proxy\\src\\TrustProxies.php(57): Illuminate\\Routing\\Pipeline->Illuminate\\Routing\\{closure}(Object(Illuminate\\Http\\Request))
#41 E:\\Projetos Desenvolvimento\\ProjetosPhpStorm\\ProjetosLaravel\
ightlife\\vendor\\laravel\\framework\\src\\Illuminate\\Pipeline\\Pipeline.php(163): Fideloper\\Proxy\\TrustProxies->handle(Object(Illuminate\\Http\\Request), Object(Closure))
#42 E:\\Projetos Desenvolvimento\\ProjetosPhpStorm\\ProjetosLaravel\
ightlife\\vendor\\laravel\\framework\\src\\Illuminate\\Routing\\Pipeline.php(53): Illuminate\\Pipeline\\Pipeline->Illuminate\\Pipeline\\{closure}(Object(Illuminate\\Http\\Request))
#43 E:\\Projetos Desenvolvimento\\ProjetosPhpStorm\\ProjetosLaravel\
ightlife\\vendor\\laravel\\framework\\src\\Illuminate\\Foundation\\Http\\Middleware\\TransformsRequest.php(21): Illuminate\\Routing\\Pipeline->Illuminate\\Routing\\{closure}(Object(Illuminate\\Http\\Request))
#44 E:\\Projetos Desenvolvimento\\ProjetosPhpStorm\\ProjetosLaravel\
ightlife\\vendor\\laravel\\framework\\src\\Illuminate\\Pipeline\\Pipeline.php(163): Illuminate\\Foundation\\Http\\Middleware\\TransformsRequest->handle(Object(Illuminate\\Http\\Request), Object(Closure))
#45 E:\\Projetos Desenvolvimento\\ProjetosPhpStorm\\ProjetosLaravel\
ightlife\\vendor\\laravel\\framework\\src\\Illuminate\\Routing\\Pipeline.php(53): Illuminate\\Pipeline\\Pipeline->Illuminate\\Pipeline\\{closure}(Object(Illuminate\\Http\\Request))
#46 E:\\Projetos Desenvolvimento\\ProjetosPhpStorm\\ProjetosLaravel\
ightlife\\vendor\\laravel\\framework\\src\\Illuminate\\Foundation\\Http\\Middleware\\TransformsRequest.php(21): Illuminate\\Routing\\Pipeline->Illuminate\\Routing\\{closure}(Object(Illuminate\\Http\\Request))
#47 E:\\Projetos Desenvolvimento\\ProjetosPhpStorm\\ProjetosLaravel\
ightlife\\vendor\\laravel\\framework\\src\\Illuminate\\Pipeline\\Pipeline.php(163): Illuminate\\Foundation\\Http\\Middleware\\TransformsRequest->handle(Object(Illuminate\\Http\\Request), Object(Closure))
#48 E:\\Projetos Desenvolvimento\\ProjetosPhpStorm\\ProjetosLaravel\
ightlife\\vendor\\laravel\\framework\\src\\Illuminate\\Routing\\Pipeline.php(53): Illuminate\\Pipeline\\Pipeline->Illuminate\\Pipeline\\{closure}(Object(Illuminate\\Http\\Request))
#49 E:\\Projetos Desenvolvimento\\ProjetosPhpStorm\\ProjetosLaravel\
ightlife\\vendor\\laravel\\framework\\src\\Illuminate\\Foundation\\Http\\Middleware\\ValidatePostSize.php(27): Illuminate\\Routing\\Pipeline->Illuminate\\Routing\\{closure}(Object(Illuminate\\Http\\Request))
#50 E:\\Projetos Desenvolvimento\\ProjetosPhpStorm\\ProjetosLaravel\
ightlife\\vendor\\laravel\\framework\\src\\Illuminate\\Pipeline\\Pipeline.php(163): Illuminate\\Foundation\\Http\\Middleware\\ValidatePostSize->handle(Object(Illuminate\\Http\\Request), Object(Closure))
#51 E:\\Projetos Desenvolvimento\\ProjetosPhpStorm\\ProjetosLaravel\
ightlife\\vendor\\laravel\\framework\\src\\Illuminate\\Routing\\Pipeline.php(53): Illuminate\\Pipeline\\Pipeline->Illuminate\\Pipeline\\{closure}(Object(Illuminate\\Http\\Request))
#52 E:\\Projetos Desenvolvimento\\ProjetosPhpStorm\\ProjetosLaravel\
ightlife\\vendor\\laravel\\framework\\src\\Illuminate\\Foundation\\Http\\Middleware\\CheckForMaintenanceMode.php(62): Illuminate\\Routing\\Pipeline->Illuminate\\Routing\\{closure}(Object(Illuminate\\Http\\Request))
#53 E:\\Projetos Desenvolvimento\\ProjetosPhpStorm\\ProjetosLaravel\
ightlife\\vendor\\laravel\\framework\\src\\Illuminate\\Pipeline\\Pipeline.php(163): Illuminate\\Foundation\\Http\\Middleware\\CheckForMaintenanceMode->handle(Object(Illuminate\\Http\\Request), Object(Closure))
#54 E:\\Projetos Desenvolvimento\\ProjetosPhpStorm\\ProjetosLaravel\
ightlife\\vendor\\laravel\\framework\\src\\Illuminate\\Routing\\Pipeline.php(53): Illuminate\\Pipeline\\Pipeline->Illuminate\\Pipeline\\{closure}(Object(Illuminate\\Http\\Request))
#55 E:\\Projetos Desenvolvimento\\ProjetosPhpStorm\\ProjetosLaravel\
ightlife\\vendor\\laravel\\framework\\src\\Illuminate\\Pipeline\\Pipeline.php(104): Illuminate\\Routing\\Pipeline->Illuminate\\Routing\\{closure}(Object(Illuminate\\Http\\Request))
#56 E:\\Projetos Desenvolvimento\\ProjetosPhpStorm\\ProjetosLaravel\
ightlife\\vendor\\laravel\\framework\\src\\Illuminate\\Foundation\\Http\\Kernel.php(151): Illuminate\\Pipeline\\Pipeline->then(Object(Closure))
#57 E:\\Projetos Desenvolvimento\\ProjetosPhpStorm\\ProjetosLaravel\
ightlife\\vendor\\laravel\\framework\\src\\Illuminate\\Foundation\\Http\\Kernel.php(116): Illuminate\\Foundation\\Http\\Kernel->sendRequestThroughRouter(Object(Illuminate\\Http\\Request))
#58 E:\\Projetos Desenvolvimento\\ProjetosPhpStorm\\ProjetosLaravel\
ightlife\\public\\index.php(55): Illuminate\\Foundation\\Http\\Kernel->handle(Object(Illuminate\\Http\\Request))
#59 {main}
"} 
[2020-02-17 23:59:28] local.ERROR: include(E:\Projetos Desenvolvimento\ProjetosPhpStorm\ProjetosLaravel\nightlife): failed to open stream: Permission denied {"userId":1,"exception":"[object] (ErrorException(code: 0): include(E:\\Projetos Desenvolvimento\\ProjetosPhpStorm\\ProjetosLaravel\
ightlife): failed to open stream: Permission denied at E:\\Projetos Desenvolvimento\\ProjetosPhpStorm\\ProjetosLaravel\
ightlife\\vendor\\composer\\ClassLoader.php:444)
[stacktrace]
#0 E:\\Projetos Desenvolvimento\\ProjetosPhpStorm\\ProjetosLaravel\
ightlife\\vendor\\composer\\ClassLoader.php(444): Illuminate\\Foundation\\Bootstrap\\HandleExceptions->handleError(2, 'include(E:\\\\Proj...', 'E:\\\\Projetos Des...', 444, Array)
#1 E:\\Projetos Desenvolvimento\\ProjetosPhpStorm\\ProjetosLaravel\
ightlife\\vendor\\composer\\ClassLoader.php(444): include()
#2 E:\\Projetos Desenvolvimento\\ProjetosPhpStorm\\ProjetosLaravel\
ightlife\\vendor\\composer\\ClassLoader.php(322): Composer\\Autoload\\includeFile('E:\\\\Projetos Des...')
#3 [internal function]: Composer\\Autoload\\ClassLoader->loadClass('App\\\\Models\\\\Site...')
#4 E:\\Projetos Desenvolvimento\\ProjetosPhpStorm\\ProjetosLaravel\
ightlife\\app\\Http\\Controllers\\Admin\\EstablishmentController.php(53): spl_autoload_call('App\\\\Models\\\\Site...')
#5 [internal function]: App\\Http\\Controllers\\Admin\\EstablishmentController->create(Object(Illuminate\\Http\\Request))
#6 E:\\Projetos Desenvolvimento\\ProjetosPhpStorm\\ProjetosLaravel\
ightlife\\vendor\\laravel\\framework\\src\\Illuminate\\Routing\\Controller.php(54): call_user_func_array(Array, Array)
#7 E:\\Projetos Desenvolvimento\\ProjetosPhpStorm\\ProjetosLaravel\
ightlife\\vendor\\laravel\\framework\\src\\Illuminate\\Routing\\ControllerDispatcher.php(45): Illuminate\\Routing\\Controller->callAction('create', Array)
#8 E:\\Projetos Desenvolvimento\\ProjetosPhpStorm\\ProjetosLaravel\
ightlife\\vendor\\laravel\\framework\\src\\Illuminate\\Routing\\Route.php(219): Illuminate\\Routing\\ControllerDispatcher->dispatch(Object(Illuminate\\Routing\\Route), Object(App\\Http\\Controllers\\Admin\\EstablishmentController), 'create')
#9 E:\\Projetos Desenvolvimento\\ProjetosPhpStorm\\ProjetosLaravel\
ightlife\\vendor\\laravel\\framework\\src\\Illuminate\\Routing\\Route.php(176): Illuminate\\Routing\\Route->runController()
#10 E:\\Projetos Desenvolvimento\\ProjetosPhpStorm\\ProjetosLaravel\
ightlife\\vendor\\laravel\\framework\\src\\Illuminate\\Routing\\Router.php(680): Illuminate\\Routing\\Route->run()
#11 E:\\Projetos Desenvolvimento\\ProjetosPhpStorm\\ProjetosLaravel\
ightlife\\vendor\\laravel\\framework\\src\\Illuminate\\Routing\\Pipeline.php(30): Illuminate\\Routing\\Router->Illuminate\\Routing\\{closure}(Object(Illuminate\\Http\\Request))
#12 E:\\Projetos Desenvolvimento\\ProjetosPhpStorm\\ProjetosLaravel\
ightlife\\vendor\\laravel\\framework\\src\\Illuminate\\Routing\\Middleware\\SubstituteBindings.php(41): Illuminate\\Routing\\Pipeline->Illuminate\\Routing\\{closure}(Object(Illuminate\\Http\\Request))
#13 E:\\Projetos Desenvolvimento\\ProjetosPhpStorm\\ProjetosLaravel\
ightlife\\vendor\\laravel\\framework\\src\\Illuminate\\Pipeline\\Pipeline.php(163): Illuminate\\Routing\\Middleware\\SubstituteBindings->handle(Object(Illuminate\\Http\\Request), Object(Closure))
#14 E:\\Projetos Desenvolvimento\\ProjetosPhpStorm\\ProjetosLaravel\
ightlife\\vendor\\laravel\\framework\\src\\Illuminate\\Routing\\Pipeline.php(53): Illuminate\\Pipeline\\Pipeline->Illuminate\\Pipeline\\{closure}(Object(Illuminate\\Http\\Request))
#15 E:\\Projetos Desenvolvimento\\ProjetosPhpStorm\\ProjetosLaravel\
ightlife\\vendor\\laravel\\framework\\src\\Illuminate\\Auth\\Middleware\\Authenticate.php(43): Illuminate\\Routing\\Pipeline->Illuminate\\Routing\\{closure}(Object(Illuminate\\Http\\Request))
#16 E:\\Projetos Desenvolvimento\\ProjetosPhpStorm\\ProjetosLaravel\
ightlife\\vendor\\laravel\\framework\\src\\Illuminate\\Pipeline\\Pipeline.php(163): Illuminate\\Auth\\Middleware\\Authenticate->handle(Object(Illuminate\\Http\\Request), Object(Closure))
#17 E:\\Projetos Desenvolvimento\\ProjetosPhpStorm\\ProjetosLaravel\
ightlife\\vendor\\laravel\\framework\\src\\Illuminate\\Routing\\Pipeline.php(53): Illuminate\\Pipeline\\Pipeline->Illuminate\\Pipeline\\{closure}(Object(Illuminate\\Http\\Request))
#18 E:\\Projetos Desenvolvimento\\ProjetosPhpStorm\\ProjetosLaravel\
ightlife\\vendor\\laravel\\framework\\src\\Illuminate\\Foundation\\Http\\Middleware\\VerifyCsrfToken.php(75): Illuminate\\Routing\\Pipeline->Illuminate\\Routing\\{closure}(Object(Illuminate\\Http\\Request))
#19 E:\\Projetos Desenvolvimento\\ProjetosPhpStorm\\ProjetosLaravel\
ightlife\\vendor\\laravel\\framework\\src\\Illuminate\\Pipeline\\Pipeline.php(163): Illuminate\\Foundation\\Http\\Middleware\\VerifyCsrfToken->handle(Object(Illuminate\\Http\\Request), Object(Closure))
#20 E:\\Projetos Desenvolvimento\\ProjetosPhpStorm\\ProjetosLaravel\
ightlife\\vendor\\laravel\\framework\\src\\Illuminate\\Routing\\Pipeline.php(53): Illuminate\\Pipeline\\Pipeline->Illuminate\\Pipeline\\{closure}(Object(Illuminate\\Http\\Request))
#21 E:\\Projetos Desenvolvimento\\ProjetosPhpStorm\\ProjetosLaravel\
ightlife\\vendor\\laravel\\framework\\src\\Illuminate\\View\\Middleware\\ShareErrorsFromSession.php(49): Illuminate\\Routing\\Pipeline->Illuminate\\Routing\\{closure}(Object(Illuminate\\Http\\Request))
#22 E:\\Projetos Desenvolvimento\\ProjetosPhpStorm\\ProjetosLaravel\
ightlife\\vendor\\laravel\\framework\\src\\Illuminate\\Pipeline\\Pipeline.php(163): Illuminate\\View\\Middleware\\ShareErrorsFromSession->handle(Object(Illuminate\\Http\\Request), Object(Closure))
#23 E:\\Projetos Desenvolvimento\\ProjetosPhpStorm\\ProjetosLaravel\
ightlife\\vendor\\laravel\\framework\\src\\Illuminate\\Routing\\Pipeline.php(53): Illuminate\\Pipeline\\Pipeline->Illuminate\\Pipeline\\{closure}(Object(Illuminate\\Http\\Request))
#24 E:\\Projetos Desenvolvimento\\ProjetosPhpStorm\\ProjetosLaravel\
ightlife\\vendor\\laravel\\framework\\src\\Illuminate\\Session\\Middleware\\StartSession.php(56): Illuminate\\Routing\\Pipeline->Illuminate\\Routing\\{closure}(Object(Illuminate\\Http\\Request))
#25 E:\\Projetos Desenvolvimento\\ProjetosPhpStorm\\ProjetosLaravel\
ightlife\\vendor\\laravel\\framework\\src\\Illuminate\\Pipeline\\Pipeline.php(163): Illuminate\\Session\\Middleware\\StartSession->handle(Object(Illuminate\\Http\\Request), Object(Closure))
#26 E:\\Projetos Desenvolvimento\\ProjetosPhpStorm\\ProjetosLaravel\
ightlife\\vendor\\laravel\\framework\\src\\Illuminate\\Routing\\Pipeline.php(53): Illuminate\\Pipeline\\Pipeline->Illuminate\\Pipeline\\{closure}(Object(Illuminate\\Http\\Request))
#27 E:\\Projetos Desenvolvimento\\ProjetosPhpStorm\\ProjetosLaravel\
ightlife\\vendor\\laravel\\framework\\src\\Illuminate\\Cookie\\Middleware\\AddQueuedCookiesToResponse.php(37): Illuminate\\Routing\\Pipeline->Illuminate\\Routing\\{closure}(Object(Illuminate\\Http\\Request))
#28 E:\\Projetos Desenvolvimento\\ProjetosPhpStorm\\ProjetosLaravel\
ightlife\\vendor\\laravel\\framework\\src\\Illuminate\\Pipeline\\Pipeline.php(163): Illuminate\\Cookie\\Middleware\\AddQueuedCookiesToResponse->handle(Object(Illuminate\\Http\\Request), Object(Closure))
#29 E:\\Projetos Desenvolvimento\\ProjetosPhpStorm\\ProjetosLaravel\
ightlife\\vendor\\laravel\\framework\\src\\Illuminate\\Routing\\Pipeline.php(53): Illuminate\\Pipeline\\Pipeline->Illuminate\\Pipeline\\{closure}(Object(Illuminate\\Http\\Request))
#30 E:\\Projetos Desenvolvimento\\ProjetosPhpStorm\\ProjetosLaravel\
ightlife\\vendor\\laravel\\framework\\src\\Illuminate\\Cookie\\Middleware\\EncryptCookies.php(66): Illuminate\\Routing\\Pipeline->Illuminate\\Routing\\{closure}(Object(Illuminate\\Http\\Request))
#31 E:\\Projetos Desenvolvimento\\ProjetosPhpStorm\\ProjetosLaravel\
ightlife\\vendor\\laravel\\framework\\src\\Illuminate\\Pipeline\\Pipeline.php(163): Illuminate\\Cookie\\Middleware\\EncryptCookies->handle(Object(Illuminate\\Http\\Request), Object(Closure))
#32 E:\\Projetos Desenvolvimento\\ProjetosPhpStorm\\ProjetosLaravel\
ightlife\\vendor\\laravel\\framework\\src\\Illuminate\\Routing\\Pipeline.php(53): Illuminate\\Pipeline\\Pipeline->Illuminate\\Pipeline\\{closure}(Object(Illuminate\\Http\\Request))
#33 E:\\Projetos Desenvolvimento\\ProjetosPhpStorm\\ProjetosLaravel\
ightlife\\vendor\\laravel\\framework\\src\\Illuminate\\Pipeline\\Pipeline.php(104): Illuminate\\Routing\\Pipeline->Illuminate\\Routing\\{closure}(Object(Illuminate\\Http\\Request))
#34 E:\\Projetos Desenvolvimento\\ProjetosPhpStorm\\ProjetosLaravel\
ightlife\\vendor\\laravel\\framework\\src\\Illuminate\\Routing\\Router.php(682): Illuminate\\Pipeline\\Pipeline->then(Object(Closure))
#35 E:\\Projetos Desenvolvimento\\ProjetosPhpStorm\\ProjetosLaravel\
ightlife\\vendor\\laravel\\framework\\src\\Illuminate\\Routing\\Router.php(657): Illuminate\\Routing\\Router->runRouteWithinStack(Object(Illuminate\\Routing\\Route), Object(Illuminate\\Http\\Request))
#36 E:\\Projetos Desenvolvimento\\ProjetosPhpStorm\\ProjetosLaravel\
ightlife\\vendor\\laravel\\framework\\src\\Illuminate\\Routing\\Router.php(623): Illuminate\\Routing\\Router->runRoute(Object(Illuminate\\Http\\Request), Object(Illuminate\\Routing\\Route))
#37 E:\\Projetos Desenvolvimento\\ProjetosPhpStorm\\ProjetosLaravel\
ightlife\\vendor\\laravel\\framework\\src\\Illuminate\\Routing\\Router.php(612): Illuminate\\Routing\\Router->dispatchToRoute(Object(Illuminate\\Http\\Request))
#38 E:\\Projetos Desenvolvimento\\ProjetosPhpStorm\\ProjetosLaravel\
ightlife\\vendor\\laravel\\framework\\src\\Illuminate\\Foundation\\Http\\Kernel.php(176): Illuminate\\Routing\\Router->dispatch(Object(Illuminate\\Http\\Request))
#39 E:\\Projetos Desenvolvimento\\ProjetosPhpStorm\\ProjetosLaravel\
ightlife\\vendor\\laravel\\framework\\src\\Illuminate\\Routing\\Pipeline.php(30): Illuminate\\Foundation\\Http\\Kernel->Illuminate\\Foundation\\Http\\{closure}(Object(Illuminate\\Http\\Request))
#40 E:\\Projetos Desenvolvimento\\ProjetosPhpStorm\\ProjetosLaravel\
ightlife\\vendor\\fideloper\\proxy\\src\\TrustProxies.php(57): Illuminate\\Routing\\Pipeline->Illuminate\\Routing\\{closure}(Object(Illuminate\\Http\\Request))
#41 E:\\Projetos Desenvolvimento\\ProjetosPhpStorm\\ProjetosLaravel\
ightlife\\vendor\\laravel\\framework\\src\\Illuminate\\Pipeline\\Pipeline.php(163): Fideloper\\Proxy\\TrustProxies->handle(Object(Illuminate\\Http\\Request), Object(Closure))
#42 E:\\Projetos Desenvolvimento\\ProjetosPhpStorm\\ProjetosLaravel\
ightlife\\vendor\\laravel\\framework\\src\\Illuminate\\Routing\\Pipeline.php(53): Illuminate\\Pipeline\\Pipeline->Illuminate\\Pipeline\\{closure}(Object(Illuminate\\Http\\Request))
#43 E:\\Projetos Desenvolvimento\\ProjetosPhpStorm\\ProjetosLaravel\
ightlife\\vendor\\laravel\\framework\\src\\Illuminate\\Foundation\\Http\\Middleware\\TransformsRequest.php(21): Illuminate\\Routing\\Pipeline->Illuminate\\Routing\\{closure}(Object(Illuminate\\Http\\Request))
#44 E:\\Projetos Desenvolvimento\\ProjetosPhpStorm\\ProjetosLaravel\
ightlife\\vendor\\laravel\\framework\\src\\Illuminate\\Pipeline\\Pipeline.php(163): Illuminate\\Foundation\\Http\\Middleware\\TransformsRequest->handle(Object(Illuminate\\Http\\Request), Object(Closure))
#45 E:\\Projetos Desenvolvimento\\ProjetosPhpStorm\\ProjetosLaravel\
ightlife\\vendor\\laravel\\framework\\src\\Illuminate\\Routing\\Pipeline.php(53): Illuminate\\Pipeline\\Pipeline->Illuminate\\Pipeline\\{closure}(Object(Illuminate\\Http\\Request))
#46 E:\\Projetos Desenvolvimento\\ProjetosPhpStorm\\ProjetosLaravel\
ightlife\\vendor\\laravel\\framework\\src\\Illuminate\\Foundation\\Http\\Middleware\\TransformsRequest.php(21): Illuminate\\Routing\\Pipeline->Illuminate\\Routing\\{closure}(Object(Illuminate\\Http\\Request))
#47 E:\\Projetos Desenvolvimento\\ProjetosPhpStorm\\ProjetosLaravel\
ightlife\\vendor\\laravel\\framework\\src\\Illuminate\\Pipeline\\Pipeline.php(163): Illuminate\\Foundation\\Http\\Middleware\\TransformsRequest->handle(Object(Illuminate\\Http\\Request), Object(Closure))
#48 E:\\Projetos Desenvolvimento\\ProjetosPhpStorm\\ProjetosLaravel\
ightlife\\vendor\\laravel\\framework\\src\\Illuminate\\Routing\\Pipeline.php(53): Illuminate\\Pipeline\\Pipeline->Illuminate\\Pipeline\\{closure}(Object(Illuminate\\Http\\Request))
#49 E:\\Projetos Desenvolvimento\\ProjetosPhpStorm\\ProjetosLaravel\
ightlife\\vendor\\laravel\\framework\\src\\Illuminate\\Foundation\\Http\\Middleware\\ValidatePostSize.php(27): Illuminate\\Routing\\Pipeline->Illuminate\\Routing\\{closure}(Object(Illuminate\\Http\\Request))
#50 E:\\Projetos Desenvolvimento\\ProjetosPhpStorm\\ProjetosLaravel\
ightlife\\vendor\\laravel\\framework\\src\\Illuminate\\Pipeline\\Pipeline.php(163): Illuminate\\Foundation\\Http\\Middleware\\ValidatePostSize->handle(Object(Illuminate\\Http\\Request), Object(Closure))
#51 E:\\Projetos Desenvolvimento\\ProjetosPhpStorm\\ProjetosLaravel\
ightlife\\vendor\\laravel\\framework\\src\\Illuminate\\Routing\\Pipeline.php(53): Illuminate\\Pipeline\\Pipeline->Illuminate\\Pipeline\\{closure}(Object(Illuminate\\Http\\Request))
#52 E:\\Projetos Desenvolvimento\\ProjetosPhpStorm\\ProjetosLaravel\
ightlife\\vendor\\laravel\\framework\\src\\Illuminate\\Foundation\\Http\\Middleware\\CheckForMaintenanceMode.php(62): Illuminate\\Routing\\Pipeline->Illuminate\\Routing\\{closure}(Object(Illuminate\\Http\\Request))
#53 E:\\Projetos Desenvolvimento\\ProjetosPhpStorm\\ProjetosLaravel\
ightlife\\vendor\\laravel\\framework\\src\\Illuminate\\Pipeline\\Pipeline.php(163): Illuminate\\Foundation\\Http\\Middleware\\CheckForMaintenanceMode->handle(Object(Illuminate\\Http\\Request), Object(Closure))
#54 E:\\Projetos Desenvolvimento\\ProjetosPhpStorm\\ProjetosLaravel\
ightlife\\vendor\\laravel\\framework\\src\\Illuminate\\Routing\\Pipeline.php(53): Illuminate\\Pipeline\\Pipeline->Illuminate\\Pipeline\\{closure}(Object(Illuminate\\Http\\Request))
#55 E:\\Projetos Desenvolvimento\\ProjetosPhpStorm\\ProjetosLaravel\
ightlife\\vendor\\laravel\\framework\\src\\Illuminate\\Pipeline\\Pipeline.php(104): Illuminate\\Routing\\Pipeline->Illuminate\\Routing\\{closure}(Object(Illuminate\\Http\\Request))
#56 E:\\Projetos Desenvolvimento\\ProjetosPhpStorm\\ProjetosLaravel\
ightlife\\vendor\\laravel\\framework\\src\\Illuminate\\Foundation\\Http\\Kernel.php(151): Illuminate\\Pipeline\\Pipeline->then(Object(Closure))
#57 E:\\Projetos Desenvolvimento\\ProjetosPhpStorm\\ProjetosLaravel\
ightlife\\vendor\\laravel\\framework\\src\\Illuminate\\Foundation\\Http\\Kernel.php(116): Illuminate\\Foundation\\Http\\Kernel->sendRequestThroughRouter(Object(Illuminate\\Http\\Request))
#58 E:\\Projetos Desenvolvimento\\ProjetosPhpStorm\\ProjetosLaravel\
ightlife\\public\\index.php(55): Illuminate\\Foundation\\Http\\Kernel->handle(Object(Illuminate\\Http\\Request))
#59 {main}
"} 
