[2020-02-20 00:02:27] local.ERROR: SQLSTATE[HY000] [2002] Nenhuma conexão pôde ser feita porque a máquina de destino as recusou ativamente.
 (SQL: select * from `user` where `email` = revolt_car@hotmail.com limit 1)  
[2020-02-20 00:04:22] local.ERROR: View [form.input.select2] not found. (View: E:\Projetos Desenvolvimento\ProjetosPhpStorm\ProjetosLaravel\nightlife\resources\views\admin\establishment\form.blade.php) {"userId":1,"exception":"[object] (ErrorException(code: 0): View [form.input.select2] not found. (View: E:\\Projetos Desenvolvimento\\ProjetosPhpStorm\\ProjetosLaravel\
ightlife\esources\\views\\admin\\establishment\\form.blade.php) at E:\\Projetos Desenvolvimento\\ProjetosPhpStorm\\ProjetosLaravel\
ightlife\\vendor\\laravel\\framework\\src\\Illuminate\\View\\FileViewFinder.php:137, InvalidArgumentException(code: 0): View [form.input.select2] not found. at E:\\Projetos Desenvolvimento\\ProjetosPhpStorm\\ProjetosLaravel\
ightlife\\vendor\\laravel\\framework\\src\\Illuminate\\View\\FileViewFinder.php:137)
[stacktrace]
#0 E:\\Projetos Desenvolvimento\\ProjetosPhpStorm\\ProjetosLaravel\
ightlife\\vendor\\laravel\\framework\\src\\Illuminate\\View\\Engines\\PhpEngine.php(45): Illuminate\\View\\Engines\\CompilerEngine->handleViewException(Object(InvalidArgumentException), 1)
#1 E:\\Projetos Desenvolvimento\\ProjetosPhpStorm\\ProjetosLaravel\
ightlife\\vendor\\laravel\\framework\\src\\Illuminate\\View\\Engines\\CompilerEngine.php(59): Illuminate\\View\\Engines\\PhpEngine->evaluatePath('E:\\\\Projetos Des...', Array)
#2 E:\\Projetos Desenvolvimento\\ProjetosPhpStorm\\ProjetosLaravel\
ightlife\\vendor\\laravel\\framework\\src\\Illuminate\\View\\View.php(142): Illuminate\\View\\Engines\\CompilerEngine->get('E:\\\\Projetos Des...', Array)
#3 E:\\Projetos Desenvolvimento\\ProjetosPhpStorm\\ProjetosLaravel\
ightlife\\vendor\\laravel\\framework\\src\\Illuminate\\View\\View.php(125): Illuminate\\View\\View->getContents()
#4 E:\\Projetos Desenvolvimento\\ProjetosPhpStorm\\ProjetosLaravel\
ightlife\\vendor\\laravel\\framework\\src\\Illuminate\\View\\View.php(90): Illuminate\\View\\View->renderContents()
#5 E:\\Projetos Desenvolvimento\\ProjetosPhpStorm\\ProjetosLaravel\
ightlife\\vendor\\laravel\\framework\\src\\Illuminate\\Http\\Response.php(42): Illuminate\\View\\View->render()
#6 E:\\Projetos Desenvolvimento\\ProjetosPhpStorm\\ProjetosLaravel\
ightlife\\vendor\\symfony\\http-foundation\\Response.php(202): Illuminate\\Http\\Response->setContent(Object(Illuminate\\View\\View))
#7 E:\\Projetos Desenvolvimento\\ProjetosPhpStorm\\ProjetosLaravel\
ightlife\\vendor\\laravel\\framework\\src\\Illuminate\\Routing\\Router.php(748): Symfony\\Component\\HttpFoundation\\Response->__construct(Object(Illuminate\\View\\View))
#8 E:\\Projetos Desenvolvimento\\ProjetosPhpStorm\\ProjetosLaravel\
ightlife\\vendor\\laravel\\framework\\src\\Illuminate\\Routing\\Router.php(720): Illuminate\\Routing\\Router::toResponse(Object(Illuminate\\Http\\Request), Object(Illuminate\\View\\View))
#9 E:\\Projetos Desenvolvimento\\ProjetosPhpStorm\\ProjetosLaravel\
ightlife\\vendor\\laravel\\framework\\src\\Illuminate\\Routing\\Router.php(680): Illuminate\\Routing\\Router->prepareResponse(Object(Illuminate\\Http\\Request), Object(Illuminate\\View\\View))
#10 E:\\Projetos Desenvolvimento\\ProjetosPhpStorm\\ProjetosLaravel\
ightlife\\vendor\\laravel\\framework\\src\\Illuminate\\Routing\\Pipeline.php(30): Illuminate\\Routing\\Router->Illuminate\\Routing\\{closure}(Object(Illuminate\\Http\\Request))
#11 E:\\Projetos Desenvolvimento\\ProjetosPhpStorm\\ProjetosLaravel\
ightlife\\vendor\\laravel\\framework\\src\\Illuminate\\Routing\\Middleware\\SubstituteBindings.php(41): Illuminate\\Routing\\Pipeline->Illuminate\\Routing\\{closure}(Object(Illuminate\\Http\\Request))
#12 E:\\Projetos Desenvolvimento\\ProjetosPhpStorm\\ProjetosLaravel\
ightlife\\vendor\\laravel\\framework\\src\\Illuminate\\Pipeline\\Pipeline.php(163): Illuminate\\Routing\\Middleware\\SubstituteBindings->handle(Object(Illuminate\\Http\\Request), Object(Closure))
#13 E:\\Projetos Desenvolvimento\\ProjetosPhpStorm\\ProjetosLaravel\
ightlife\\vendor\\laravel\\framework\\src\\Illuminate\\Routing\\Pipeline.php(53): Illuminate\\Pipeline\\Pipeline->Illuminate\\Pipeline\\{closure}(Object(Illuminate\\Http\\Request))
#14 E:\\Projetos Desenvolvimento\\ProjetosPhpStorm\\ProjetosLaravel\
ightlife\\vendor\\laravel\\framework\\src\\Illuminate\\Auth\\Middleware\\Authenticate.php(43): Illuminate\\Routing\\Pipeline->Illuminate\\Routing\\{closure}(Object(Illuminate\\Http\\Request))
#15 E:\\Projetos Desenvolvimento\\ProjetosPhpStorm\\ProjetosLaravel\
ightlife\\vendor\\laravel\\framework\\src\\Illuminate\\Pipeline\\Pipeline.php(163): Illuminate\\Auth\\Middleware\\Authenticate->handle(Object(Illuminate\\Http\\Request), Object(Closure))
#16 E:\\Projetos Desenvolvimento\\ProjetosPhpStorm\\ProjetosLaravel\
ightlife\\vendor\\laravel\\framework\\src\\Illuminate\\Routing\\Pipeline.php(53): Illuminate\\Pipeline\\Pipeline->Illuminate\\Pipeline\\{closure}(Object(Illuminate\\Http\\Request))
#17 E:\\Projetos Desenvolvimento\\ProjetosPhpStorm\\ProjetosLaravel\
ightlife\\vendor\\laravel\\framework\\src\\Illuminate\\Foundation\\Http\\Middleware\\VerifyCsrfToken.php(75): Illuminate\\Routing\\Pipeline->Illuminate\\Routing\\{closure}(Object(Illuminate\\Http\\Request))
#18 E:\\Projetos Desenvolvimento\\ProjetosPhpStorm\\ProjetosLaravel\
ightlife\\vendor\\laravel\\framework\\src\\Illuminate\\Pipeline\\Pipeline.php(163): Illuminate\\Foundation\\Http\\Middleware\\VerifyCsrfToken->handle(Object(Illuminate\\Http\\Request), Object(Closure))
#19 E:\\Projetos Desenvolvimento\\ProjetosPhpStorm\\ProjetosLaravel\
ightlife\\vendor\\laravel\\framework\\src\\Illuminate\\Routing\\Pipeline.php(53): Illuminate\\Pipeline\\Pipeline->Illuminate\\Pipeline\\{closure}(Object(Illuminate\\Http\\Request))
#20 E:\\Projetos Desenvolvimento\\ProjetosPhpStorm\\ProjetosLaravel\
ightlife\\vendor\\laravel\\framework\\src\\Illuminate\\View\\Middleware\\ShareErrorsFromSession.php(49): Illuminate\\Routing\\Pipeline->Illuminate\\Routing\\{closure}(Object(Illuminate\\Http\\Request))
#21 E:\\Projetos Desenvolvimento\\ProjetosPhpStorm\\ProjetosLaravel\
ightlife\\vendor\\laravel\\framework\\src\\Illuminate\\Pipeline\\Pipeline.php(163): Illuminate\\View\\Middleware\\ShareErrorsFromSession->handle(Object(Illuminate\\Http\\Request), Object(Closure))
#22 E:\\Projetos Desenvolvimento\\ProjetosPhpStorm\\ProjetosLaravel\
ightlife\\vendor\\laravel\\framework\\src\\Illuminate\\Routing\\Pipeline.php(53): Illuminate\\Pipeline\\Pipeline->Illuminate\\Pipeline\\{closure}(Object(Illuminate\\Http\\Request))
#23 E:\\Projetos Desenvolvimento\\ProjetosPhpStorm\\ProjetosLaravel\
ightlife\\vendor\\laravel\\framework\\src\\Illuminate\\Session\\Middleware\\StartSession.php(56): Illuminate\\Routing\\Pipeline->Illuminate\\Routing\\{closure}(Object(Illuminate\\Http\\Request))
#24 E:\\Projetos Desenvolvimento\\ProjetosPhpStorm\\ProjetosLaravel\
ightlife\\vendor\\laravel\\framework\\src\\Illuminate\\Pipeline\\Pipeline.php(163): Illuminate\\Session\\Middleware\\StartSession->handle(Object(Illuminate\\Http\\Request), Object(Closure))
#25 E:\\Projetos Desenvolvimento\\ProjetosPhpStorm\\ProjetosLaravel\
ightlife\\vendor\\laravel\\framework\\src\\Illuminate\\Routing\\Pipeline.php(53): Illuminate\\Pipeline\\Pipeline->Illuminate\\Pipeline\\{closure}(Object(Illuminate\\Http\\Request))
#26 E:\\Projetos Desenvolvimento\\ProjetosPhpStorm\\ProjetosLaravel\
ightlife\\vendor\\laravel\\framework\\src\\Illuminate\\Cookie\\Middleware\\AddQueuedCookiesToResponse.php(37): Illuminate\\Routing\\Pipeline->Illuminate\\Routing\\{closure}(Object(Illuminate\\Http\\Request))
#27 E:\\Projetos Desenvolvimento\\ProjetosPhpStorm\\ProjetosLaravel\
ightlife\\vendor\\laravel\\framework\\src\\Illuminate\\Pipeline\\Pipeline.php(163): Illuminate\\Cookie\\Middleware\\AddQueuedCookiesToResponse->handle(Object(Illuminate\\Http\\Request), Object(Closure))
#28 E:\\Projetos Desenvolvimento\\ProjetosPhpStorm\\ProjetosLaravel\
ightlife\\vendor\\laravel\\framework\\src\\Illuminate\\Routing\\Pipeline.php(53): Illuminate\\Pipeline\\Pipeline->Illuminate\\Pipeline\\{closure}(Object(Illuminate\\Http\\Request))
#29 E:\\Projetos Desenvolvimento\\ProjetosPhpStorm\\ProjetosLaravel\
ightlife\\vendor\\laravel\\framework\\src\\Illuminate\\Cookie\\Middleware\\EncryptCookies.php(66): Illuminate\\Routing\\Pipeline->Illuminate\\Routing\\{closure}(Object(Illuminate\\Http\\Request))
#30 E:\\Projetos Desenvolvimento\\ProjetosPhpStorm\\ProjetosLaravel\
ightlife\\vendor\\laravel\\framework\\src\\Illuminate\\Pipeline\\Pipeline.php(163): Illuminate\\Cookie\\Middleware\\EncryptCookies->handle(Object(Illuminate\\Http\\Request), Object(Closure))
#31 E:\\Projetos Desenvolvimento\\ProjetosPhpStorm\\ProjetosLaravel\
ightlife\\vendor\\laravel\\framework\\src\\Illuminate\\Routing\\Pipeline.php(53): Illuminate\\Pipeline\\Pipeline->Illuminate\\Pipeline\\{closure}(Object(Illuminate\\Http\\Request))
#32 E:\\Projetos Desenvolvimento\\ProjetosPhpStorm\\ProjetosLaravel\
ightlife\\vendor\\laravel\\framework\\src\\Illuminate\\Pipeline\\Pipeline.php(104): Illuminate\\Routing\\Pipeline->Illuminate\\Routing\\{closure}(Object(Illuminate\\Http\\Request))
#33 E:\\Projetos Desenvolvimento\\ProjetosPhpStorm\\ProjetosLaravel\
ightlife\\vendor\\laravel\\framework\\src\\Illuminate\\Routing\\Router.php(682): Illuminate\\Pipeline\\Pipeline->then(Object(Closure))
#34 E:\\Projetos Desenvolvimento\\ProjetosPhpStorm\\ProjetosLaravel\
ightlife\\vendor\\laravel\\framework\\src\\Illuminate\\Routing\\Router.php(657): Illuminate\\Routing\\Router->runRouteWithinStack(Object(Illuminate\\Routing\\Route), Object(Illuminate\\Http\\Request))
#35 E:\\Projetos Desenvolvimento\\ProjetosPhpStorm\\ProjetosLaravel\
ightlife\\vendor\\laravel\\framework\\src\\Illuminate\\Routing\\Router.php(623): Illuminate\\Routing\\Router->runRoute(Object(Illuminate\\Http\\Request), Object(Illuminate\\Routing\\Route))
#36 E:\\Projetos Desenvolvimento\\ProjetosPhpStorm\\ProjetosLaravel\
ightlife\\vendor\\laravel\\framework\\src\\Illuminate\\Routing\\Router.php(612): Illuminate\\Routing\\Router->dispatchToRoute(Object(Illuminate\\Http\\Request))
#37 E:\\Projetos Desenvolvimento\\ProjetosPhpStorm\\ProjetosLaravel\
ightlife\\vendor\\laravel\\framework\\src\\Illuminate\\Foundation\\Http\\Kernel.php(176): Illuminate\\Routing\\Router->dispatch(Object(Illuminate\\Http\\Request))
#38 E:\\Projetos Desenvolvimento\\ProjetosPhpStorm\\ProjetosLaravel\
ightlife\\vendor\\laravel\\framework\\src\\Illuminate\\Routing\\Pipeline.php(30): Illuminate\\Foundation\\Http\\Kernel->Illuminate\\Foundation\\Http\\{closure}(Object(Illuminate\\Http\\Request))
#39 E:\\Projetos Desenvolvimento\\ProjetosPhpStorm\\ProjetosLaravel\
ightlife\\vendor\\fideloper\\proxy\\src\\TrustProxies.php(57): Illuminate\\Routing\\Pipeline->Illuminate\\Routing\\{closure}(Object(Illuminate\\Http\\Request))
#40 E:\\Projetos Desenvolvimento\\ProjetosPhpStorm\\ProjetosLaravel\
ightlife\\vendor\\laravel\\framework\\src\\Illuminate\\Pipeline\\Pipeline.php(163): Fideloper\\Proxy\\TrustProxies->handle(Object(Illuminate\\Http\\Request), Object(Closure))
#41 E:\\Projetos Desenvolvimento\\ProjetosPhpStorm\\ProjetosLaravel\
ightlife\\vendor\\laravel\\framework\\src\\Illuminate\\Routing\\Pipeline.php(53): Illuminate\\Pipeline\\Pipeline->Illuminate\\Pipeline\\{closure}(Object(Illuminate\\Http\\Request))
#42 E:\\Projetos Desenvolvimento\\ProjetosPhpStorm\\ProjetosLaravel\
ightlife\\vendor\\laravel\\framework\\src\\Illuminate\\Foundation\\Http\\Middleware\\TransformsRequest.php(21): Illuminate\\Routing\\Pipeline->Illuminate\\Routing\\{closure}(Object(Illuminate\\Http\\Request))
#43 E:\\Projetos Desenvolvimento\\ProjetosPhpStorm\\ProjetosLaravel\
ightlife\\vendor\\laravel\\framework\\src\\Illuminate\\Pipeline\\Pipeline.php(163): Illuminate\\Foundation\\Http\\Middleware\\TransformsRequest->handle(Object(Illuminate\\Http\\Request), Object(Closure))
#44 E:\\Projetos Desenvolvimento\\ProjetosPhpStorm\\ProjetosLaravel\
ightlife\\vendor\\laravel\\framework\\src\\Illuminate\\Routing\\Pipeline.php(53): Illuminate\\Pipeline\\Pipeline->Illuminate\\Pipeline\\{closure}(Object(Illuminate\\Http\\Request))
#45 E:\\Projetos Desenvolvimento\\ProjetosPhpStorm\\ProjetosLaravel\
ightlife\\vendor\\laravel\\framework\\src\\Illuminate\\Foundation\\Http\\Middleware\\TransformsRequest.php(21): Illuminate\\Routing\\Pipeline->Illuminate\\Routing\\{closure}(Object(Illuminate\\Http\\Request))
#46 E:\\Projetos Desenvolvimento\\ProjetosPhpStorm\\ProjetosLaravel\
ightlife\\vendor\\laravel\\framework\\src\\Illuminate\\Pipeline\\Pipeline.php(163): Illuminate\\Foundation\\Http\\Middleware\\TransformsRequest->handle(Object(Illuminate\\Http\\Request), Object(Closure))
#47 E:\\Projetos Desenvolvimento\\ProjetosPhpStorm\\ProjetosLaravel\
ightlife\\vendor\\laravel\\framework\\src\\Illuminate\\Routing\\Pipeline.php(53): Illuminate\\Pipeline\\Pipeline->Illuminate\\Pipeline\\{closure}(Object(Illuminate\\Http\\Request))
#48 E:\\Projetos Desenvolvimento\\ProjetosPhpStorm\\ProjetosLaravel\
ightlife\\vendor\\laravel\\framework\\src\\Illuminate\\Foundation\\Http\\Middleware\\ValidatePostSize.php(27): Illuminate\\Routing\\Pipeline->Illuminate\\Routing\\{closure}(Object(Illuminate\\Http\\Request))
#49 E:\\Projetos Desenvolvimento\\ProjetosPhpStorm\\ProjetosLaravel\
ightlife\\vendor\\laravel\\framework\\src\\Illuminate\\Pipeline\\Pipeline.php(163): Illuminate\\Foundation\\Http\\Middleware\\ValidatePostSize->handle(Object(Illuminate\\Http\\Request), Object(Closure))
#50 E:\\Projetos Desenvolvimento\\ProjetosPhpStorm\\ProjetosLaravel\
ightlife\\vendor\\laravel\\framework\\src\\Illuminate\\Routing\\Pipeline.php(53): Illuminate\\Pipeline\\Pipeline->Illuminate\\Pipeline\\{closure}(Object(Illuminate\\Http\\Request))
#51 E:\\Projetos Desenvolvimento\\ProjetosPhpStorm\\ProjetosLaravel\
ightlife\\vendor\\laravel\\framework\\src\\Illuminate\\Foundation\\Http\\Middleware\\CheckForMaintenanceMode.php(62): Illuminate\\Routing\\Pipeline->Illuminate\\Routing\\{closure}(Object(Illuminate\\Http\\Request))
#52 E:\\Projetos Desenvolvimento\\ProjetosPhpStorm\\ProjetosLaravel\
ightlife\\vendor\\laravel\\framework\\src\\Illuminate\\Pipeline\\Pipeline.php(163): Illuminate\\Foundation\\Http\\Middleware\\CheckForMaintenanceMode->handle(Object(Illuminate\\Http\\Request), Object(Closure))
#53 E:\\Projetos Desenvolvimento\\ProjetosPhpStorm\\ProjetosLaravel\
ightlife\\vendor\\laravel\\framework\\src\\Illuminate\\Routing\\Pipeline.php(53): Illuminate\\Pipeline\\Pipeline->Illuminate\\Pipeline\\{closure}(Object(Illuminate\\Http\\Request))
#54 E:\\Projetos Desenvolvimento\\ProjetosPhpStorm\\ProjetosLaravel\
ightlife\\vendor\\laravel\\framework\\src\\Illuminate\\Pipeline\\Pipeline.php(104): Illuminate\\Routing\\Pipeline->Illuminate\\Routing\\{closure}(Object(Illuminate\\Http\\Request))
#55 E:\\Projetos Desenvolvimento\\ProjetosPhpStorm\\ProjetosLaravel\
ightlife\\vendor\\laravel\\framework\\src\\Illuminate\\Foundation\\Http\\Kernel.php(151): Illuminate\\Pipeline\\Pipeline->then(Object(Closure))
#56 E:\\Projetos Desenvolvimento\\ProjetosPhpStorm\\ProjetosLaravel\
ightlife\\vendor\\laravel\\framework\\src\\Illuminate\\Foundation\\Http\\Kernel.php(116): Illuminate\\Foundation\\Http\\Kernel->sendRequestThroughRouter(Object(Illuminate\\Http\\Request))
#57 E:\\Projetos Desenvolvimento\\ProjetosPhpStorm\\ProjetosLaravel\
ightlife\\public\\index.php(55): Illuminate\\Foundation\\Http\\Kernel->handle(Object(Illuminate\\Http\\Request))
#58 {main}
"} 
[2020-02-20 00:04:49] local.ERROR: Undefined variable: cities (View: E:\Projetos Desenvolvimento\ProjetosPhpStorm\ProjetosLaravel\nightlife\resources\views\admin\establishment\form.blade.php) {"userId":1,"exception":"[object] (ErrorException(code: 0): Undefined variable: cities (View: E:\\Projetos Desenvolvimento\\ProjetosPhpStorm\\ProjetosLaravel\
ightlife\esources\\views\\admin\\establishment\\form.blade.php) at E:\\Projetos Desenvolvimento\\ProjetosPhpStorm\\ProjetosLaravel\
ightlife\\storage\\framework\\views\\a4a64a92b39a705d70c6be89888055b2ce23b52b.php:41, ErrorException(code: 0): Undefined variable: cities at E:\\Projetos Desenvolvimento\\ProjetosPhpStorm\\ProjetosLaravel\
ightlife\\storage\\framework\\views\\a4a64a92b39a705d70c6be89888055b2ce23b52b.php:41)
[stacktrace]
#0 E:\\Projetos Desenvolvimento\\ProjetosPhpStorm\\ProjetosLaravel\
ightlife\\vendor\\laravel\\framework\\src\\Illuminate\\View\\Engines\\PhpEngine.php(45): Illuminate\\View\\Engines\\CompilerEngine->handleViewException(Object(ErrorException), 1)
#1 E:\\Projetos Desenvolvimento\\ProjetosPhpStorm\\ProjetosLaravel\
ightlife\\vendor\\laravel\\framework\\src\\Illuminate\\View\\Engines\\CompilerEngine.php(59): Illuminate\\View\\Engines\\PhpEngine->evaluatePath('E:\\\\Projetos Des...', Array)
#2 E:\\Projetos Desenvolvimento\\ProjetosPhpStorm\\ProjetosLaravel\
ightlife\\vendor\\laravel\\framework\\src\\Illuminate\\View\\View.php(142): Illuminate\\View\\Engines\\CompilerEngine->get('E:\\\\Projetos Des...', Array)
#3 E:\\Projetos Desenvolvimento\\ProjetosPhpStorm\\ProjetosLaravel\
ightlife\\vendor\\laravel\\framework\\src\\Illuminate\\View\\View.php(125): Illuminate\\View\\View->getContents()
#4 E:\\Projetos Desenvolvimento\\ProjetosPhpStorm\\ProjetosLaravel\
ightlife\\vendor\\laravel\\framework\\src\\Illuminate\\View\\View.php(90): Illuminate\\View\\View->renderContents()
#5 E:\\Projetos Desenvolvimento\\ProjetosPhpStorm\\ProjetosLaravel\
ightlife\\vendor\\laravel\\framework\\src\\Illuminate\\Http\\Response.php(42): Illuminate\\View\\View->render()
#6 E:\\Projetos Desenvolvimento\\ProjetosPhpStorm\\ProjetosLaravel\
ightlife\\vendor\\symfony\\http-foundation\\Response.php(202): Illuminate\\Http\\Response->setContent(Object(Illuminate\\View\\View))
#7 E:\\Projetos Desenvolvimento\\ProjetosPhpStorm\\ProjetosLaravel\
ightlife\\vendor\\laravel\\framework\\src\\Illuminate\\Routing\\Router.php(748): Symfony\\Component\\HttpFoundation\\Response->__construct(Object(Illuminate\\View\\View))
#8 E:\\Projetos Desenvolvimento\\ProjetosPhpStorm\\ProjetosLaravel\
ightlife\\vendor\\laravel\\framework\\src\\Illuminate\\Routing\\Router.php(720): Illuminate\\Routing\\Router::toResponse(Object(Illuminate\\Http\\Request), Object(Illuminate\\View\\View))
#9 E:\\Projetos Desenvolvimento\\ProjetosPhpStorm\\ProjetosLaravel\
ightlife\\vendor\\laravel\\framework\\src\\Illuminate\\Routing\\Router.php(680): Illuminate\\Routing\\Router->prepareResponse(Object(Illuminate\\Http\\Request), Object(Illuminate\\View\\View))
#10 E:\\Projetos Desenvolvimento\\ProjetosPhpStorm\\ProjetosLaravel\
ightlife\\vendor\\laravel\\framework\\src\\Illuminate\\Routing\\Pipeline.php(30): Illuminate\\Routing\\Router->Illuminate\\Routing\\{closure}(Object(Illuminate\\Http\\Request))
#11 E:\\Projetos Desenvolvimento\\ProjetosPhpStorm\\ProjetosLaravel\
ightlife\\vendor\\laravel\\framework\\src\\Illuminate\\Routing\\Middleware\\SubstituteBindings.php(41): Illuminate\\Routing\\Pipeline->Illuminate\\Routing\\{closure}(Object(Illuminate\\Http\\Request))
#12 E:\\Projetos Desenvolvimento\\ProjetosPhpStorm\\ProjetosLaravel\
ightlife\\vendor\\laravel\\framework\\src\\Illuminate\\Pipeline\\Pipeline.php(163): Illuminate\\Routing\\Middleware\\SubstituteBindings->handle(Object(Illuminate\\Http\\Request), Object(Closure))
#13 E:\\Projetos Desenvolvimento\\ProjetosPhpStorm\\ProjetosLaravel\
ightlife\\vendor\\laravel\\framework\\src\\Illuminate\\Routing\\Pipeline.php(53): Illuminate\\Pipeline\\Pipeline->Illuminate\\Pipeline\\{closure}(Object(Illuminate\\Http\\Request))
#14 E:\\Projetos Desenvolvimento\\ProjetosPhpStorm\\ProjetosLaravel\
ightlife\\vendor\\laravel\\framework\\src\\Illuminate\\Auth\\Middleware\\Authenticate.php(43): Illuminate\\Routing\\Pipeline->Illuminate\\Routing\\{closure}(Object(Illuminate\\Http\\Request))
#15 E:\\Projetos Desenvolvimento\\ProjetosPhpStorm\\ProjetosLaravel\
ightlife\\vendor\\laravel\\framework\\src\\Illuminate\\Pipeline\\Pipeline.php(163): Illuminate\\Auth\\Middleware\\Authenticate->handle(Object(Illuminate\\Http\\Request), Object(Closure))
#16 E:\\Projetos Desenvolvimento\\ProjetosPhpStorm\\ProjetosLaravel\
ightlife\\vendor\\laravel\\framework\\src\\Illuminate\\Routing\\Pipeline.php(53): Illuminate\\Pipeline\\Pipeline->Illuminate\\Pipeline\\{closure}(Object(Illuminate\\Http\\Request))
#17 E:\\Projetos Desenvolvimento\\ProjetosPhpStorm\\ProjetosLaravel\
ightlife\\vendor\\laravel\\framework\\src\\Illuminate\\Foundation\\Http\\Middleware\\VerifyCsrfToken.php(75): Illuminate\\Routing\\Pipeline->Illuminate\\Routing\\{closure}(Object(Illuminate\\Http\\Request))
#18 E:\\Projetos Desenvolvimento\\ProjetosPhpStorm\\ProjetosLaravel\
ightlife\\vendor\\laravel\\framework\\src\\Illuminate\\Pipeline\\Pipeline.php(163): Illuminate\\Foundation\\Http\\Middleware\\VerifyCsrfToken->handle(Object(Illuminate\\Http\\Request), Object(Closure))
#19 E:\\Projetos Desenvolvimento\\ProjetosPhpStorm\\ProjetosLaravel\
ightlife\\vendor\\laravel\\framework\\src\\Illuminate\\Routing\\Pipeline.php(53): Illuminate\\Pipeline\\Pipeline->Illuminate\\Pipeline\\{closure}(Object(Illuminate\\Http\\Request))
#20 E:\\Projetos Desenvolvimento\\ProjetosPhpStorm\\ProjetosLaravel\
ightlife\\vendor\\laravel\\framework\\src\\Illuminate\\View\\Middleware\\ShareErrorsFromSession.php(49): Illuminate\\Routing\\Pipeline->Illuminate\\Routing\\{closure}(Object(Illuminate\\Http\\Request))
#21 E:\\Projetos Desenvolvimento\\ProjetosPhpStorm\\ProjetosLaravel\
ightlife\\vendor\\laravel\\framework\\src\\Illuminate\\Pipeline\\Pipeline.php(163): Illuminate\\View\\Middleware\\ShareErrorsFromSession->handle(Object(Illuminate\\Http\\Request), Object(Closure))
#22 E:\\Projetos Desenvolvimento\\ProjetosPhpStorm\\ProjetosLaravel\
ightlife\\vendor\\laravel\\framework\\src\\Illuminate\\Routing\\Pipeline.php(53): Illuminate\\Pipeline\\Pipeline->Illuminate\\Pipeline\\{closure}(Object(Illuminate\\Http\\Request))
#23 E:\\Projetos Desenvolvimento\\ProjetosPhpStorm\\ProjetosLaravel\
ightlife\\vendor\\laravel\\framework\\src\\Illuminate\\Session\\Middleware\\StartSession.php(56): Illuminate\\Routing\\Pipeline->Illuminate\\Routing\\{closure}(Object(Illuminate\\Http\\Request))
#24 E:\\Projetos Desenvolvimento\\ProjetosPhpStorm\\ProjetosLaravel\
ightlife\\vendor\\laravel\\framework\\src\\Illuminate\\Pipeline\\Pipeline.php(163): Illuminate\\Session\\Middleware\\StartSession->handle(Object(Illuminate\\Http\\Request), Object(Closure))
#25 E:\\Projetos Desenvolvimento\\ProjetosPhpStorm\\ProjetosLaravel\
ightlife\\vendor\\laravel\\framework\\src\\Illuminate\\Routing\\Pipeline.php(53): Illuminate\\Pipeline\\Pipeline->Illuminate\\Pipeline\\{closure}(Object(Illuminate\\Http\\Request))
#26 E:\\Projetos Desenvolvimento\\ProjetosPhpStorm\\ProjetosLaravel\
ightlife\\vendor\\laravel\\framework\\src\\Illuminate\\Cookie\\Middleware\\AddQueuedCookiesToResponse.php(37): Illuminate\\Routing\\Pipeline->Illuminate\\Routing\\{closure}(Object(Illuminate\\Http\\Request))
#27 E:\\Projetos Desenvolvimento\\ProjetosPhpStorm\\ProjetosLaravel\
ightlife\\vendor\\laravel\\framework\\src\\Illuminate\\Pipeline\\Pipeline.php(163): Illuminate\\Cookie\\Middleware\\AddQueuedCookiesToResponse->handle(Object(Illuminate\\Http\\Request), Object(Closure))
#28 E:\\Projetos Desenvolvimento\\ProjetosPhpStorm\\ProjetosLaravel\
ightlife\\vendor\\laravel\\framework\\src\\Illuminate\\Routing\\Pipeline.php(53): Illuminate\\Pipeline\\Pipeline->Illuminate\\Pipeline\\{closure}(Object(Illuminate\\Http\\Request))
#29 E:\\Projetos Desenvolvimento\\ProjetosPhpStorm\\ProjetosLaravel\
ightlife\\vendor\\laravel\\framework\\src\\Illuminate\\Cookie\\Middleware\\EncryptCookies.php(66): Illuminate\\Routing\\Pipeline->Illuminate\\Routing\\{closure}(Object(Illuminate\\Http\\Request))
#30 E:\\Projetos Desenvolvimento\\ProjetosPhpStorm\\ProjetosLaravel\
ightlife\\vendor\\laravel\\framework\\src\\Illuminate\\Pipeline\\Pipeline.php(163): Illuminate\\Cookie\\Middleware\\EncryptCookies->handle(Object(Illuminate\\Http\\Request), Object(Closure))
#31 E:\\Projetos Desenvolvimento\\ProjetosPhpStorm\\ProjetosLaravel\
ightlife\\vendor\\laravel\\framework\\src\\Illuminate\\Routing\\Pipeline.php(53): Illuminate\\Pipeline\\Pipeline->Illuminate\\Pipeline\\{closure}(Object(Illuminate\\Http\\Request))
#32 E:\\Projetos Desenvolvimento\\ProjetosPhpStorm\\ProjetosLaravel\
ightlife\\vendor\\laravel\\framework\\src\\Illuminate\\Pipeline\\Pipeline.php(104): Illuminate\\Routing\\Pipeline->Illuminate\\Routing\\{closure}(Object(Illuminate\\Http\\Request))
#33 E:\\Projetos Desenvolvimento\\ProjetosPhpStorm\\ProjetosLaravel\
ightlife\\vendor\\laravel\\framework\\src\\Illuminate\\Routing\\Router.php(682): Illuminate\\Pipeline\\Pipeline->then(Object(Closure))
#34 E:\\Projetos Desenvolvimento\\ProjetosPhpStorm\\ProjetosLaravel\
ightlife\\vendor\\laravel\\framework\\src\\Illuminate\\Routing\\Router.php(657): Illuminate\\Routing\\Router->runRouteWithinStack(Object(Illuminate\\Routing\\Route), Object(Illuminate\\Http\\Request))
#35 E:\\Projetos Desenvolvimento\\ProjetosPhpStorm\\ProjetosLaravel\
ightlife\\vendor\\laravel\\framework\\src\\Illuminate\\Routing\\Router.php(623): Illuminate\\Routing\\Router->runRoute(Object(Illuminate\\Http\\Request), Object(Illuminate\\Routing\\Route))
#36 E:\\Projetos Desenvolvimento\\ProjetosPhpStorm\\ProjetosLaravel\
ightlife\\vendor\\laravel\\framework\\src\\Illuminate\\Routing\\Router.php(612): Illuminate\\Routing\\Router->dispatchToRoute(Object(Illuminate\\Http\\Request))
#37 E:\\Projetos Desenvolvimento\\ProjetosPhpStorm\\ProjetosLaravel\
ightlife\\vendor\\laravel\\framework\\src\\Illuminate\\Foundation\\Http\\Kernel.php(176): Illuminate\\Routing\\Router->dispatch(Object(Illuminate\\Http\\Request))
#38 E:\\Projetos Desenvolvimento\\ProjetosPhpStorm\\ProjetosLaravel\
ightlife\\vendor\\laravel\\framework\\src\\Illuminate\\Routing\\Pipeline.php(30): Illuminate\\Foundation\\Http\\Kernel->Illuminate\\Foundation\\Http\\{closure}(Object(Illuminate\\Http\\Request))
#39 E:\\Projetos Desenvolvimento\\ProjetosPhpStorm\\ProjetosLaravel\
ightlife\\vendor\\fideloper\\proxy\\src\\TrustProxies.php(57): Illuminate\\Routing\\Pipeline->Illuminate\\Routing\\{closure}(Object(Illuminate\\Http\\Request))
#40 E:\\Projetos Desenvolvimento\\ProjetosPhpStorm\\ProjetosLaravel\
ightlife\\vendor\\laravel\\framework\\src\\Illuminate\\Pipeline\\Pipeline.php(163): Fideloper\\Proxy\\TrustProxies->handle(Object(Illuminate\\Http\\Request), Object(Closure))
#41 E:\\Projetos Desenvolvimento\\ProjetosPhpStorm\\ProjetosLaravel\
ightlife\\vendor\\laravel\\framework\\src\\Illuminate\\Routing\\Pipeline.php(53): Illuminate\\Pipeline\\Pipeline->Illuminate\\Pipeline\\{closure}(Object(Illuminate\\Http\\Request))
#42 E:\\Projetos Desenvolvimento\\ProjetosPhpStorm\\ProjetosLaravel\
ightlife\\vendor\\laravel\\framework\\src\\Illuminate\\Foundation\\Http\\Middleware\\TransformsRequest.php(21): Illuminate\\Routing\\Pipeline->Illuminate\\Routing\\{closure}(Object(Illuminate\\Http\\Request))
#43 E:\\Projetos Desenvolvimento\\ProjetosPhpStorm\\ProjetosLaravel\
ightlife\\vendor\\laravel\\framework\\src\\Illuminate\\Pipeline\\Pipeline.php(163): Illuminate\\Foundation\\Http\\Middleware\\TransformsRequest->handle(Object(Illuminate\\Http\\Request), Object(Closure))
#44 E:\\Projetos Desenvolvimento\\ProjetosPhpStorm\\ProjetosLaravel\
ightlife\\vendor\\laravel\\framework\\src\\Illuminate\\Routing\\Pipeline.php(53): Illuminate\\Pipeline\\Pipeline->Illuminate\\Pipeline\\{closure}(Object(Illuminate\\Http\\Request))
#45 E:\\Projetos Desenvolvimento\\ProjetosPhpStorm\\ProjetosLaravel\
ightlife\\vendor\\laravel\\framework\\src\\Illuminate\\Foundation\\Http\\Middleware\\TransformsRequest.php(21): Illuminate\\Routing\\Pipeline->Illuminate\\Routing\\{closure}(Object(Illuminate\\Http\\Request))
#46 E:\\Projetos Desenvolvimento\\ProjetosPhpStorm\\ProjetosLaravel\
ightlife\\vendor\\laravel\\framework\\src\\Illuminate\\Pipeline\\Pipeline.php(163): Illuminate\\Foundation\\Http\\Middleware\\TransformsRequest->handle(Object(Illuminate\\Http\\Request), Object(Closure))
#47 E:\\Projetos Desenvolvimento\\ProjetosPhpStorm\\ProjetosLaravel\
ightlife\\vendor\\laravel\\framework\\src\\Illuminate\\Routing\\Pipeline.php(53): Illuminate\\Pipeline\\Pipeline->Illuminate\\Pipeline\\{closure}(Object(Illuminate\\Http\\Request))
#48 E:\\Projetos Desenvolvimento\\ProjetosPhpStorm\\ProjetosLaravel\
ightlife\\vendor\\laravel\\framework\\src\\Illuminate\\Foundation\\Http\\Middleware\\ValidatePostSize.php(27): Illuminate\\Routing\\Pipeline->Illuminate\\Routing\\{closure}(Object(Illuminate\\Http\\Request))
#49 E:\\Projetos Desenvolvimento\\ProjetosPhpStorm\\ProjetosLaravel\
ightlife\\vendor\\laravel\\framework\\src\\Illuminate\\Pipeline\\Pipeline.php(163): Illuminate\\Foundation\\Http\\Middleware\\ValidatePostSize->handle(Object(Illuminate\\Http\\Request), Object(Closure))
#50 E:\\Projetos Desenvolvimento\\ProjetosPhpStorm\\ProjetosLaravel\
ightlife\\vendor\\laravel\\framework\\src\\Illuminate\\Routing\\Pipeline.php(53): Illuminate\\Pipeline\\Pipeline->Illuminate\\Pipeline\\{closure}(Object(Illuminate\\Http\\Request))
#51 E:\\Projetos Desenvolvimento\\ProjetosPhpStorm\\ProjetosLaravel\
ightlife\\vendor\\laravel\\framework\\src\\Illuminate\\Foundation\\Http\\Middleware\\CheckForMaintenanceMode.php(62): Illuminate\\Routing\\Pipeline->Illuminate\\Routing\\{closure}(Object(Illuminate\\Http\\Request))
#52 E:\\Projetos Desenvolvimento\\ProjetosPhpStorm\\ProjetosLaravel\
ightlife\\vendor\\laravel\\framework\\src\\Illuminate\\Pipeline\\Pipeline.php(163): Illuminate\\Foundation\\Http\\Middleware\\CheckForMaintenanceMode->handle(Object(Illuminate\\Http\\Request), Object(Closure))
#53 E:\\Projetos Desenvolvimento\\ProjetosPhpStorm\\ProjetosLaravel\
ightlife\\vendor\\laravel\\framework\\src\\Illuminate\\Routing\\Pipeline.php(53): Illuminate\\Pipeline\\Pipeline->Illuminate\\Pipeline\\{closure}(Object(Illuminate\\Http\\Request))
#54 E:\\Projetos Desenvolvimento\\ProjetosPhpStorm\\ProjetosLaravel\
ightlife\\vendor\\laravel\\framework\\src\\Illuminate\\Pipeline\\Pipeline.php(104): Illuminate\\Routing\\Pipeline->Illuminate\\Routing\\{closure}(Object(Illuminate\\Http\\Request))
#55 E:\\Projetos Desenvolvimento\\ProjetosPhpStorm\\ProjetosLaravel\
ightlife\\vendor\\laravel\\framework\\src\\Illuminate\\Foundation\\Http\\Kernel.php(151): Illuminate\\Pipeline\\Pipeline->then(Object(Closure))
#56 E:\\Projetos Desenvolvimento\\ProjetosPhpStorm\\ProjetosLaravel\
ightlife\\vendor\\laravel\\framework\\src\\Illuminate\\Foundation\\Http\\Kernel.php(116): Illuminate\\Foundation\\Http\\Kernel->sendRequestThroughRouter(Object(Illuminate\\Http\\Request))
#57 E:\\Projetos Desenvolvimento\\ProjetosPhpStorm\\ProjetosLaravel\
ightlife\\public\\index.php(55): Illuminate\\Foundation\\Http\\Kernel->handle(Object(Illuminate\\Http\\Request))
#58 {main}
"} 
[2020-02-20 00:05:09] local.ERROR: View [form.input.select2] not found. (View: E:\Projetos Desenvolvimento\ProjetosPhpStorm\ProjetosLaravel\nightlife\resources\views\admin\establishment\form.blade.php) {"userId":1,"exception":"[object] (ErrorException(code: 0): View [form.input.select2] not found. (View: E:\\Projetos Desenvolvimento\\ProjetosPhpStorm\\ProjetosLaravel\
ightlife\esources\\views\\admin\\establishment\\form.blade.php) at E:\\Projetos Desenvolvimento\\ProjetosPhpStorm\\ProjetosLaravel\
ightlife\\vendor\\laravel\\framework\\src\\Illuminate\\View\\FileViewFinder.php:137, InvalidArgumentException(code: 0): View [form.input.select2] not found. at E:\\Projetos Desenvolvimento\\ProjetosPhpStorm\\ProjetosLaravel\
ightlife\\vendor\\laravel\\framework\\src\\Illuminate\\View\\FileViewFinder.php:137)
[stacktrace]
#0 E:\\Projetos Desenvolvimento\\ProjetosPhpStorm\\ProjetosLaravel\
ightlife\\vendor\\laravel\\framework\\src\\Illuminate\\View\\Engines\\PhpEngine.php(45): Illuminate\\View\\Engines\\CompilerEngine->handleViewException(Object(InvalidArgumentException), 1)
#1 E:\\Projetos Desenvolvimento\\ProjetosPhpStorm\\ProjetosLaravel\
ightlife\\vendor\\laravel\\framework\\src\\Illuminate\\View\\Engines\\CompilerEngine.php(59): Illuminate\\View\\Engines\\PhpEngine->evaluatePath('E:\\\\Projetos Des...', Array)
#2 E:\\Projetos Desenvolvimento\\ProjetosPhpStorm\\ProjetosLaravel\
ightlife\\vendor\\laravel\\framework\\src\\Illuminate\\View\\View.php(142): Illuminate\\View\\Engines\\CompilerEngine->get('E:\\\\Projetos Des...', Array)
#3 E:\\Projetos Desenvolvimento\\ProjetosPhpStorm\\ProjetosLaravel\
ightlife\\vendor\\laravel\\framework\\src\\Illuminate\\View\\View.php(125): Illuminate\\View\\View->getContents()
#4 E:\\Projetos Desenvolvimento\\ProjetosPhpStorm\\ProjetosLaravel\
ightlife\\vendor\\laravel\\framework\\src\\Illuminate\\View\\View.php(90): Illuminate\\View\\View->renderContents()
#5 E:\\Projetos Desenvolvimento\\ProjetosPhpStorm\\ProjetosLaravel\
ightlife\\vendor\\laravel\\framework\\src\\Illuminate\\Http\\Response.php(42): Illuminate\\View\\View->render()
#6 E:\\Projetos Desenvolvimento\\ProjetosPhpStorm\\ProjetosLaravel\
ightlife\\vendor\\symfony\\http-foundation\\Response.php(202): Illuminate\\Http\\Response->setContent(Object(Illuminate\\View\\View))
#7 E:\\Projetos Desenvolvimento\\ProjetosPhpStorm\\ProjetosLaravel\
ightlife\\vendor\\laravel\\framework\\src\\Illuminate\\Routing\\Router.php(748): Symfony\\Component\\HttpFoundation\\Response->__construct(Object(Illuminate\\View\\View))
#8 E:\\Projetos Desenvolvimento\\ProjetosPhpStorm\\ProjetosLaravel\
ightlife\\vendor\\laravel\\framework\\src\\Illuminate\\Routing\\Router.php(720): Illuminate\\Routing\\Router::toResponse(Object(Illuminate\\Http\\Request), Object(Illuminate\\View\\View))
#9 E:\\Projetos Desenvolvimento\\ProjetosPhpStorm\\ProjetosLaravel\
ightlife\\vendor\\laravel\\framework\\src\\Illuminate\\Routing\\Router.php(680): Illuminate\\Routing\\Router->prepareResponse(Object(Illuminate\\Http\\Request), Object(Illuminate\\View\\View))
#10 E:\\Projetos Desenvolvimento\\ProjetosPhpStorm\\ProjetosLaravel\
ightlife\\vendor\\laravel\\framework\\src\\Illuminate\\Routing\\Pipeline.php(30): Illuminate\\Routing\\Router->Illuminate\\Routing\\{closure}(Object(Illuminate\\Http\\Request))
#11 E:\\Projetos Desenvolvimento\\ProjetosPhpStorm\\ProjetosLaravel\
ightlife\\vendor\\laravel\\framework\\src\\Illuminate\\Routing\\Middleware\\SubstituteBindings.php(41): Illuminate\\Routing\\Pipeline->Illuminate\\Routing\\{closure}(Object(Illuminate\\Http\\Request))
#12 E:\\Projetos Desenvolvimento\\ProjetosPhpStorm\\ProjetosLaravel\
ightlife\\vendor\\laravel\\framework\\src\\Illuminate\\Pipeline\\Pipeline.php(163): Illuminate\\Routing\\Middleware\\SubstituteBindings->handle(Object(Illuminate\\Http\\Request), Object(Closure))
#13 E:\\Projetos Desenvolvimento\\ProjetosPhpStorm\\ProjetosLaravel\
ightlife\\vendor\\laravel\\framework\\src\\Illuminate\\Routing\\Pipeline.php(53): Illuminate\\Pipeline\\Pipeline->Illuminate\\Pipeline\\{closure}(Object(Illuminate\\Http\\Request))
#14 E:\\Projetos Desenvolvimento\\ProjetosPhpStorm\\ProjetosLaravel\
ightlife\\vendor\\laravel\\framework\\src\\Illuminate\\Auth\\Middleware\\Authenticate.php(43): Illuminate\\Routing\\Pipeline->Illuminate\\Routing\\{closure}(Object(Illuminate\\Http\\Request))
#15 E:\\Projetos Desenvolvimento\\ProjetosPhpStorm\\ProjetosLaravel\
ightlife\\vendor\\laravel\\framework\\src\\Illuminate\\Pipeline\\Pipeline.php(163): Illuminate\\Auth\\Middleware\\Authenticate->handle(Object(Illuminate\\Http\\Request), Object(Closure))
#16 E:\\Projetos Desenvolvimento\\ProjetosPhpStorm\\ProjetosLaravel\
ightlife\\vendor\\laravel\\framework\\src\\Illuminate\\Routing\\Pipeline.php(53): Illuminate\\Pipeline\\Pipeline->Illuminate\\Pipeline\\{closure}(Object(Illuminate\\Http\\Request))
#17 E:\\Projetos Desenvolvimento\\ProjetosPhpStorm\\ProjetosLaravel\
ightlife\\vendor\\laravel\\framework\\src\\Illuminate\\Foundation\\Http\\Middleware\\VerifyCsrfToken.php(75): Illuminate\\Routing\\Pipeline->Illuminate\\Routing\\{closure}(Object(Illuminate\\Http\\Request))
#18 E:\\Projetos Desenvolvimento\\ProjetosPhpStorm\\ProjetosLaravel\
ightlife\\vendor\\laravel\\framework\\src\\Illuminate\\Pipeline\\Pipeline.php(163): Illuminate\\Foundation\\Http\\Middleware\\VerifyCsrfToken->handle(Object(Illuminate\\Http\\Request), Object(Closure))
#19 E:\\Projetos Desenvolvimento\\ProjetosPhpStorm\\ProjetosLaravel\
ightlife\\vendor\\laravel\\framework\\src\\Illuminate\\Routing\\Pipeline.php(53): Illuminate\\Pipeline\\Pipeline->Illuminate\\Pipeline\\{closure}(Object(Illuminate\\Http\\Request))
#20 E:\\Projetos Desenvolvimento\\ProjetosPhpStorm\\ProjetosLaravel\
ightlife\\vendor\\laravel\\framework\\src\\Illuminate\\View\\Middleware\\ShareErrorsFromSession.php(49): Illuminate\\Routing\\Pipeline->Illuminate\\Routing\\{closure}(Object(Illuminate\\Http\\Request))
#21 E:\\Projetos Desenvolvimento\\ProjetosPhpStorm\\ProjetosLaravel\
ightlife\\vendor\\laravel\\framework\\src\\Illuminate\\Pipeline\\Pipeline.php(163): Illuminate\\View\\Middleware\\ShareErrorsFromSession->handle(Object(Illuminate\\Http\\Request), Object(Closure))
#22 E:\\Projetos Desenvolvimento\\ProjetosPhpStorm\\ProjetosLaravel\
ightlife\\vendor\\laravel\\framework\\src\\Illuminate\\Routing\\Pipeline.php(53): Illuminate\\Pipeline\\Pipeline->Illuminate\\Pipeline\\{closure}(Object(Illuminate\\Http\\Request))
#23 E:\\Projetos Desenvolvimento\\ProjetosPhpStorm\\ProjetosLaravel\
ightlife\\vendor\\laravel\\framework\\src\\Illuminate\\Session\\Middleware\\StartSession.php(56): Illuminate\\Routing\\Pipeline->Illuminate\\Routing\\{closure}(Object(Illuminate\\Http\\Request))
#24 E:\\Projetos Desenvolvimento\\ProjetosPhpStorm\\ProjetosLaravel\
ightlife\\vendor\\laravel\\framework\\src\\Illuminate\\Pipeline\\Pipeline.php(163): Illuminate\\Session\\Middleware\\StartSession->handle(Object(Illuminate\\Http\\Request), Object(Closure))
#25 E:\\Projetos Desenvolvimento\\ProjetosPhpStorm\\ProjetosLaravel\
ightlife\\vendor\\laravel\\framework\\src\\Illuminate\\Routing\\Pipeline.php(53): Illuminate\\Pipeline\\Pipeline->Illuminate\\Pipeline\\{closure}(Object(Illuminate\\Http\\Request))
#26 E:\\Projetos Desenvolvimento\\ProjetosPhpStorm\\ProjetosLaravel\
ightlife\\vendor\\laravel\\framework\\src\\Illuminate\\Cookie\\Middleware\\AddQueuedCookiesToResponse.php(37): Illuminate\\Routing\\Pipeline->Illuminate\\Routing\\{closure}(Object(Illuminate\\Http\\Request))
#27 E:\\Projetos Desenvolvimento\\ProjetosPhpStorm\\ProjetosLaravel\
ightlife\\vendor\\laravel\\framework\\src\\Illuminate\\Pipeline\\Pipeline.php(163): Illuminate\\Cookie\\Middleware\\AddQueuedCookiesToResponse->handle(Object(Illuminate\\Http\\Request), Object(Closure))
#28 E:\\Projetos Desenvolvimento\\ProjetosPhpStorm\\ProjetosLaravel\
ightlife\\vendor\\laravel\\framework\\src\\Illuminate\\Routing\\Pipeline.php(53): Illuminate\\Pipeline\\Pipeline->Illuminate\\Pipeline\\{closure}(Object(Illuminate\\Http\\Request))
#29 E:\\Projetos Desenvolvimento\\ProjetosPhpStorm\\ProjetosLaravel\
ightlife\\vendor\\laravel\\framework\\src\\Illuminate\\Cookie\\Middleware\\EncryptCookies.php(66): Illuminate\\Routing\\Pipeline->Illuminate\\Routing\\{closure}(Object(Illuminate\\Http\\Request))
#30 E:\\Projetos Desenvolvimento\\ProjetosPhpStorm\\ProjetosLaravel\
ightlife\\vendor\\laravel\\framework\\src\\Illuminate\\Pipeline\\Pipeline.php(163): Illuminate\\Cookie\\Middleware\\EncryptCookies->handle(Object(Illuminate\\Http\\Request), Object(Closure))
#31 E:\\Projetos Desenvolvimento\\ProjetosPhpStorm\\ProjetosLaravel\
ightlife\\vendor\\laravel\\framework\\src\\Illuminate\\Routing\\Pipeline.php(53): Illuminate\\Pipeline\\Pipeline->Illuminate\\Pipeline\\{closure}(Object(Illuminate\\Http\\Request))
#32 E:\\Projetos Desenvolvimento\\ProjetosPhpStorm\\ProjetosLaravel\
ightlife\\vendor\\laravel\\framework\\src\\Illuminate\\Pipeline\\Pipeline.php(104): Illuminate\\Routing\\Pipeline->Illuminate\\Routing\\{closure}(Object(Illuminate\\Http\\Request))
#33 E:\\Projetos Desenvolvimento\\ProjetosPhpStorm\\ProjetosLaravel\
ightlife\\vendor\\laravel\\framework\\src\\Illuminate\\Routing\\Router.php(682): Illuminate\\Pipeline\\Pipeline->then(Object(Closure))
#34 E:\\Projetos Desenvolvimento\\ProjetosPhpStorm\\ProjetosLaravel\
ightlife\\vendor\\laravel\\framework\\src\\Illuminate\\Routing\\Router.php(657): Illuminate\\Routing\\Router->runRouteWithinStack(Object(Illuminate\\Routing\\Route), Object(Illuminate\\Http\\Request))
#35 E:\\Projetos Desenvolvimento\\ProjetosPhpStorm\\ProjetosLaravel\
ightlife\\vendor\\laravel\\framework\\src\\Illuminate\\Routing\\Router.php(623): Illuminate\\Routing\\Router->runRoute(Object(Illuminate\\Http\\Request), Object(Illuminate\\Routing\\Route))
#36 E:\\Projetos Desenvolvimento\\ProjetosPhpStorm\\ProjetosLaravel\
ightlife\\vendor\\laravel\\framework\\src\\Illuminate\\Routing\\Router.php(612): Illuminate\\Routing\\Router->dispatchToRoute(Object(Illuminate\\Http\\Request))
#37 E:\\Projetos Desenvolvimento\\ProjetosPhpStorm\\ProjetosLaravel\
ightlife\\vendor\\laravel\\framework\\src\\Illuminate\\Foundation\\Http\\Kernel.php(176): Illuminate\\Routing\\Router->dispatch(Object(Illuminate\\Http\\Request))
#38 E:\\Projetos Desenvolvimento\\ProjetosPhpStorm\\ProjetosLaravel\
ightlife\\vendor\\laravel\\framework\\src\\Illuminate\\Routing\\Pipeline.php(30): Illuminate\\Foundation\\Http\\Kernel->Illuminate\\Foundation\\Http\\{closure}(Object(Illuminate\\Http\\Request))
#39 E:\\Projetos Desenvolvimento\\ProjetosPhpStorm\\ProjetosLaravel\
ightlife\\vendor\\fideloper\\proxy\\src\\TrustProxies.php(57): Illuminate\\Routing\\Pipeline->Illuminate\\Routing\\{closure}(Object(Illuminate\\Http\\Request))
#40 E:\\Projetos Desenvolvimento\\ProjetosPhpStorm\\ProjetosLaravel\
ightlife\\vendor\\laravel\\framework\\src\\Illuminate\\Pipeline\\Pipeline.php(163): Fideloper\\Proxy\\TrustProxies->handle(Object(Illuminate\\Http\\Request), Object(Closure))
#41 E:\\Projetos Desenvolvimento\\ProjetosPhpStorm\\ProjetosLaravel\
ightlife\\vendor\\laravel\\framework\\src\\Illuminate\\Routing\\Pipeline.php(53): Illuminate\\Pipeline\\Pipeline->Illuminate\\Pipeline\\{closure}(Object(Illuminate\\Http\\Request))
#42 E:\\Projetos Desenvolvimento\\ProjetosPhpStorm\\ProjetosLaravel\
ightlife\\vendor\\laravel\\framework\\src\\Illuminate\\Foundation\\Http\\Middleware\\TransformsRequest.php(21): Illuminate\\Routing\\Pipeline->Illuminate\\Routing\\{closure}(Object(Illuminate\\Http\\Request))
#43 E:\\Projetos Desenvolvimento\\ProjetosPhpStorm\\ProjetosLaravel\
ightlife\\vendor\\laravel\\framework\\src\\Illuminate\\Pipeline\\Pipeline.php(163): Illuminate\\Foundation\\Http\\Middleware\\TransformsRequest->handle(Object(Illuminate\\Http\\Request), Object(Closure))
#44 E:\\Projetos Desenvolvimento\\ProjetosPhpStorm\\ProjetosLaravel\
ightlife\\vendor\\laravel\\framework\\src\\Illuminate\\Routing\\Pipeline.php(53): Illuminate\\Pipeline\\Pipeline->Illuminate\\Pipeline\\{closure}(Object(Illuminate\\Http\\Request))
#45 E:\\Projetos Desenvolvimento\\ProjetosPhpStorm\\ProjetosLaravel\
ightlife\\vendor\\laravel\\framework\\src\\Illuminate\\Foundation\\Http\\Middleware\\TransformsRequest.php(21): Illuminate\\Routing\\Pipeline->Illuminate\\Routing\\{closure}(Object(Illuminate\\Http\\Request))
#46 E:\\Projetos Desenvolvimento\\ProjetosPhpStorm\\ProjetosLaravel\
ightlife\\vendor\\laravel\\framework\\src\\Illuminate\\Pipeline\\Pipeline.php(163): Illuminate\\Foundation\\Http\\Middleware\\TransformsRequest->handle(Object(Illuminate\\Http\\Request), Object(Closure))
#47 E:\\Projetos Desenvolvimento\\ProjetosPhpStorm\\ProjetosLaravel\
ightlife\\vendor\\laravel\\framework\\src\\Illuminate\\Routing\\Pipeline.php(53): Illuminate\\Pipeline\\Pipeline->Illuminate\\Pipeline\\{closure}(Object(Illuminate\\Http\\Request))
#48 E:\\Projetos Desenvolvimento\\ProjetosPhpStorm\\ProjetosLaravel\
ightlife\\vendor\\laravel\\framework\\src\\Illuminate\\Foundation\\Http\\Middleware\\ValidatePostSize.php(27): Illuminate\\Routing\\Pipeline->Illuminate\\Routing\\{closure}(Object(Illuminate\\Http\\Request))
#49 E:\\Projetos Desenvolvimento\\ProjetosPhpStorm\\ProjetosLaravel\
ightlife\\vendor\\laravel\\framework\\src\\Illuminate\\Pipeline\\Pipeline.php(163): Illuminate\\Foundation\\Http\\Middleware\\ValidatePostSize->handle(Object(Illuminate\\Http\\Request), Object(Closure))
#50 E:\\Projetos Desenvolvimento\\ProjetosPhpStorm\\ProjetosLaravel\
ightlife\\vendor\\laravel\\framework\\src\\Illuminate\\Routing\\Pipeline.php(53): Illuminate\\Pipeline\\Pipeline->Illuminate\\Pipeline\\{closure}(Object(Illuminate\\Http\\Request))
#51 E:\\Projetos Desenvolvimento\\ProjetosPhpStorm\\ProjetosLaravel\
ightlife\\vendor\\laravel\\framework\\src\\Illuminate\\Foundation\\Http\\Middleware\\CheckForMaintenanceMode.php(62): Illuminate\\Routing\\Pipeline->Illuminate\\Routing\\{closure}(Object(Illuminate\\Http\\Request))
#52 E:\\Projetos Desenvolvimento\\ProjetosPhpStorm\\ProjetosLaravel\
ightlife\\vendor\\laravel\\framework\\src\\Illuminate\\Pipeline\\Pipeline.php(163): Illuminate\\Foundation\\Http\\Middleware\\CheckForMaintenanceMode->handle(Object(Illuminate\\Http\\Request), Object(Closure))
#53 E:\\Projetos Desenvolvimento\\ProjetosPhpStorm\\ProjetosLaravel\
ightlife\\vendor\\laravel\\framework\\src\\Illuminate\\Routing\\Pipeline.php(53): Illuminate\\Pipeline\\Pipeline->Illuminate\\Pipeline\\{closure}(Object(Illuminate\\Http\\Request))
#54 E:\\Projetos Desenvolvimento\\ProjetosPhpStorm\\ProjetosLaravel\
ightlife\\vendor\\laravel\\framework\\src\\Illuminate\\Pipeline\\Pipeline.php(104): Illuminate\\Routing\\Pipeline->Illuminate\\Routing\\{closure}(Object(Illuminate\\Http\\Request))
#55 E:\\Projetos Desenvolvimento\\ProjetosPhpStorm\\ProjetosLaravel\
ightlife\\vendor\\laravel\\framework\\src\\Illuminate\\Foundation\\Http\\Kernel.php(151): Illuminate\\Pipeline\\Pipeline->then(Object(Closure))
#56 E:\\Projetos Desenvolvimento\\ProjetosPhpStorm\\ProjetosLaravel\
ightlife\\vendor\\laravel\\framework\\src\\Illuminate\\Foundation\\Http\\Kernel.php(116): Illuminate\\Foundation\\Http\\Kernel->sendRequestThroughRouter(Object(Illuminate\\Http\\Request))
#57 E:\\Projetos Desenvolvimento\\ProjetosPhpStorm\\ProjetosLaravel\
ightlife\\public\\index.php(55): Illuminate\\Foundation\\Http\\Kernel->handle(Object(Illuminate\\Http\\Request))
#58 {main}
"} 
[2020-02-20 00:05:44] local.ERROR: View [form.input.select2] not found. (View: E:\Projetos Desenvolvimento\ProjetosPhpStorm\ProjetosLaravel\nightlife\resources\views\admin\establishment\form.blade.php) {"userId":1,"exception":"[object] (ErrorException(code: 0): View [form.input.select2] not found. (View: E:\\Projetos Desenvolvimento\\ProjetosPhpStorm\\ProjetosLaravel\
ightlife\esources\\views\\admin\\establishment\\form.blade.php) at E:\\Projetos Desenvolvimento\\ProjetosPhpStorm\\ProjetosLaravel\
ightlife\\vendor\\laravel\\framework\\src\\Illuminate\\View\\FileViewFinder.php:137, InvalidArgumentException(code: 0): View [form.input.select2] not found. at E:\\Projetos Desenvolvimento\\ProjetosPhpStorm\\ProjetosLaravel\
ightlife\\vendor\\laravel\\framework\\src\\Illuminate\\View\\FileViewFinder.php:137)
[stacktrace]
#0 E:\\Projetos Desenvolvimento\\ProjetosPhpStorm\\ProjetosLaravel\
ightlife\\vendor\\laravel\\framework\\src\\Illuminate\\View\\Engines\\PhpEngine.php(45): Illuminate\\View\\Engines\\CompilerEngine->handleViewException(Object(InvalidArgumentException), 1)
#1 E:\\Projetos Desenvolvimento\\ProjetosPhpStorm\\ProjetosLaravel\
ightlife\\vendor\\laravel\\framework\\src\\Illuminate\\View\\Engines\\CompilerEngine.php(59): Illuminate\\View\\Engines\\PhpEngine->evaluatePath('E:\\\\Projetos Des...', Array)
#2 E:\\Projetos Desenvolvimento\\ProjetosPhpStorm\\ProjetosLaravel\
ightlife\\vendor\\laravel\\framework\\src\\Illuminate\\View\\View.php(142): Illuminate\\View\\Engines\\CompilerEngine->get('E:\\\\Projetos Des...', Array)
#3 E:\\Projetos Desenvolvimento\\ProjetosPhpStorm\\ProjetosLaravel\
ightlife\\vendor\\laravel\\framework\\src\\Illuminate\\View\\View.php(125): Illuminate\\View\\View->getContents()
#4 E:\\Projetos Desenvolvimento\\ProjetosPhpStorm\\ProjetosLaravel\
ightlife\\vendor\\laravel\\framework\\src\\Illuminate\\View\\View.php(90): Illuminate\\View\\View->renderContents()
#5 E:\\Projetos Desenvolvimento\\ProjetosPhpStorm\\ProjetosLaravel\
ightlife\\vendor\\laravel\\framework\\src\\Illuminate\\Http\\Response.php(42): Illuminate\\View\\View->render()
#6 E:\\Projetos Desenvolvimento\\ProjetosPhpStorm\\ProjetosLaravel\
ightlife\\vendor\\symfony\\http-foundation\\Response.php(202): Illuminate\\Http\\Response->setContent(Object(Illuminate\\View\\View))
#7 E:\\Projetos Desenvolvimento\\ProjetosPhpStorm\\ProjetosLaravel\
ightlife\\vendor\\laravel\\framework\\src\\Illuminate\\Routing\\Router.php(748): Symfony\\Component\\HttpFoundation\\Response->__construct(Object(Illuminate\\View\\View))
#8 E:\\Projetos Desenvolvimento\\ProjetosPhpStorm\\ProjetosLaravel\
ightlife\\vendor\\laravel\\framework\\src\\Illuminate\\Routing\\Router.php(720): Illuminate\\Routing\\Router::toResponse(Object(Illuminate\\Http\\Request), Object(Illuminate\\View\\View))
#9 E:\\Projetos Desenvolvimento\\ProjetosPhpStorm\\ProjetosLaravel\
ightlife\\vendor\\laravel\\framework\\src\\Illuminate\\Routing\\Router.php(680): Illuminate\\Routing\\Router->prepareResponse(Object(Illuminate\\Http\\Request), Object(Illuminate\\View\\View))
#10 E:\\Projetos Desenvolvimento\\ProjetosPhpStorm\\ProjetosLaravel\
ightlife\\vendor\\laravel\\framework\\src\\Illuminate\\Routing\\Pipeline.php(30): Illuminate\\Routing\\Router->Illuminate\\Routing\\{closure}(Object(Illuminate\\Http\\Request))
#11 E:\\Projetos Desenvolvimento\\ProjetosPhpStorm\\ProjetosLaravel\
ightlife\\vendor\\laravel\\framework\\src\\Illuminate\\Routing\\Middleware\\SubstituteBindings.php(41): Illuminate\\Routing\\Pipeline->Illuminate\\Routing\\{closure}(Object(Illuminate\\Http\\Request))
#12 E:\\Projetos Desenvolvimento\\ProjetosPhpStorm\\ProjetosLaravel\
ightlife\\vendor\\laravel\\framework\\src\\Illuminate\\Pipeline\\Pipeline.php(163): Illuminate\\Routing\\Middleware\\SubstituteBindings->handle(Object(Illuminate\\Http\\Request), Object(Closure))
#13 E:\\Projetos Desenvolvimento\\ProjetosPhpStorm\\ProjetosLaravel\
ightlife\\vendor\\laravel\\framework\\src\\Illuminate\\Routing\\Pipeline.php(53): Illuminate\\Pipeline\\Pipeline->Illuminate\\Pipeline\\{closure}(Object(Illuminate\\Http\\Request))
#14 E:\\Projetos Desenvolvimento\\ProjetosPhpStorm\\ProjetosLaravel\
ightlife\\vendor\\laravel\\framework\\src\\Illuminate\\Auth\\Middleware\\Authenticate.php(43): Illuminate\\Routing\\Pipeline->Illuminate\\Routing\\{closure}(Object(Illuminate\\Http\\Request))
#15 E:\\Projetos Desenvolvimento\\ProjetosPhpStorm\\ProjetosLaravel\
ightlife\\vendor\\laravel\\framework\\src\\Illuminate\\Pipeline\\Pipeline.php(163): Illuminate\\Auth\\Middleware\\Authenticate->handle(Object(Illuminate\\Http\\Request), Object(Closure))
#16 E:\\Projetos Desenvolvimento\\ProjetosPhpStorm\\ProjetosLaravel\
ightlife\\vendor\\laravel\\framework\\src\\Illuminate\\Routing\\Pipeline.php(53): Illuminate\\Pipeline\\Pipeline->Illuminate\\Pipeline\\{closure}(Object(Illuminate\\Http\\Request))
#17 E:\\Projetos Desenvolvimento\\ProjetosPhpStorm\\ProjetosLaravel\
ightlife\\vendor\\laravel\\framework\\src\\Illuminate\\Foundation\\Http\\Middleware\\VerifyCsrfToken.php(75): Illuminate\\Routing\\Pipeline->Illuminate\\Routing\\{closure}(Object(Illuminate\\Http\\Request))
#18 E:\\Projetos Desenvolvimento\\ProjetosPhpStorm\\ProjetosLaravel\
ightlife\\vendor\\laravel\\framework\\src\\Illuminate\\Pipeline\\Pipeline.php(163): Illuminate\\Foundation\\Http\\Middleware\\VerifyCsrfToken->handle(Object(Illuminate\\Http\\Request), Object(Closure))
#19 E:\\Projetos Desenvolvimento\\ProjetosPhpStorm\\ProjetosLaravel\
ightlife\\vendor\\laravel\\framework\\src\\Illuminate\\Routing\\Pipeline.php(53): Illuminate\\Pipeline\\Pipeline->Illuminate\\Pipeline\\{closure}(Object(Illuminate\\Http\\Request))
#20 E:\\Projetos Desenvolvimento\\ProjetosPhpStorm\\ProjetosLaravel\
ightlife\\vendor\\laravel\\framework\\src\\Illuminate\\View\\Middleware\\ShareErrorsFromSession.php(49): Illuminate\\Routing\\Pipeline->Illuminate\\Routing\\{closure}(Object(Illuminate\\Http\\Request))
#21 E:\\Projetos Desenvolvimento\\ProjetosPhpStorm\\ProjetosLaravel\
ightlife\\vendor\\laravel\\framework\\src\\Illuminate\\Pipeline\\Pipeline.php(163): Illuminate\\View\\Middleware\\ShareErrorsFromSession->handle(Object(Illuminate\\Http\\Request), Object(Closure))
#22 E:\\Projetos Desenvolvimento\\ProjetosPhpStorm\\ProjetosLaravel\
ightlife\\vendor\\laravel\\framework\\src\\Illuminate\\Routing\\Pipeline.php(53): Illuminate\\Pipeline\\Pipeline->Illuminate\\Pipeline\\{closure}(Object(Illuminate\\Http\\Request))
#23 E:\\Projetos Desenvolvimento\\ProjetosPhpStorm\\ProjetosLaravel\
ightlife\\vendor\\laravel\\framework\\src\\Illuminate\\Session\\Middleware\\StartSession.php(56): Illuminate\\Routing\\Pipeline->Illuminate\\Routing\\{closure}(Object(Illuminate\\Http\\Request))
#24 E:\\Projetos Desenvolvimento\\ProjetosPhpStorm\\ProjetosLaravel\
ightlife\\vendor\\laravel\\framework\\src\\Illuminate\\Pipeline\\Pipeline.php(163): Illuminate\\Session\\Middleware\\StartSession->handle(Object(Illuminate\\Http\\Request), Object(Closure))
#25 E:\\Projetos Desenvolvimento\\ProjetosPhpStorm\\ProjetosLaravel\
ightlife\\vendor\\laravel\\framework\\src\\Illuminate\\Routing\\Pipeline.php(53): Illuminate\\Pipeline\\Pipeline->Illuminate\\Pipeline\\{closure}(Object(Illuminate\\Http\\Request))
#26 E:\\Projetos Desenvolvimento\\ProjetosPhpStorm\\ProjetosLaravel\
ightlife\\vendor\\laravel\\framework\\src\\Illuminate\\Cookie\\Middleware\\AddQueuedCookiesToResponse.php(37): Illuminate\\Routing\\Pipeline->Illuminate\\Routing\\{closure}(Object(Illuminate\\Http\\Request))
#27 E:\\Projetos Desenvolvimento\\ProjetosPhpStorm\\ProjetosLaravel\
ightlife\\vendor\\laravel\\framework\\src\\Illuminate\\Pipeline\\Pipeline.php(163): Illuminate\\Cookie\\Middleware\\AddQueuedCookiesToResponse->handle(Object(Illuminate\\Http\\Request), Object(Closure))
#28 E:\\Projetos Desenvolvimento\\ProjetosPhpStorm\\ProjetosLaravel\
ightlife\\vendor\\laravel\\framework\\src\\Illuminate\\Routing\\Pipeline.php(53): Illuminate\\Pipeline\\Pipeline->Illuminate\\Pipeline\\{closure}(Object(Illuminate\\Http\\Request))
#29 E:\\Projetos Desenvolvimento\\ProjetosPhpStorm\\ProjetosLaravel\
ightlife\\vendor\\laravel\\framework\\src\\Illuminate\\Cookie\\Middleware\\EncryptCookies.php(66): Illuminate\\Routing\\Pipeline->Illuminate\\Routing\\{closure}(Object(Illuminate\\Http\\Request))
#30 E:\\Projetos Desenvolvimento\\ProjetosPhpStorm\\ProjetosLaravel\
ightlife\\vendor\\laravel\\framework\\src\\Illuminate\\Pipeline\\Pipeline.php(163): Illuminate\\Cookie\\Middleware\\EncryptCookies->handle(Object(Illuminate\\Http\\Request), Object(Closure))
#31 E:\\Projetos Desenvolvimento\\ProjetosPhpStorm\\ProjetosLaravel\
ightlife\\vendor\\laravel\\framework\\src\\Illuminate\\Routing\\Pipeline.php(53): Illuminate\\Pipeline\\Pipeline->Illuminate\\Pipeline\\{closure}(Object(Illuminate\\Http\\Request))
#32 E:\\Projetos Desenvolvimento\\ProjetosPhpStorm\\ProjetosLaravel\
ightlife\\vendor\\laravel\\framework\\src\\Illuminate\\Pipeline\\Pipeline.php(104): Illuminate\\Routing\\Pipeline->Illuminate\\Routing\\{closure}(Object(Illuminate\\Http\\Request))
#33 E:\\Projetos Desenvolvimento\\ProjetosPhpStorm\\ProjetosLaravel\
ightlife\\vendor\\laravel\\framework\\src\\Illuminate\\Routing\\Router.php(682): Illuminate\\Pipeline\\Pipeline->then(Object(Closure))
#34 E:\\Projetos Desenvolvimento\\ProjetosPhpStorm\\ProjetosLaravel\
ightlife\\vendor\\laravel\\framework\\src\\Illuminate\\Routing\\Router.php(657): Illuminate\\Routing\\Router->runRouteWithinStack(Object(Illuminate\\Routing\\Route), Object(Illuminate\\Http\\Request))
#35 E:\\Projetos Desenvolvimento\\ProjetosPhpStorm\\ProjetosLaravel\
ightlife\\vendor\\laravel\\framework\\src\\Illuminate\\Routing\\Router.php(623): Illuminate\\Routing\\Router->runRoute(Object(Illuminate\\Http\\Request), Object(Illuminate\\Routing\\Route))
#36 E:\\Projetos Desenvolvimento\\ProjetosPhpStorm\\ProjetosLaravel\
ightlife\\vendor\\laravel\\framework\\src\\Illuminate\\Routing\\Router.php(612): Illuminate\\Routing\\Router->dispatchToRoute(Object(Illuminate\\Http\\Request))
#37 E:\\Projetos Desenvolvimento\\ProjetosPhpStorm\\ProjetosLaravel\
ightlife\\vendor\\laravel\\framework\\src\\Illuminate\\Foundation\\Http\\Kernel.php(176): Illuminate\\Routing\\Router->dispatch(Object(Illuminate\\Http\\Request))
#38 E:\\Projetos Desenvolvimento\\ProjetosPhpStorm\\ProjetosLaravel\
ightlife\\vendor\\laravel\\framework\\src\\Illuminate\\Routing\\Pipeline.php(30): Illuminate\\Foundation\\Http\\Kernel->Illuminate\\Foundation\\Http\\{closure}(Object(Illuminate\\Http\\Request))
#39 E:\\Projetos Desenvolvimento\\ProjetosPhpStorm\\ProjetosLaravel\
ightlife\\vendor\\fideloper\\proxy\\src\\TrustProxies.php(57): Illuminate\\Routing\\Pipeline->Illuminate\\Routing\\{closure}(Object(Illuminate\\Http\\Request))
#40 E:\\Projetos Desenvolvimento\\ProjetosPhpStorm\\ProjetosLaravel\
ightlife\\vendor\\laravel\\framework\\src\\Illuminate\\Pipeline\\Pipeline.php(163): Fideloper\\Proxy\\TrustProxies->handle(Object(Illuminate\\Http\\Request), Object(Closure))
#41 E:\\Projetos Desenvolvimento\\ProjetosPhpStorm\\ProjetosLaravel\
ightlife\\vendor\\laravel\\framework\\src\\Illuminate\\Routing\\Pipeline.php(53): Illuminate\\Pipeline\\Pipeline->Illuminate\\Pipeline\\{closure}(Object(Illuminate\\Http\\Request))
#42 E:\\Projetos Desenvolvimento\\ProjetosPhpStorm\\ProjetosLaravel\
ightlife\\vendor\\laravel\\framework\\src\\Illuminate\\Foundation\\Http\\Middleware\\TransformsRequest.php(21): Illuminate\\Routing\\Pipeline->Illuminate\\Routing\\{closure}(Object(Illuminate\\Http\\Request))
#43 E:\\Projetos Desenvolvimento\\ProjetosPhpStorm\\ProjetosLaravel\
ightlife\\vendor\\laravel\\framework\\src\\Illuminate\\Pipeline\\Pipeline.php(163): Illuminate\\Foundation\\Http\\Middleware\\TransformsRequest->handle(Object(Illuminate\\Http\\Request), Object(Closure))
#44 E:\\Projetos Desenvolvimento\\ProjetosPhpStorm\\ProjetosLaravel\
ightlife\\vendor\\laravel\\framework\\src\\Illuminate\\Routing\\Pipeline.php(53): Illuminate\\Pipeline\\Pipeline->Illuminate\\Pipeline\\{closure}(Object(Illuminate\\Http\\Request))
#45 E:\\Projetos Desenvolvimento\\ProjetosPhpStorm\\ProjetosLaravel\
ightlife\\vendor\\laravel\\framework\\src\\Illuminate\\Foundation\\Http\\Middleware\\TransformsRequest.php(21): Illuminate\\Routing\\Pipeline->Illuminate\\Routing\\{closure}(Object(Illuminate\\Http\\Request))
#46 E:\\Projetos Desenvolvimento\\ProjetosPhpStorm\\ProjetosLaravel\
ightlife\\vendor\\laravel\\framework\\src\\Illuminate\\Pipeline\\Pipeline.php(163): Illuminate\\Foundation\\Http\\Middleware\\TransformsRequest->handle(Object(Illuminate\\Http\\Request), Object(Closure))
#47 E:\\Projetos Desenvolvimento\\ProjetosPhpStorm\\ProjetosLaravel\
ightlife\\vendor\\laravel\\framework\\src\\Illuminate\\Routing\\Pipeline.php(53): Illuminate\\Pipeline\\Pipeline->Illuminate\\Pipeline\\{closure}(Object(Illuminate\\Http\\Request))
#48 E:\\Projetos Desenvolvimento\\ProjetosPhpStorm\\ProjetosLaravel\
ightlife\\vendor\\laravel\\framework\\src\\Illuminate\\Foundation\\Http\\Middleware\\ValidatePostSize.php(27): Illuminate\\Routing\\Pipeline->Illuminate\\Routing\\{closure}(Object(Illuminate\\Http\\Request))
#49 E:\\Projetos Desenvolvimento\\ProjetosPhpStorm\\ProjetosLaravel\
ightlife\\vendor\\laravel\\framework\\src\\Illuminate\\Pipeline\\Pipeline.php(163): Illuminate\\Foundation\\Http\\Middleware\\ValidatePostSize->handle(Object(Illuminate\\Http\\Request), Object(Closure))
#50 E:\\Projetos Desenvolvimento\\ProjetosPhpStorm\\ProjetosLaravel\
ightlife\\vendor\\laravel\\framework\\src\\Illuminate\\Routing\\Pipeline.php(53): Illuminate\\Pipeline\\Pipeline->Illuminate\\Pipeline\\{closure}(Object(Illuminate\\Http\\Request))
#51 E:\\Projetos Desenvolvimento\\ProjetosPhpStorm\\ProjetosLaravel\
ightlife\\vendor\\laravel\\framework\\src\\Illuminate\\Foundation\\Http\\Middleware\\CheckForMaintenanceMode.php(62): Illuminate\\Routing\\Pipeline->Illuminate\\Routing\\{closure}(Object(Illuminate\\Http\\Request))
#52 E:\\Projetos Desenvolvimento\\ProjetosPhpStorm\\ProjetosLaravel\
ightlife\\vendor\\laravel\\framework\\src\\Illuminate\\Pipeline\\Pipeline.php(163): Illuminate\\Foundation\\Http\\Middleware\\CheckForMaintenanceMode->handle(Object(Illuminate\\Http\\Request), Object(Closure))
#53 E:\\Projetos Desenvolvimento\\ProjetosPhpStorm\\ProjetosLaravel\
ightlife\\vendor\\laravel\\framework\\src\\Illuminate\\Routing\\Pipeline.php(53): Illuminate\\Pipeline\\Pipeline->Illuminate\\Pipeline\\{closure}(Object(Illuminate\\Http\\Request))
#54 E:\\Projetos Desenvolvimento\\ProjetosPhpStorm\\ProjetosLaravel\
ightlife\\vendor\\laravel\\framework\\src\\Illuminate\\Pipeline\\Pipeline.php(104): Illuminate\\Routing\\Pipeline->Illuminate\\Routing\\{closure}(Object(Illuminate\\Http\\Request))
#55 E:\\Projetos Desenvolvimento\\ProjetosPhpStorm\\ProjetosLaravel\
ightlife\\vendor\\laravel\\framework\\src\\Illuminate\\Foundation\\Http\\Kernel.php(151): Illuminate\\Pipeline\\Pipeline->then(Object(Closure))
#56 E:\\Projetos Desenvolvimento\\ProjetosPhpStorm\\ProjetosLaravel\
ightlife\\vendor\\laravel\\framework\\src\\Illuminate\\Foundation\\Http\\Kernel.php(116): Illuminate\\Foundation\\Http\\Kernel->sendRequestThroughRouter(Object(Illuminate\\Http\\Request))
#57 E:\\Projetos Desenvolvimento\\ProjetosPhpStorm\\ProjetosLaravel\
ightlife\\public\\index.php(55): Illuminate\\Foundation\\Http\\Kernel->handle(Object(Illuminate\\Http\\Request))
#58 {main}
"} 
[2020-02-20 00:05:46] local.ERROR: View [form.input.select2] not found. (View: E:\Projetos Desenvolvimento\ProjetosPhpStorm\ProjetosLaravel\nightlife\resources\views\admin\establishment\form.blade.php) {"userId":1,"exception":"[object] (ErrorException(code: 0): View [form.input.select2] not found. (View: E:\\Projetos Desenvolvimento\\ProjetosPhpStorm\\ProjetosLaravel\
ightlife\esources\\views\\admin\\establishment\\form.blade.php) at E:\\Projetos Desenvolvimento\\ProjetosPhpStorm\\ProjetosLaravel\
ightlife\\vendor\\laravel\\framework\\src\\Illuminate\\View\\FileViewFinder.php:137, InvalidArgumentException(code: 0): View [form.input.select2] not found. at E:\\Projetos Desenvolvimento\\ProjetosPhpStorm\\ProjetosLaravel\
ightlife\\vendor\\laravel\\framework\\src\\Illuminate\\View\\FileViewFinder.php:137)
[stacktrace]
#0 E:\\Projetos Desenvolvimento\\ProjetosPhpStorm\\ProjetosLaravel\
ightlife\\vendor\\laravel\\framework\\src\\Illuminate\\View\\Engines\\PhpEngine.php(45): Illuminate\\View\\Engines\\CompilerEngine->handleViewException(Object(InvalidArgumentException), 1)
#1 E:\\Projetos Desenvolvimento\\ProjetosPhpStorm\\ProjetosLaravel\
ightlife\\vendor\\laravel\\framework\\src\\Illuminate\\View\\Engines\\CompilerEngine.php(59): Illuminate\\View\\Engines\\PhpEngine->evaluatePath('E:\\\\Projetos Des...', Array)
#2 E:\\Projetos Desenvolvimento\\ProjetosPhpStorm\\ProjetosLaravel\
ightlife\\vendor\\laravel\\framework\\src\\Illuminate\\View\\View.php(142): Illuminate\\View\\Engines\\CompilerEngine->get('E:\\\\Projetos Des...', Array)
#3 E:\\Projetos Desenvolvimento\\ProjetosPhpStorm\\ProjetosLaravel\
ightlife\\vendor\\laravel\\framework\\src\\Illuminate\\View\\View.php(125): Illuminate\\View\\View->getContents()
#4 E:\\Projetos Desenvolvimento\\ProjetosPhpStorm\\ProjetosLaravel\
ightlife\\vendor\\laravel\\framework\\src\\Illuminate\\View\\View.php(90): Illuminate\\View\\View->renderContents()
#5 E:\\Projetos Desenvolvimento\\ProjetosPhpStorm\\ProjetosLaravel\
ightlife\\vendor\\laravel\\framework\\src\\Illuminate\\Http\\Response.php(42): Illuminate\\View\\View->render()
#6 E:\\Projetos Desenvolvimento\\ProjetosPhpStorm\\ProjetosLaravel\
ightlife\\vendor\\symfony\\http-foundation\\Response.php(202): Illuminate\\Http\\Response->setContent(Object(Illuminate\\View\\View))
#7 E:\\Projetos Desenvolvimento\\ProjetosPhpStorm\\ProjetosLaravel\
ightlife\\vendor\\laravel\\framework\\src\\Illuminate\\Routing\\Router.php(748): Symfony\\Component\\HttpFoundation\\Response->__construct(Object(Illuminate\\View\\View))
#8 E:\\Projetos Desenvolvimento\\ProjetosPhpStorm\\ProjetosLaravel\
ightlife\\vendor\\laravel\\framework\\src\\Illuminate\\Routing\\Router.php(720): Illuminate\\Routing\\Router::toResponse(Object(Illuminate\\Http\\Request), Object(Illuminate\\View\\View))
#9 E:\\Projetos Desenvolvimento\\ProjetosPhpStorm\\ProjetosLaravel\
ightlife\\vendor\\laravel\\framework\\src\\Illuminate\\Routing\\Router.php(680): Illuminate\\Routing\\Router->prepareResponse(Object(Illuminate\\Http\\Request), Object(Illuminate\\View\\View))
#10 E:\\Projetos Desenvolvimento\\ProjetosPhpStorm\\ProjetosLaravel\
ightlife\\vendor\\laravel\\framework\\src\\Illuminate\\Routing\\Pipeline.php(30): Illuminate\\Routing\\Router->Illuminate\\Routing\\{closure}(Object(Illuminate\\Http\\Request))
#11 E:\\Projetos Desenvolvimento\\ProjetosPhpStorm\\ProjetosLaravel\
ightlife\\vendor\\laravel\\framework\\src\\Illuminate\\Routing\\Middleware\\SubstituteBindings.php(41): Illuminate\\Routing\\Pipeline->Illuminate\\Routing\\{closure}(Object(Illuminate\\Http\\Request))
#12 E:\\Projetos Desenvolvimento\\ProjetosPhpStorm\\ProjetosLaravel\
ightlife\\vendor\\laravel\\framework\\src\\Illuminate\\Pipeline\\Pipeline.php(163): Illuminate\\Routing\\Middleware\\SubstituteBindings->handle(Object(Illuminate\\Http\\Request), Object(Closure))
#13 E:\\Projetos Desenvolvimento\\ProjetosPhpStorm\\ProjetosLaravel\
ightlife\\vendor\\laravel\\framework\\src\\Illuminate\\Routing\\Pipeline.php(53): Illuminate\\Pipeline\\Pipeline->Illuminate\\Pipeline\\{closure}(Object(Illuminate\\Http\\Request))
#14 E:\\Projetos Desenvolvimento\\ProjetosPhpStorm\\ProjetosLaravel\
ightlife\\vendor\\laravel\\framework\\src\\Illuminate\\Auth\\Middleware\\Authenticate.php(43): Illuminate\\Routing\\Pipeline->Illuminate\\Routing\\{closure}(Object(Illuminate\\Http\\Request))
#15 E:\\Projetos Desenvolvimento\\ProjetosPhpStorm\\ProjetosLaravel\
ightlife\\vendor\\laravel\\framework\\src\\Illuminate\\Pipeline\\Pipeline.php(163): Illuminate\\Auth\\Middleware\\Authenticate->handle(Object(Illuminate\\Http\\Request), Object(Closure))
#16 E:\\Projetos Desenvolvimento\\ProjetosPhpStorm\\ProjetosLaravel\
ightlife\\vendor\\laravel\\framework\\src\\Illuminate\\Routing\\Pipeline.php(53): Illuminate\\Pipeline\\Pipeline->Illuminate\\Pipeline\\{closure}(Object(Illuminate\\Http\\Request))
#17 E:\\Projetos Desenvolvimento\\ProjetosPhpStorm\\ProjetosLaravel\
ightlife\\vendor\\laravel\\framework\\src\\Illuminate\\Foundation\\Http\\Middleware\\VerifyCsrfToken.php(75): Illuminate\\Routing\\Pipeline->Illuminate\\Routing\\{closure}(Object(Illuminate\\Http\\Request))
#18 E:\\Projetos Desenvolvimento\\ProjetosPhpStorm\\ProjetosLaravel\
ightlife\\vendor\\laravel\\framework\\src\\Illuminate\\Pipeline\\Pipeline.php(163): Illuminate\\Foundation\\Http\\Middleware\\VerifyCsrfToken->handle(Object(Illuminate\\Http\\Request), Object(Closure))
#19 E:\\Projetos Desenvolvimento\\ProjetosPhpStorm\\ProjetosLaravel\
ightlife\\vendor\\laravel\\framework\\src\\Illuminate\\Routing\\Pipeline.php(53): Illuminate\\Pipeline\\Pipeline->Illuminate\\Pipeline\\{closure}(Object(Illuminate\\Http\\Request))
#20 E:\\Projetos Desenvolvimento\\ProjetosPhpStorm\\ProjetosLaravel\
ightlife\\vendor\\laravel\\framework\\src\\Illuminate\\View\\Middleware\\ShareErrorsFromSession.php(49): Illuminate\\Routing\\Pipeline->Illuminate\\Routing\\{closure}(Object(Illuminate\\Http\\Request))
#21 E:\\Projetos Desenvolvimento\\ProjetosPhpStorm\\ProjetosLaravel\
ightlife\\vendor\\laravel\\framework\\src\\Illuminate\\Pipeline\\Pipeline.php(163): Illuminate\\View\\Middleware\\ShareErrorsFromSession->handle(Object(Illuminate\\Http\\Request), Object(Closure))
#22 E:\\Projetos Desenvolvimento\\ProjetosPhpStorm\\ProjetosLaravel\
ightlife\\vendor\\laravel\\framework\\src\\Illuminate\\Routing\\Pipeline.php(53): Illuminate\\Pipeline\\Pipeline->Illuminate\\Pipeline\\{closure}(Object(Illuminate\\Http\\Request))
#23 E:\\Projetos Desenvolvimento\\ProjetosPhpStorm\\ProjetosLaravel\
ightlife\\vendor\\laravel\\framework\\src\\Illuminate\\Session\\Middleware\\StartSession.php(56): Illuminate\\Routing\\Pipeline->Illuminate\\Routing\\{closure}(Object(Illuminate\\Http\\Request))
#24 E:\\Projetos Desenvolvimento\\ProjetosPhpStorm\\ProjetosLaravel\
ightlife\\vendor\\laravel\\framework\\src\\Illuminate\\Pipeline\\Pipeline.php(163): Illuminate\\Session\\Middleware\\StartSession->handle(Object(Illuminate\\Http\\Request), Object(Closure))
#25 E:\\Projetos Desenvolvimento\\ProjetosPhpStorm\\ProjetosLaravel\
ightlife\\vendor\\laravel\\framework\\src\\Illuminate\\Routing\\Pipeline.php(53): Illuminate\\Pipeline\\Pipeline->Illuminate\\Pipeline\\{closure}(Object(Illuminate\\Http\\Request))
#26 E:\\Projetos Desenvolvimento\\ProjetosPhpStorm\\ProjetosLaravel\
ightlife\\vendor\\laravel\\framework\\src\\Illuminate\\Cookie\\Middleware\\AddQueuedCookiesToResponse.php(37): Illuminate\\Routing\\Pipeline->Illuminate\\Routing\\{closure}(Object(Illuminate\\Http\\Request))
#27 E:\\Projetos Desenvolvimento\\ProjetosPhpStorm\\ProjetosLaravel\
ightlife\\vendor\\laravel\\framework\\src\\Illuminate\\Pipeline\\Pipeline.php(163): Illuminate\\Cookie\\Middleware\\AddQueuedCookiesToResponse->handle(Object(Illuminate\\Http\\Request), Object(Closure))
#28 E:\\Projetos Desenvolvimento\\ProjetosPhpStorm\\ProjetosLaravel\
ightlife\\vendor\\laravel\\framework\\src\\Illuminate\\Routing\\Pipeline.php(53): Illuminate\\Pipeline\\Pipeline->Illuminate\\Pipeline\\{closure}(Object(Illuminate\\Http\\Request))
#29 E:\\Projetos Desenvolvimento\\ProjetosPhpStorm\\ProjetosLaravel\
ightlife\\vendor\\laravel\\framework\\src\\Illuminate\\Cookie\\Middleware\\EncryptCookies.php(66): Illuminate\\Routing\\Pipeline->Illuminate\\Routing\\{closure}(Object(Illuminate\\Http\\Request))
#30 E:\\Projetos Desenvolvimento\\ProjetosPhpStorm\\ProjetosLaravel\
ightlife\\vendor\\laravel\\framework\\src\\Illuminate\\Pipeline\\Pipeline.php(163): Illuminate\\Cookie\\Middleware\\EncryptCookies->handle(Object(Illuminate\\Http\\Request), Object(Closure))
#31 E:\\Projetos Desenvolvimento\\ProjetosPhpStorm\\ProjetosLaravel\
ightlife\\vendor\\laravel\\framework\\src\\Illuminate\\Routing\\Pipeline.php(53): Illuminate\\Pipeline\\Pipeline->Illuminate\\Pipeline\\{closure}(Object(Illuminate\\Http\\Request))
#32 E:\\Projetos Desenvolvimento\\ProjetosPhpStorm\\ProjetosLaravel\
ightlife\\vendor\\laravel\\framework\\src\\Illuminate\\Pipeline\\Pipeline.php(104): Illuminate\\Routing\\Pipeline->Illuminate\\Routing\\{closure}(Object(Illuminate\\Http\\Request))
#33 E:\\Projetos Desenvolvimento\\ProjetosPhpStorm\\ProjetosLaravel\
ightlife\\vendor\\laravel\\framework\\src\\Illuminate\\Routing\\Router.php(682): Illuminate\\Pipeline\\Pipeline->then(Object(Closure))
#34 E:\\Projetos Desenvolvimento\\ProjetosPhpStorm\\ProjetosLaravel\
ightlife\\vendor\\laravel\\framework\\src\\Illuminate\\Routing\\Router.php(657): Illuminate\\Routing\\Router->runRouteWithinStack(Object(Illuminate\\Routing\\Route), Object(Illuminate\\Http\\Request))
#35 E:\\Projetos Desenvolvimento\\ProjetosPhpStorm\\ProjetosLaravel\
ightlife\\vendor\\laravel\\framework\\src\\Illuminate\\Routing\\Router.php(623): Illuminate\\Routing\\Router->runRoute(Object(Illuminate\\Http\\Request), Object(Illuminate\\Routing\\Route))
#36 E:\\Projetos Desenvolvimento\\ProjetosPhpStorm\\ProjetosLaravel\
ightlife\\vendor\\laravel\\framework\\src\\Illuminate\\Routing\\Router.php(612): Illuminate\\Routing\\Router->dispatchToRoute(Object(Illuminate\\Http\\Request))
#37 E:\\Projetos Desenvolvimento\\ProjetosPhpStorm\\ProjetosLaravel\
ightlife\\vendor\\laravel\\framework\\src\\Illuminate\\Foundation\\Http\\Kernel.php(176): Illuminate\\Routing\\Router->dispatch(Object(Illuminate\\Http\\Request))
#38 E:\\Projetos Desenvolvimento\\ProjetosPhpStorm\\ProjetosLaravel\
ightlife\\vendor\\laravel\\framework\\src\\Illuminate\\Routing\\Pipeline.php(30): Illuminate\\Foundation\\Http\\Kernel->Illuminate\\Foundation\\Http\\{closure}(Object(Illuminate\\Http\\Request))
#39 E:\\Projetos Desenvolvimento\\ProjetosPhpStorm\\ProjetosLaravel\
ightlife\\vendor\\fideloper\\proxy\\src\\TrustProxies.php(57): Illuminate\\Routing\\Pipeline->Illuminate\\Routing\\{closure}(Object(Illuminate\\Http\\Request))
#40 E:\\Projetos Desenvolvimento\\ProjetosPhpStorm\\ProjetosLaravel\
ightlife\\vendor\\laravel\\framework\\src\\Illuminate\\Pipeline\\Pipeline.php(163): Fideloper\\Proxy\\TrustProxies->handle(Object(Illuminate\\Http\\Request), Object(Closure))
#41 E:\\Projetos Desenvolvimento\\ProjetosPhpStorm\\ProjetosLaravel\
ightlife\\vendor\\laravel\\framework\\src\\Illuminate\\Routing\\Pipeline.php(53): Illuminate\\Pipeline\\Pipeline->Illuminate\\Pipeline\\{closure}(Object(Illuminate\\Http\\Request))
#42 E:\\Projetos Desenvolvimento\\ProjetosPhpStorm\\ProjetosLaravel\
ightlife\\vendor\\laravel\\framework\\src\\Illuminate\\Foundation\\Http\\Middleware\\TransformsRequest.php(21): Illuminate\\Routing\\Pipeline->Illuminate\\Routing\\{closure}(Object(Illuminate\\Http\\Request))
#43 E:\\Projetos Desenvolvimento\\ProjetosPhpStorm\\ProjetosLaravel\
ightlife\\vendor\\laravel\\framework\\src\\Illuminate\\Pipeline\\Pipeline.php(163): Illuminate\\Foundation\\Http\\Middleware\\TransformsRequest->handle(Object(Illuminate\\Http\\Request), Object(Closure))
#44 E:\\Projetos Desenvolvimento\\ProjetosPhpStorm\\ProjetosLaravel\
ightlife\\vendor\\laravel\\framework\\src\\Illuminate\\Routing\\Pipeline.php(53): Illuminate\\Pipeline\\Pipeline->Illuminate\\Pipeline\\{closure}(Object(Illuminate\\Http\\Request))
#45 E:\\Projetos Desenvolvimento\\ProjetosPhpStorm\\ProjetosLaravel\
ightlife\\vendor\\laravel\\framework\\src\\Illuminate\\Foundation\\Http\\Middleware\\TransformsRequest.php(21): Illuminate\\Routing\\Pipeline->Illuminate\\Routing\\{closure}(Object(Illuminate\\Http\\Request))
#46 E:\\Projetos Desenvolvimento\\ProjetosPhpStorm\\ProjetosLaravel\
ightlife\\vendor\\laravel\\framework\\src\\Illuminate\\Pipeline\\Pipeline.php(163): Illuminate\\Foundation\\Http\\Middleware\\TransformsRequest->handle(Object(Illuminate\\Http\\Request), Object(Closure))
#47 E:\\Projetos Desenvolvimento\\ProjetosPhpStorm\\ProjetosLaravel\
ightlife\\vendor\\laravel\\framework\\src\\Illuminate\\Routing\\Pipeline.php(53): Illuminate\\Pipeline\\Pipeline->Illuminate\\Pipeline\\{closure}(Object(Illuminate\\Http\\Request))
#48 E:\\Projetos Desenvolvimento\\ProjetosPhpStorm\\ProjetosLaravel\
ightlife\\vendor\\laravel\\framework\\src\\Illuminate\\Foundation\\Http\\Middleware\\ValidatePostSize.php(27): Illuminate\\Routing\\Pipeline->Illuminate\\Routing\\{closure}(Object(Illuminate\\Http\\Request))
#49 E:\\Projetos Desenvolvimento\\ProjetosPhpStorm\\ProjetosLaravel\
ightlife\\vendor\\laravel\\framework\\src\\Illuminate\\Pipeline\\Pipeline.php(163): Illuminate\\Foundation\\Http\\Middleware\\ValidatePostSize->handle(Object(Illuminate\\Http\\Request), Object(Closure))
#50 E:\\Projetos Desenvolvimento\\ProjetosPhpStorm\\ProjetosLaravel\
ightlife\\vendor\\laravel\\framework\\src\\Illuminate\\Routing\\Pipeline.php(53): Illuminate\\Pipeline\\Pipeline->Illuminate\\Pipeline\\{closure}(Object(Illuminate\\Http\\Request))
#51 E:\\Projetos Desenvolvimento\\ProjetosPhpStorm\\ProjetosLaravel\
ightlife\\vendor\\laravel\\framework\\src\\Illuminate\\Foundation\\Http\\Middleware\\CheckForMaintenanceMode.php(62): Illuminate\\Routing\\Pipeline->Illuminate\\Routing\\{closure}(Object(Illuminate\\Http\\Request))
#52 E:\\Projetos Desenvolvimento\\ProjetosPhpStorm\\ProjetosLaravel\
ightlife\\vendor\\laravel\\framework\\src\\Illuminate\\Pipeline\\Pipeline.php(163): Illuminate\\Foundation\\Http\\Middleware\\CheckForMaintenanceMode->handle(Object(Illuminate\\Http\\Request), Object(Closure))
#53 E:\\Projetos Desenvolvimento\\ProjetosPhpStorm\\ProjetosLaravel\
ightlife\\vendor\\laravel\\framework\\src\\Illuminate\\Routing\\Pipeline.php(53): Illuminate\\Pipeline\\Pipeline->Illuminate\\Pipeline\\{closure}(Object(Illuminate\\Http\\Request))
#54 E:\\Projetos Desenvolvimento\\ProjetosPhpStorm\\ProjetosLaravel\
ightlife\\vendor\\laravel\\framework\\src\\Illuminate\\Pipeline\\Pipeline.php(104): Illuminate\\Routing\\Pipeline->Illuminate\\Routing\\{closure}(Object(Illuminate\\Http\\Request))
#55 E:\\Projetos Desenvolvimento\\ProjetosPhpStorm\\ProjetosLaravel\
ightlife\\vendor\\laravel\\framework\\src\\Illuminate\\Foundation\\Http\\Kernel.php(151): Illuminate\\Pipeline\\Pipeline->then(Object(Closure))
#56 E:\\Projetos Desenvolvimento\\ProjetosPhpStorm\\ProjetosLaravel\
ightlife\\vendor\\laravel\\framework\\src\\Illuminate\\Foundation\\Http\\Kernel.php(116): Illuminate\\Foundation\\Http\\Kernel->sendRequestThroughRouter(Object(Illuminate\\Http\\Request))
#57 E:\\Projetos Desenvolvimento\\ProjetosPhpStorm\\ProjetosLaravel\
ightlife\\public\\index.php(55): Illuminate\\Foundation\\Http\\Kernel->handle(Object(Illuminate\\Http\\Request))
#58 {main}
"} 
[2020-02-20 00:05:50] local.ERROR: View [form.input.text] not found. (View: E:\Projetos Desenvolvimento\ProjetosPhpStorm\ProjetosLaravel\nightlife\resources\views\admin\establishment\form.blade.php) {"userId":1,"exception":"[object] (ErrorException(code: 0): View [form.input.text] not found. (View: E:\\Projetos Desenvolvimento\\ProjetosPhpStorm\\ProjetosLaravel\
ightlife\esources\\views\\admin\\establishment\\form.blade.php) at E:\\Projetos Desenvolvimento\\ProjetosPhpStorm\\ProjetosLaravel\
ightlife\\vendor\\laravel\\framework\\src\\Illuminate\\View\\FileViewFinder.php:137, InvalidArgumentException(code: 0): View [form.input.text] not found. at E:\\Projetos Desenvolvimento\\ProjetosPhpStorm\\ProjetosLaravel\
ightlife\\vendor\\laravel\\framework\\src\\Illuminate\\View\\FileViewFinder.php:137)
[stacktrace]
#0 E:\\Projetos Desenvolvimento\\ProjetosPhpStorm\\ProjetosLaravel\
ightlife\\vendor\\laravel\\framework\\src\\Illuminate\\View\\Engines\\PhpEngine.php(45): Illuminate\\View\\Engines\\CompilerEngine->handleViewException(Object(InvalidArgumentException), 1)
#1 E:\\Projetos Desenvolvimento\\ProjetosPhpStorm\\ProjetosLaravel\
ightlife\\vendor\\laravel\\framework\\src\\Illuminate\\View\\Engines\\CompilerEngine.php(59): Illuminate\\View\\Engines\\PhpEngine->evaluatePath('E:\\\\Projetos Des...', Array)
#2 E:\\Projetos Desenvolvimento\\ProjetosPhpStorm\\ProjetosLaravel\
ightlife\\vendor\\laravel\\framework\\src\\Illuminate\\View\\View.php(142): Illuminate\\View\\Engines\\CompilerEngine->get('E:\\\\Projetos Des...', Array)
#3 E:\\Projetos Desenvolvimento\\ProjetosPhpStorm\\ProjetosLaravel\
ightlife\\vendor\\laravel\\framework\\src\\Illuminate\\View\\View.php(125): Illuminate\\View\\View->getContents()
#4 E:\\Projetos Desenvolvimento\\ProjetosPhpStorm\\ProjetosLaravel\
ightlife\\vendor\\laravel\\framework\\src\\Illuminate\\View\\View.php(90): Illuminate\\View\\View->renderContents()
#5 E:\\Projetos Desenvolvimento\\ProjetosPhpStorm\\ProjetosLaravel\
ightlife\\vendor\\laravel\\framework\\src\\Illuminate\\Http\\Response.php(42): Illuminate\\View\\View->render()
#6 E:\\Projetos Desenvolvimento\\ProjetosPhpStorm\\ProjetosLaravel\
ightlife\\vendor\\symfony\\http-foundation\\Response.php(202): Illuminate\\Http\\Response->setContent(Object(Illuminate\\View\\View))
#7 E:\\Projetos Desenvolvimento\\ProjetosPhpStorm\\ProjetosLaravel\
ightlife\\vendor\\laravel\\framework\\src\\Illuminate\\Routing\\Router.php(748): Symfony\\Component\\HttpFoundation\\Response->__construct(Object(Illuminate\\View\\View))
#8 E:\\Projetos Desenvolvimento\\ProjetosPhpStorm\\ProjetosLaravel\
ightlife\\vendor\\laravel\\framework\\src\\Illuminate\\Routing\\Router.php(720): Illuminate\\Routing\\Router::toResponse(Object(Illuminate\\Http\\Request), Object(Illuminate\\View\\View))
#9 E:\\Projetos Desenvolvimento\\ProjetosPhpStorm\\ProjetosLaravel\
ightlife\\vendor\\laravel\\framework\\src\\Illuminate\\Routing\\Router.php(680): Illuminate\\Routing\\Router->prepareResponse(Object(Illuminate\\Http\\Request), Object(Illuminate\\View\\View))
#10 E:\\Projetos Desenvolvimento\\ProjetosPhpStorm\\ProjetosLaravel\
ightlife\\vendor\\laravel\\framework\\src\\Illuminate\\Routing\\Pipeline.php(30): Illuminate\\Routing\\Router->Illuminate\\Routing\\{closure}(Object(Illuminate\\Http\\Request))
#11 E:\\Projetos Desenvolvimento\\ProjetosPhpStorm\\ProjetosLaravel\
ightlife\\vendor\\laravel\\framework\\src\\Illuminate\\Routing\\Middleware\\SubstituteBindings.php(41): Illuminate\\Routing\\Pipeline->Illuminate\\Routing\\{closure}(Object(Illuminate\\Http\\Request))
#12 E:\\Projetos Desenvolvimento\\ProjetosPhpStorm\\ProjetosLaravel\
ightlife\\vendor\\laravel\\framework\\src\\Illuminate\\Pipeline\\Pipeline.php(163): Illuminate\\Routing\\Middleware\\SubstituteBindings->handle(Object(Illuminate\\Http\\Request), Object(Closure))
#13 E:\\Projetos Desenvolvimento\\ProjetosPhpStorm\\ProjetosLaravel\
ightlife\\vendor\\laravel\\framework\\src\\Illuminate\\Routing\\Pipeline.php(53): Illuminate\\Pipeline\\Pipeline->Illuminate\\Pipeline\\{closure}(Object(Illuminate\\Http\\Request))
#14 E:\\Projetos Desenvolvimento\\ProjetosPhpStorm\\ProjetosLaravel\
ightlife\\vendor\\laravel\\framework\\src\\Illuminate\\Auth\\Middleware\\Authenticate.php(43): Illuminate\\Routing\\Pipeline->Illuminate\\Routing\\{closure}(Object(Illuminate\\Http\\Request))
#15 E:\\Projetos Desenvolvimento\\ProjetosPhpStorm\\ProjetosLaravel\
ightlife\\vendor\\laravel\\framework\\src\\Illuminate\\Pipeline\\Pipeline.php(163): Illuminate\\Auth\\Middleware\\Authenticate->handle(Object(Illuminate\\Http\\Request), Object(Closure))
#16 E:\\Projetos Desenvolvimento\\ProjetosPhpStorm\\ProjetosLaravel\
ightlife\\vendor\\laravel\\framework\\src\\Illuminate\\Routing\\Pipeline.php(53): Illuminate\\Pipeline\\Pipeline->Illuminate\\Pipeline\\{closure}(Object(Illuminate\\Http\\Request))
#17 E:\\Projetos Desenvolvimento\\ProjetosPhpStorm\\ProjetosLaravel\
ightlife\\vendor\\laravel\\framework\\src\\Illuminate\\Foundation\\Http\\Middleware\\VerifyCsrfToken.php(75): Illuminate\\Routing\\Pipeline->Illuminate\\Routing\\{closure}(Object(Illuminate\\Http\\Request))
#18 E:\\Projetos Desenvolvimento\\ProjetosPhpStorm\\ProjetosLaravel\
ightlife\\vendor\\laravel\\framework\\src\\Illuminate\\Pipeline\\Pipeline.php(163): Illuminate\\Foundation\\Http\\Middleware\\VerifyCsrfToken->handle(Object(Illuminate\\Http\\Request), Object(Closure))
#19 E:\\Projetos Desenvolvimento\\ProjetosPhpStorm\\ProjetosLaravel\
ightlife\\vendor\\laravel\\framework\\src\\Illuminate\\Routing\\Pipeline.php(53): Illuminate\\Pipeline\\Pipeline->Illuminate\\Pipeline\\{closure}(Object(Illuminate\\Http\\Request))
#20 E:\\Projetos Desenvolvimento\\ProjetosPhpStorm\\ProjetosLaravel\
ightlife\\vendor\\laravel\\framework\\src\\Illuminate\\View\\Middleware\\ShareErrorsFromSession.php(49): Illuminate\\Routing\\Pipeline->Illuminate\\Routing\\{closure}(Object(Illuminate\\Http\\Request))
#21 E:\\Projetos Desenvolvimento\\ProjetosPhpStorm\\ProjetosLaravel\
ightlife\\vendor\\laravel\\framework\\src\\Illuminate\\Pipeline\\Pipeline.php(163): Illuminate\\View\\Middleware\\ShareErrorsFromSession->handle(Object(Illuminate\\Http\\Request), Object(Closure))
#22 E:\\Projetos Desenvolvimento\\ProjetosPhpStorm\\ProjetosLaravel\
ightlife\\vendor\\laravel\\framework\\src\\Illuminate\\Routing\\Pipeline.php(53): Illuminate\\Pipeline\\Pipeline->Illuminate\\Pipeline\\{closure}(Object(Illuminate\\Http\\Request))
#23 E:\\Projetos Desenvolvimento\\ProjetosPhpStorm\\ProjetosLaravel\
ightlife\\vendor\\laravel\\framework\\src\\Illuminate\\Session\\Middleware\\StartSession.php(56): Illuminate\\Routing\\Pipeline->Illuminate\\Routing\\{closure}(Object(Illuminate\\Http\\Request))
#24 E:\\Projetos Desenvolvimento\\ProjetosPhpStorm\\ProjetosLaravel\
ightlife\\vendor\\laravel\\framework\\src\\Illuminate\\Pipeline\\Pipeline.php(163): Illuminate\\Session\\Middleware\\StartSession->handle(Object(Illuminate\\Http\\Request), Object(Closure))
#25 E:\\Projetos Desenvolvimento\\ProjetosPhpStorm\\ProjetosLaravel\
ightlife\\vendor\\laravel\\framework\\src\\Illuminate\\Routing\\Pipeline.php(53): Illuminate\\Pipeline\\Pipeline->Illuminate\\Pipeline\\{closure}(Object(Illuminate\\Http\\Request))
#26 E:\\Projetos Desenvolvimento\\ProjetosPhpStorm\\ProjetosLaravel\
ightlife\\vendor\\laravel\\framework\\src\\Illuminate\\Cookie\\Middleware\\AddQueuedCookiesToResponse.php(37): Illuminate\\Routing\\Pipeline->Illuminate\\Routing\\{closure}(Object(Illuminate\\Http\\Request))
#27 E:\\Projetos Desenvolvimento\\ProjetosPhpStorm\\ProjetosLaravel\
ightlife\\vendor\\laravel\\framework\\src\\Illuminate\\Pipeline\\Pipeline.php(163): Illuminate\\Cookie\\Middleware\\AddQueuedCookiesToResponse->handle(Object(Illuminate\\Http\\Request), Object(Closure))
#28 E:\\Projetos Desenvolvimento\\ProjetosPhpStorm\\ProjetosLaravel\
ightlife\\vendor\\laravel\\framework\\src\\Illuminate\\Routing\\Pipeline.php(53): Illuminate\\Pipeline\\Pipeline->Illuminate\\Pipeline\\{closure}(Object(Illuminate\\Http\\Request))
#29 E:\\Projetos Desenvolvimento\\ProjetosPhpStorm\\ProjetosLaravel\
ightlife\\vendor\\laravel\\framework\\src\\Illuminate\\Cookie\\Middleware\\EncryptCookies.php(66): Illuminate\\Routing\\Pipeline->Illuminate\\Routing\\{closure}(Object(Illuminate\\Http\\Request))
#30 E:\\Projetos Desenvolvimento\\ProjetosPhpStorm\\ProjetosLaravel\
ightlife\\vendor\\laravel\\framework\\src\\Illuminate\\Pipeline\\Pipeline.php(163): Illuminate\\Cookie\\Middleware\\EncryptCookies->handle(Object(Illuminate\\Http\\Request), Object(Closure))
#31 E:\\Projetos Desenvolvimento\\ProjetosPhpStorm\\ProjetosLaravel\
ightlife\\vendor\\laravel\\framework\\src\\Illuminate\\Routing\\Pipeline.php(53): Illuminate\\Pipeline\\Pipeline->Illuminate\\Pipeline\\{closure}(Object(Illuminate\\Http\\Request))
#32 E:\\Projetos Desenvolvimento\\ProjetosPhpStorm\\ProjetosLaravel\
ightlife\\vendor\\laravel\\framework\\src\\Illuminate\\Pipeline\\Pipeline.php(104): Illuminate\\Routing\\Pipeline->Illuminate\\Routing\\{closure}(Object(Illuminate\\Http\\Request))
#33 E:\\Projetos Desenvolvimento\\ProjetosPhpStorm\\ProjetosLaravel\
ightlife\\vendor\\laravel\\framework\\src\\Illuminate\\Routing\\Router.php(682): Illuminate\\Pipeline\\Pipeline->then(Object(Closure))
#34 E:\\Projetos Desenvolvimento\\ProjetosPhpStorm\\ProjetosLaravel\
ightlife\\vendor\\laravel\\framework\\src\\Illuminate\\Routing\\Router.php(657): Illuminate\\Routing\\Router->runRouteWithinStack(Object(Illuminate\\Routing\\Route), Object(Illuminate\\Http\\Request))
#35 E:\\Projetos Desenvolvimento\\ProjetosPhpStorm\\ProjetosLaravel\
ightlife\\vendor\\laravel\\framework\\src\\Illuminate\\Routing\\Router.php(623): Illuminate\\Routing\\Router->runRoute(Object(Illuminate\\Http\\Request), Object(Illuminate\\Routing\\Route))
#36 E:\\Projetos Desenvolvimento\\ProjetosPhpStorm\\ProjetosLaravel\
ightlife\\vendor\\laravel\\framework\\src\\Illuminate\\Routing\\Router.php(612): Illuminate\\Routing\\Router->dispatchToRoute(Object(Illuminate\\Http\\Request))
#37 E:\\Projetos Desenvolvimento\\ProjetosPhpStorm\\ProjetosLaravel\
ightlife\\vendor\\laravel\\framework\\src\\Illuminate\\Foundation\\Http\\Kernel.php(176): Illuminate\\Routing\\Router->dispatch(Object(Illuminate\\Http\\Request))
#38 E:\\Projetos Desenvolvimento\\ProjetosPhpStorm\\ProjetosLaravel\
ightlife\\vendor\\laravel\\framework\\src\\Illuminate\\Routing\\Pipeline.php(30): Illuminate\\Foundation\\Http\\Kernel->Illuminate\\Foundation\\Http\\{closure}(Object(Illuminate\\Http\\Request))
#39 E:\\Projetos Desenvolvimento\\ProjetosPhpStorm\\ProjetosLaravel\
ightlife\\vendor\\fideloper\\proxy\\src\\TrustProxies.php(57): Illuminate\\Routing\\Pipeline->Illuminate\\Routing\\{closure}(Object(Illuminate\\Http\\Request))
#40 E:\\Projetos Desenvolvimento\\ProjetosPhpStorm\\ProjetosLaravel\
ightlife\\vendor\\laravel\\framework\\src\\Illuminate\\Pipeline\\Pipeline.php(163): Fideloper\\Proxy\\TrustProxies->handle(Object(Illuminate\\Http\\Request), Object(Closure))
#41 E:\\Projetos Desenvolvimento\\ProjetosPhpStorm\\ProjetosLaravel\
ightlife\\vendor\\laravel\\framework\\src\\Illuminate\\Routing\\Pipeline.php(53): Illuminate\\Pipeline\\Pipeline->Illuminate\\Pipeline\\{closure}(Object(Illuminate\\Http\\Request))
#42 E:\\Projetos Desenvolvimento\\ProjetosPhpStorm\\ProjetosLaravel\
ightlife\\vendor\\laravel\\framework\\src\\Illuminate\\Foundation\\Http\\Middleware\\TransformsRequest.php(21): Illuminate\\Routing\\Pipeline->Illuminate\\Routing\\{closure}(Object(Illuminate\\Http\\Request))
#43 E:\\Projetos Desenvolvimento\\ProjetosPhpStorm\\ProjetosLaravel\
ightlife\\vendor\\laravel\\framework\\src\\Illuminate\\Pipeline\\Pipeline.php(163): Illuminate\\Foundation\\Http\\Middleware\\TransformsRequest->handle(Object(Illuminate\\Http\\Request), Object(Closure))
#44 E:\\Projetos Desenvolvimento\\ProjetosPhpStorm\\ProjetosLaravel\
ightlife\\vendor\\laravel\\framework\\src\\Illuminate\\Routing\\Pipeline.php(53): Illuminate\\Pipeline\\Pipeline->Illuminate\\Pipeline\\{closure}(Object(Illuminate\\Http\\Request))
#45 E:\\Projetos Desenvolvimento\\ProjetosPhpStorm\\ProjetosLaravel\
ightlife\\vendor\\laravel\\framework\\src\\Illuminate\\Foundation\\Http\\Middleware\\TransformsRequest.php(21): Illuminate\\Routing\\Pipeline->Illuminate\\Routing\\{closure}(Object(Illuminate\\Http\\Request))
#46 E:\\Projetos Desenvolvimento\\ProjetosPhpStorm\\ProjetosLaravel\
ightlife\\vendor\\laravel\\framework\\src\\Illuminate\\Pipeline\\Pipeline.php(163): Illuminate\\Foundation\\Http\\Middleware\\TransformsRequest->handle(Object(Illuminate\\Http\\Request), Object(Closure))
#47 E:\\Projetos Desenvolvimento\\ProjetosPhpStorm\\ProjetosLaravel\
ightlife\\vendor\\laravel\\framework\\src\\Illuminate\\Routing\\Pipeline.php(53): Illuminate\\Pipeline\\Pipeline->Illuminate\\Pipeline\\{closure}(Object(Illuminate\\Http\\Request))
#48 E:\\Projetos Desenvolvimento\\ProjetosPhpStorm\\ProjetosLaravel\
ightlife\\vendor\\laravel\\framework\\src\\Illuminate\\Foundation\\Http\\Middleware\\ValidatePostSize.php(27): Illuminate\\Routing\\Pipeline->Illuminate\\Routing\\{closure}(Object(Illuminate\\Http\\Request))
#49 E:\\Projetos Desenvolvimento\\ProjetosPhpStorm\\ProjetosLaravel\
ightlife\\vendor\\laravel\\framework\\src\\Illuminate\\Pipeline\\Pipeline.php(163): Illuminate\\Foundation\\Http\\Middleware\\ValidatePostSize->handle(Object(Illuminate\\Http\\Request), Object(Closure))
#50 E:\\Projetos Desenvolvimento\\ProjetosPhpStorm\\ProjetosLaravel\
ightlife\\vendor\\laravel\\framework\\src\\Illuminate\\Routing\\Pipeline.php(53): Illuminate\\Pipeline\\Pipeline->Illuminate\\Pipeline\\{closure}(Object(Illuminate\\Http\\Request))
#51 E:\\Projetos Desenvolvimento\\ProjetosPhpStorm\\ProjetosLaravel\
ightlife\\vendor\\laravel\\framework\\src\\Illuminate\\Foundation\\Http\\Middleware\\CheckForMaintenanceMode.php(62): Illuminate\\Routing\\Pipeline->Illuminate\\Routing\\{closure}(Object(Illuminate\\Http\\Request))
#52 E:\\Projetos Desenvolvimento\\ProjetosPhpStorm\\ProjetosLaravel\
ightlife\\vendor\\laravel\\framework\\src\\Illuminate\\Pipeline\\Pipeline.php(163): Illuminate\\Foundation\\Http\\Middleware\\CheckForMaintenanceMode->handle(Object(Illuminate\\Http\\Request), Object(Closure))
#53 E:\\Projetos Desenvolvimento\\ProjetosPhpStorm\\ProjetosLaravel\
ightlife\\vendor\\laravel\\framework\\src\\Illuminate\\Routing\\Pipeline.php(53): Illuminate\\Pipeline\\Pipeline->Illuminate\\Pipeline\\{closure}(Object(Illuminate\\Http\\Request))
#54 E:\\Projetos Desenvolvimento\\ProjetosPhpStorm\\ProjetosLaravel\
ightlife\\vendor\\laravel\\framework\\src\\Illuminate\\Pipeline\\Pipeline.php(104): Illuminate\\Routing\\Pipeline->Illuminate\\Routing\\{closure}(Object(Illuminate\\Http\\Request))
#55 E:\\Projetos Desenvolvimento\\ProjetosPhpStorm\\ProjetosLaravel\
ightlife\\vendor\\laravel\\framework\\src\\Illuminate\\Foundation\\Http\\Kernel.php(151): Illuminate\\Pipeline\\Pipeline->then(Object(Closure))
#56 E:\\Projetos Desenvolvimento\\ProjetosPhpStorm\\ProjetosLaravel\
ightlife\\vendor\\laravel\\framework\\src\\Illuminate\\Foundation\\Http\\Kernel.php(116): Illuminate\\Foundation\\Http\\Kernel->sendRequestThroughRouter(Object(Illuminate\\Http\\Request))
#57 E:\\Projetos Desenvolvimento\\ProjetosPhpStorm\\ProjetosLaravel\
ightlife\\public\\index.php(55): Illuminate\\Foundation\\Http\\Kernel->handle(Object(Illuminate\\Http\\Request))
#58 {main}
"} 
[2020-02-20 00:07:37] local.ERROR: Class 'App\Providers\FormServiceProvider' not found {"exception":"[object] (Symfony\\Component\\Debug\\Exception\\FatalThrowableError(code: 0): Class 'App\\Providers\\FormServiceProvider' not found at E:\\Projetos Desenvolvimento\\ProjetosPhpStorm\\ProjetosLaravel\
ightlife\\vendor\\laravel\\framework\\src\\Illuminate\\Foundation\\ProviderRepository.php:208)
[stacktrace]
#0 E:\\Projetos Desenvolvimento\\ProjetosPhpStorm\\ProjetosLaravel\
ightlife\\vendor\\laravel\\framework\\src\\Illuminate\\Foundation\\ProviderRepository.php(144): Illuminate\\Foundation\\ProviderRepository->createProvider('App\\\\Providers\\\\F...')
#1 E:\\Projetos Desenvolvimento\\ProjetosPhpStorm\\ProjetosLaravel\
ightlife\\vendor\\laravel\\framework\\src\\Illuminate\\Foundation\\ProviderRepository.php(61): Illuminate\\Foundation\\ProviderRepository->compileManifest(Array)
#2 E:\\Projetos Desenvolvimento\\ProjetosPhpStorm\\ProjetosLaravel\
ightlife\\vendor\\laravel\\framework\\src\\Illuminate\\Foundation\\Application.php(584): Illuminate\\Foundation\\ProviderRepository->load(Array)
#3 E:\\Projetos Desenvolvimento\\ProjetosPhpStorm\\ProjetosLaravel\
ightlife\\vendor\\laravel\\framework\\src\\Illuminate\\Foundation\\Bootstrap\\RegisterProviders.php(17): Illuminate\\Foundation\\Application->registerConfiguredProviders()
#4 E:\\Projetos Desenvolvimento\\ProjetosPhpStorm\\ProjetosLaravel\
ightlife\\vendor\\laravel\\framework\\src\\Illuminate\\Foundation\\Application.php(210): Illuminate\\Foundation\\Bootstrap\\RegisterProviders->bootstrap(Object(Illuminate\\Foundation\\Application))
#5 E:\\Projetos Desenvolvimento\\ProjetosPhpStorm\\ProjetosLaravel\
ightlife\\vendor\\laravel\\framework\\src\\Illuminate\\Foundation\\Http\\Kernel.php(162): Illuminate\\Foundation\\Application->bootstrapWith(Array)
#6 E:\\Projetos Desenvolvimento\\ProjetosPhpStorm\\ProjetosLaravel\
ightlife\\vendor\\laravel\\framework\\src\\Illuminate\\Foundation\\Http\\Kernel.php(146): Illuminate\\Foundation\\Http\\Kernel->bootstrap()
#7 E:\\Projetos Desenvolvimento\\ProjetosPhpStorm\\ProjetosLaravel\
ightlife\\vendor\\laravel\\framework\\src\\Illuminate\\Foundation\\Http\\Kernel.php(116): Illuminate\\Foundation\\Http\\Kernel->sendRequestThroughRouter(Object(Illuminate\\Http\\Request))
#8 E:\\Projetos Desenvolvimento\\ProjetosPhpStorm\\ProjetosLaravel\
ightlife\\public\\index.php(55): Illuminate\\Foundation\\Http\\Kernel->handle(Object(Illuminate\\Http\\Request))
#9 {main}
"} 
[2020-02-20 00:17:48] local.ERROR: Class 'App\Providers\ViewServiceProvider' not found {"exception":"[object] (Symfony\\Component\\Debug\\Exception\\FatalThrowableError(code: 0): Class 'App\\Providers\\ViewServiceProvider' not found at E:\\Projetos Desenvolvimento\\ProjetosPhpStorm\\ProjetosLaravel\
ightlife\\vendor\\laravel\\framework\\src\\Illuminate\\Foundation\\ProviderRepository.php:208)
[stacktrace]
#0 E:\\Projetos Desenvolvimento\\ProjetosPhpStorm\\ProjetosLaravel\
ightlife\\vendor\\laravel\\framework\\src\\Illuminate\\Foundation\\ProviderRepository.php(144): Illuminate\\Foundation\\ProviderRepository->createProvider('App\\\\Providers\\\\V...')
#1 E:\\Projetos Desenvolvimento\\ProjetosPhpStorm\\ProjetosLaravel\
ightlife\\vendor\\laravel\\framework\\src\\Illuminate\\Foundation\\ProviderRepository.php(61): Illuminate\\Foundation\\ProviderRepository->compileManifest(Array)
#2 E:\\Projetos Desenvolvimento\\ProjetosPhpStorm\\ProjetosLaravel\
ightlife\\vendor\\laravel\\framework\\src\\Illuminate\\Foundation\\Application.php(584): Illuminate\\Foundation\\ProviderRepository->load(Array)
#3 E:\\Projetos Desenvolvimento\\ProjetosPhpStorm\\ProjetosLaravel\
ightlife\\vendor\\laravel\\framework\\src\\Illuminate\\Foundation\\Bootstrap\\RegisterProviders.php(17): Illuminate\\Foundation\\Application->registerConfiguredProviders()
#4 E:\\Projetos Desenvolvimento\\ProjetosPhpStorm\\ProjetosLaravel\
ightlife\\vendor\\laravel\\framework\\src\\Illuminate\\Foundation\\Application.php(210): Illuminate\\Foundation\\Bootstrap\\RegisterProviders->bootstrap(Object(Illuminate\\Foundation\\Application))
#5 E:\\Projetos Desenvolvimento\\ProjetosPhpStorm\\ProjetosLaravel\
ightlife\\vendor\\laravel\\framework\\src\\Illuminate\\Foundation\\Console\\Kernel.php(322): Illuminate\\Foundation\\Application->bootstrapWith(Array)
#6 E:\\Projetos Desenvolvimento\\ProjetosPhpStorm\\ProjetosLaravel\
ightlife\\vendor\\laravel\\framework\\src\\Illuminate\\Foundation\\Console\\Kernel.php(131): Illuminate\\Foundation\\Console\\Kernel->bootstrap()
#7 E:\\Projetos Desenvolvimento\\ProjetosPhpStorm\\ProjetosLaravel\
ightlife\\artisan(37): Illuminate\\Foundation\\Console\\Kernel->handle(Object(Symfony\\Component\\Console\\Input\\ArgvInput), Object(Symfony\\Component\\Console\\Output\\ConsoleOutput))
#8 {main}
"} 
[2020-02-20 00:20:11] local.ERROR: Class 'App\Providers\ViewServiceProvider' not found {"exception":"[object] (Symfony\\Component\\Debug\\Exception\\FatalThrowableError(code: 0): Class 'App\\Providers\\ViewServiceProvider' not found at E:\\Projetos Desenvolvimento\\ProjetosPhpStorm\\ProjetosLaravel\
ightlife\\vendor\\laravel\\framework\\src\\Illuminate\\Foundation\\ProviderRepository.php:208)
[stacktrace]
#0 E:\\Projetos Desenvolvimento\\ProjetosPhpStorm\\ProjetosLaravel\
ightlife\\vendor\\laravel\\framework\\src\\Illuminate\\Foundation\\ProviderRepository.php(144): Illuminate\\Foundation\\ProviderRepository->createProvider('App\\\\Providers\\\\V...')
#1 E:\\Projetos Desenvolvimento\\ProjetosPhpStorm\\ProjetosLaravel\
ightlife\\vendor\\laravel\\framework\\src\\Illuminate\\Foundation\\ProviderRepository.php(61): Illuminate\\Foundation\\ProviderRepository->compileManifest(Array)
#2 E:\\Projetos Desenvolvimento\\ProjetosPhpStorm\\ProjetosLaravel\
ightlife\\vendor\\laravel\\framework\\src\\Illuminate\\Foundation\\Application.php(584): Illuminate\\Foundation\\ProviderRepository->load(Array)
#3 E:\\Projetos Desenvolvimento\\ProjetosPhpStorm\\ProjetosLaravel\
ightlife\\vendor\\laravel\\framework\\src\\Illuminate\\Foundation\\Bootstrap\\RegisterProviders.php(17): Illuminate\\Foundation\\Application->registerConfiguredProviders()
#4 E:\\Projetos Desenvolvimento\\ProjetosPhpStorm\\ProjetosLaravel\
ightlife\\vendor\\laravel\\framework\\src\\Illuminate\\Foundation\\Application.php(210): Illuminate\\Foundation\\Bootstrap\\RegisterProviders->bootstrap(Object(Illuminate\\Foundation\\Application))
#5 E:\\Projetos Desenvolvimento\\ProjetosPhpStorm\\ProjetosLaravel\
ightlife\\vendor\\laravel\\framework\\src\\Illuminate\\Foundation\\Console\\Kernel.php(322): Illuminate\\Foundation\\Application->bootstrapWith(Array)
#6 E:\\Projetos Desenvolvimento\\ProjetosPhpStorm\\ProjetosLaravel\
ightlife\\vendor\\laravel\\framework\\src\\Illuminate\\Foundation\\Console\\Kernel.php(131): Illuminate\\Foundation\\Console\\Kernel->bootstrap()
#7 E:\\Projetos Desenvolvimento\\ProjetosPhpStorm\\ProjetosLaravel\
ightlife\\artisan(37): Illuminate\\Foundation\\Console\\Kernel->handle(Object(Symfony\\Component\\Console\\Input\\ArgvInput), Object(Symfony\\Component\\Console\\Output\\ConsoleOutput))
#8 {main}
"} 
[2020-02-20 00:20:24] local.ERROR: Class 'App\Providers\ViewServiceProvider' not found {"exception":"[object] (Symfony\\Component\\Debug\\Exception\\FatalThrowableError(code: 0): Class 'App\\Providers\\ViewServiceProvider' not found at E:\\Projetos Desenvolvimento\\ProjetosPhpStorm\\ProjetosLaravel\
ightlife\\vendor\\laravel\\framework\\src\\Illuminate\\Foundation\\ProviderRepository.php:208)
[stacktrace]
#0 E:\\Projetos Desenvolvimento\\ProjetosPhpStorm\\ProjetosLaravel\
ightlife\\vendor\\laravel\\framework\\src\\Illuminate\\Foundation\\ProviderRepository.php(144): Illuminate\\Foundation\\ProviderRepository->createProvider('App\\\\Providers\\\\V...')
#1 E:\\Projetos Desenvolvimento\\ProjetosPhpStorm\\ProjetosLaravel\
ightlife\\vendor\\laravel\\framework\\src\\Illuminate\\Foundation\\ProviderRepository.php(61): Illuminate\\Foundation\\ProviderRepository->compileManifest(Array)
#2 E:\\Projetos Desenvolvimento\\ProjetosPhpStorm\\ProjetosLaravel\
ightlife\\vendor\\laravel\\framework\\src\\Illuminate\\Foundation\\Application.php(584): Illuminate\\Foundation\\ProviderRepository->load(Array)
#3 E:\\Projetos Desenvolvimento\\ProjetosPhpStorm\\ProjetosLaravel\
ightlife\\vendor\\laravel\\framework\\src\\Illuminate\\Foundation\\Bootstrap\\RegisterProviders.php(17): Illuminate\\Foundation\\Application->registerConfiguredProviders()
#4 E:\\Projetos Desenvolvimento\\ProjetosPhpStorm\\ProjetosLaravel\
ightlife\\vendor\\laravel\\framework\\src\\Illuminate\\Foundation\\Application.php(210): Illuminate\\Foundation\\Bootstrap\\RegisterProviders->bootstrap(Object(Illuminate\\Foundation\\Application))
#5 E:\\Projetos Desenvolvimento\\ProjetosPhpStorm\\ProjetosLaravel\
ightlife\\vendor\\laravel\\framework\\src\\Illuminate\\Foundation\\Console\\Kernel.php(322): Illuminate\\Foundation\\Application->bootstrapWith(Array)
#6 E:\\Projetos Desenvolvimento\\ProjetosPhpStorm\\ProjetosLaravel\
ightlife\\vendor\\laravel\\framework\\src\\Illuminate\\Foundation\\Console\\Kernel.php(131): Illuminate\\Foundation\\Console\\Kernel->bootstrap()
#7 E:\\Projetos Desenvolvimento\\ProjetosPhpStorm\\ProjetosLaravel\
ightlife\\artisan(37): Illuminate\\Foundation\\Console\\Kernel->handle(Object(Symfony\\Component\\Console\\Input\\ArgvInput), Object(Symfony\\Component\\Console\\Output\\ConsoleOutput))
#8 {main}
"} 
[2020-02-20 00:20:34] local.ERROR: Class 'App\Providers\ViewServiceProvider' not found {"exception":"[object] (Symfony\\Component\\Debug\\Exception\\FatalThrowableError(code: 0): Class 'App\\Providers\\ViewServiceProvider' not found at E:\\Projetos Desenvolvimento\\ProjetosPhpStorm\\ProjetosLaravel\
ightlife\\vendor\\laravel\\framework\\src\\Illuminate\\Foundation\\ProviderRepository.php:208)
[stacktrace]
#0 E:\\Projetos Desenvolvimento\\ProjetosPhpStorm\\ProjetosLaravel\
ightlife\\vendor\\laravel\\framework\\src\\Illuminate\\Foundation\\ProviderRepository.php(144): Illuminate\\Foundation\\ProviderRepository->createProvider('App\\\\Providers\\\\V...')
#1 E:\\Projetos Desenvolvimento\\ProjetosPhpStorm\\ProjetosLaravel\
ightlife\\vendor\\laravel\\framework\\src\\Illuminate\\Foundation\\ProviderRepository.php(61): Illuminate\\Foundation\\ProviderRepository->compileManifest(Array)
#2 E:\\Projetos Desenvolvimento\\ProjetosPhpStorm\\ProjetosLaravel\
ightlife\\vendor\\laravel\\framework\\src\\Illuminate\\Foundation\\Application.php(584): Illuminate\\Foundation\\ProviderRepository->load(Array)
#3 E:\\Projetos Desenvolvimento\\ProjetosPhpStorm\\ProjetosLaravel\
ightlife\\vendor\\laravel\\framework\\src\\Illuminate\\Foundation\\Bootstrap\\RegisterProviders.php(17): Illuminate\\Foundation\\Application->registerConfiguredProviders()
#4 E:\\Projetos Desenvolvimento\\ProjetosPhpStorm\\ProjetosLaravel\
ightlife\\vendor\\laravel\\framework\\src\\Illuminate\\Foundation\\Application.php(210): Illuminate\\Foundation\\Bootstrap\\RegisterProviders->bootstrap(Object(Illuminate\\Foundation\\Application))
#5 E:\\Projetos Desenvolvimento\\ProjetosPhpStorm\\ProjetosLaravel\
ightlife\\vendor\\laravel\\framework\\src\\Illuminate\\Foundation\\Console\\Kernel.php(322): Illuminate\\Foundation\\Application->bootstrapWith(Array)
#6 E:\\Projetos Desenvolvimento\\ProjetosPhpStorm\\ProjetosLaravel\
ightlife\\vendor\\laravel\\framework\\src\\Illuminate\\Foundation\\Console\\Kernel.php(131): Illuminate\\Foundation\\Console\\Kernel->bootstrap()
#7 E:\\Projetos Desenvolvimento\\ProjetosPhpStorm\\ProjetosLaravel\
ightlife\\artisan(37): Illuminate\\Foundation\\Console\\Kernel->handle(Object(Symfony\\Component\\Console\\Input\\ArgvInput), Object(Symfony\\Component\\Console\\Output\\ConsoleOutput))
#8 {main}
"} 
[2020-02-20 00:21:54] local.ERROR: View [form.input.select2] not found. (View: E:\Projetos Desenvolvimento\ProjetosPhpStorm\ProjetosLaravel\nightlife\resources\views\admin\establishment\form.blade.php) {"userId":1,"exception":"[object] (ErrorException(code: 0): View [form.input.select2] not found. (View: E:\\Projetos Desenvolvimento\\ProjetosPhpStorm\\ProjetosLaravel\
ightlife\esources\\views\\admin\\establishment\\form.blade.php) at E:\\Projetos Desenvolvimento\\ProjetosPhpStorm\\ProjetosLaravel\
ightlife\\vendor\\laravel\\framework\\src\\Illuminate\\View\\FileViewFinder.php:137, InvalidArgumentException(code: 0): View [form.input.select2] not found. at E:\\Projetos Desenvolvimento\\ProjetosPhpStorm\\ProjetosLaravel\
ightlife\\vendor\\laravel\\framework\\src\\Illuminate\\View\\FileViewFinder.php:137)
[stacktrace]
#0 E:\\Projetos Desenvolvimento\\ProjetosPhpStorm\\ProjetosLaravel\
ightlife\\vendor\\laravel\\framework\\src\\Illuminate\\View\\Engines\\PhpEngine.php(45): Illuminate\\View\\Engines\\CompilerEngine->handleViewException(Object(InvalidArgumentException), 1)
#1 E:\\Projetos Desenvolvimento\\ProjetosPhpStorm\\ProjetosLaravel\
ightlife\\vendor\\laravel\\framework\\src\\Illuminate\\View\\Engines\\CompilerEngine.php(59): Illuminate\\View\\Engines\\PhpEngine->evaluatePath('E:\\\\Projetos Des...', Array)
#2 E:\\Projetos Desenvolvimento\\ProjetosPhpStorm\\ProjetosLaravel\
ightlife\\vendor\\laravel\\framework\\src\\Illuminate\\View\\View.php(142): Illuminate\\View\\Engines\\CompilerEngine->get('E:\\\\Projetos Des...', Array)
#3 E:\\Projetos Desenvolvimento\\ProjetosPhpStorm\\ProjetosLaravel\
ightlife\\vendor\\laravel\\framework\\src\\Illuminate\\View\\View.php(125): Illuminate\\View\\View->getContents()
#4 E:\\Projetos Desenvolvimento\\ProjetosPhpStorm\\ProjetosLaravel\
ightlife\\vendor\\laravel\\framework\\src\\Illuminate\\View\\View.php(90): Illuminate\\View\\View->renderContents()
#5 E:\\Projetos Desenvolvimento\\ProjetosPhpStorm\\ProjetosLaravel\
ightlife\\vendor\\laravel\\framework\\src\\Illuminate\\Http\\Response.php(42): Illuminate\\View\\View->render()
#6 E:\\Projetos Desenvolvimento\\ProjetosPhpStorm\\ProjetosLaravel\
ightlife\\vendor\\symfony\\http-foundation\\Response.php(202): Illuminate\\Http\\Response->setContent(Object(Illuminate\\View\\View))
#7 E:\\Projetos Desenvolvimento\\ProjetosPhpStorm\\ProjetosLaravel\
ightlife\\vendor\\laravel\\framework\\src\\Illuminate\\Routing\\Router.php(748): Symfony\\Component\\HttpFoundation\\Response->__construct(Object(Illuminate\\View\\View))
#8 E:\\Projetos Desenvolvimento\\ProjetosPhpStorm\\ProjetosLaravel\
ightlife\\vendor\\laravel\\framework\\src\\Illuminate\\Routing\\Router.php(720): Illuminate\\Routing\\Router::toResponse(Object(Illuminate\\Http\\Request), Object(Illuminate\\View\\View))
#9 E:\\Projetos Desenvolvimento\\ProjetosPhpStorm\\ProjetosLaravel\
ightlife\\vendor\\laravel\\framework\\src\\Illuminate\\Routing\\Router.php(680): Illuminate\\Routing\\Router->prepareResponse(Object(Illuminate\\Http\\Request), Object(Illuminate\\View\\View))
#10 E:\\Projetos Desenvolvimento\\ProjetosPhpStorm\\ProjetosLaravel\
ightlife\\vendor\\laravel\\framework\\src\\Illuminate\\Routing\\Pipeline.php(30): Illuminate\\Routing\\Router->Illuminate\\Routing\\{closure}(Object(Illuminate\\Http\\Request))
#11 E:\\Projetos Desenvolvimento\\ProjetosPhpStorm\\ProjetosLaravel\
ightlife\\vendor\\laravel\\framework\\src\\Illuminate\\Routing\\Middleware\\SubstituteBindings.php(41): Illuminate\\Routing\\Pipeline->Illuminate\\Routing\\{closure}(Object(Illuminate\\Http\\Request))
#12 E:\\Projetos Desenvolvimento\\ProjetosPhpStorm\\ProjetosLaravel\
ightlife\\vendor\\laravel\\framework\\src\\Illuminate\\Pipeline\\Pipeline.php(163): Illuminate\\Routing\\Middleware\\SubstituteBindings->handle(Object(Illuminate\\Http\\Request), Object(Closure))
#13 E:\\Projetos Desenvolvimento\\ProjetosPhpStorm\\ProjetosLaravel\
ightlife\\vendor\\laravel\\framework\\src\\Illuminate\\Routing\\Pipeline.php(53): Illuminate\\Pipeline\\Pipeline->Illuminate\\Pipeline\\{closure}(Object(Illuminate\\Http\\Request))
#14 E:\\Projetos Desenvolvimento\\ProjetosPhpStorm\\ProjetosLaravel\
ightlife\\vendor\\laravel\\framework\\src\\Illuminate\\Auth\\Middleware\\Authenticate.php(43): Illuminate\\Routing\\Pipeline->Illuminate\\Routing\\{closure}(Object(Illuminate\\Http\\Request))
#15 E:\\Projetos Desenvolvimento\\ProjetosPhpStorm\\ProjetosLaravel\
ightlife\\vendor\\laravel\\framework\\src\\Illuminate\\Pipeline\\Pipeline.php(163): Illuminate\\Auth\\Middleware\\Authenticate->handle(Object(Illuminate\\Http\\Request), Object(Closure))
#16 E:\\Projetos Desenvolvimento\\ProjetosPhpStorm\\ProjetosLaravel\
ightlife\\vendor\\laravel\\framework\\src\\Illuminate\\Routing\\Pipeline.php(53): Illuminate\\Pipeline\\Pipeline->Illuminate\\Pipeline\\{closure}(Object(Illuminate\\Http\\Request))
#17 E:\\Projetos Desenvolvimento\\ProjetosPhpStorm\\ProjetosLaravel\
ightlife\\vendor\\laravel\\framework\\src\\Illuminate\\Foundation\\Http\\Middleware\\VerifyCsrfToken.php(75): Illuminate\\Routing\\Pipeline->Illuminate\\Routing\\{closure}(Object(Illuminate\\Http\\Request))
#18 E:\\Projetos Desenvolvimento\\ProjetosPhpStorm\\ProjetosLaravel\
ightlife\\vendor\\laravel\\framework\\src\\Illuminate\\Pipeline\\Pipeline.php(163): Illuminate\\Foundation\\Http\\Middleware\\VerifyCsrfToken->handle(Object(Illuminate\\Http\\Request), Object(Closure))
#19 E:\\Projetos Desenvolvimento\\ProjetosPhpStorm\\ProjetosLaravel\
ightlife\\vendor\\laravel\\framework\\src\\Illuminate\\Routing\\Pipeline.php(53): Illuminate\\Pipeline\\Pipeline->Illuminate\\Pipeline\\{closure}(Object(Illuminate\\Http\\Request))
#20 E:\\Projetos Desenvolvimento\\ProjetosPhpStorm\\ProjetosLaravel\
ightlife\\vendor\\laravel\\framework\\src\\Illuminate\\View\\Middleware\\ShareErrorsFromSession.php(49): Illuminate\\Routing\\Pipeline->Illuminate\\Routing\\{closure}(Object(Illuminate\\Http\\Request))
#21 E:\\Projetos Desenvolvimento\\ProjetosPhpStorm\\ProjetosLaravel\
ightlife\\vendor\\laravel\\framework\\src\\Illuminate\\Pipeline\\Pipeline.php(163): Illuminate\\View\\Middleware\\ShareErrorsFromSession->handle(Object(Illuminate\\Http\\Request), Object(Closure))
#22 E:\\Projetos Desenvolvimento\\ProjetosPhpStorm\\ProjetosLaravel\
ightlife\\vendor\\laravel\\framework\\src\\Illuminate\\Routing\\Pipeline.php(53): Illuminate\\Pipeline\\Pipeline->Illuminate\\Pipeline\\{closure}(Object(Illuminate\\Http\\Request))
#23 E:\\Projetos Desenvolvimento\\ProjetosPhpStorm\\ProjetosLaravel\
ightlife\\vendor\\laravel\\framework\\src\\Illuminate\\Session\\Middleware\\StartSession.php(56): Illuminate\\Routing\\Pipeline->Illuminate\\Routing\\{closure}(Object(Illuminate\\Http\\Request))
#24 E:\\Projetos Desenvolvimento\\ProjetosPhpStorm\\ProjetosLaravel\
ightlife\\vendor\\laravel\\framework\\src\\Illuminate\\Pipeline\\Pipeline.php(163): Illuminate\\Session\\Middleware\\StartSession->handle(Object(Illuminate\\Http\\Request), Object(Closure))
#25 E:\\Projetos Desenvolvimento\\ProjetosPhpStorm\\ProjetosLaravel\
ightlife\\vendor\\laravel\\framework\\src\\Illuminate\\Routing\\Pipeline.php(53): Illuminate\\Pipeline\\Pipeline->Illuminate\\Pipeline\\{closure}(Object(Illuminate\\Http\\Request))
#26 E:\\Projetos Desenvolvimento\\ProjetosPhpStorm\\ProjetosLaravel\
ightlife\\vendor\\laravel\\framework\\src\\Illuminate\\Cookie\\Middleware\\AddQueuedCookiesToResponse.php(37): Illuminate\\Routing\\Pipeline->Illuminate\\Routing\\{closure}(Object(Illuminate\\Http\\Request))
#27 E:\\Projetos Desenvolvimento\\ProjetosPhpStorm\\ProjetosLaravel\
ightlife\\vendor\\laravel\\framework\\src\\Illuminate\\Pipeline\\Pipeline.php(163): Illuminate\\Cookie\\Middleware\\AddQueuedCookiesToResponse->handle(Object(Illuminate\\Http\\Request), Object(Closure))
#28 E:\\Projetos Desenvolvimento\\ProjetosPhpStorm\\ProjetosLaravel\
ightlife\\vendor\\laravel\\framework\\src\\Illuminate\\Routing\\Pipeline.php(53): Illuminate\\Pipeline\\Pipeline->Illuminate\\Pipeline\\{closure}(Object(Illuminate\\Http\\Request))
#29 E:\\Projetos Desenvolvimento\\ProjetosPhpStorm\\ProjetosLaravel\
ightlife\\vendor\\laravel\\framework\\src\\Illuminate\\Cookie\\Middleware\\EncryptCookies.php(66): Illuminate\\Routing\\Pipeline->Illuminate\\Routing\\{closure}(Object(Illuminate\\Http\\Request))
#30 E:\\Projetos Desenvolvimento\\ProjetosPhpStorm\\ProjetosLaravel\
ightlife\\vendor\\laravel\\framework\\src\\Illuminate\\Pipeline\\Pipeline.php(163): Illuminate\\Cookie\\Middleware\\EncryptCookies->handle(Object(Illuminate\\Http\\Request), Object(Closure))
#31 E:\\Projetos Desenvolvimento\\ProjetosPhpStorm\\ProjetosLaravel\
ightlife\\vendor\\laravel\\framework\\src\\Illuminate\\Routing\\Pipeline.php(53): Illuminate\\Pipeline\\Pipeline->Illuminate\\Pipeline\\{closure}(Object(Illuminate\\Http\\Request))
#32 E:\\Projetos Desenvolvimento\\ProjetosPhpStorm\\ProjetosLaravel\
ightlife\\vendor\\laravel\\framework\\src\\Illuminate\\Pipeline\\Pipeline.php(104): Illuminate\\Routing\\Pipeline->Illuminate\\Routing\\{closure}(Object(Illuminate\\Http\\Request))
#33 E:\\Projetos Desenvolvimento\\ProjetosPhpStorm\\ProjetosLaravel\
ightlife\\vendor\\laravel\\framework\\src\\Illuminate\\Routing\\Router.php(682): Illuminate\\Pipeline\\Pipeline->then(Object(Closure))
#34 E:\\Projetos Desenvolvimento\\ProjetosPhpStorm\\ProjetosLaravel\
ightlife\\vendor\\laravel\\framework\\src\\Illuminate\\Routing\\Router.php(657): Illuminate\\Routing\\Router->runRouteWithinStack(Object(Illuminate\\Routing\\Route), Object(Illuminate\\Http\\Request))
#35 E:\\Projetos Desenvolvimento\\ProjetosPhpStorm\\ProjetosLaravel\
ightlife\\vendor\\laravel\\framework\\src\\Illuminate\\Routing\\Router.php(623): Illuminate\\Routing\\Router->runRoute(Object(Illuminate\\Http\\Request), Object(Illuminate\\Routing\\Route))
#36 E:\\Projetos Desenvolvimento\\ProjetosPhpStorm\\ProjetosLaravel\
ightlife\\vendor\\laravel\\framework\\src\\Illuminate\\Routing\\Router.php(612): Illuminate\\Routing\\Router->dispatchToRoute(Object(Illuminate\\Http\\Request))
#37 E:\\Projetos Desenvolvimento\\ProjetosPhpStorm\\ProjetosLaravel\
ightlife\\vendor\\laravel\\framework\\src\\Illuminate\\Foundation\\Http\\Kernel.php(176): Illuminate\\Routing\\Router->dispatch(Object(Illuminate\\Http\\Request))
#38 E:\\Projetos Desenvolvimento\\ProjetosPhpStorm\\ProjetosLaravel\
ightlife\\vendor\\laravel\\framework\\src\\Illuminate\\Routing\\Pipeline.php(30): Illuminate\\Foundation\\Http\\Kernel->Illuminate\\Foundation\\Http\\{closure}(Object(Illuminate\\Http\\Request))
#39 E:\\Projetos Desenvolvimento\\ProjetosPhpStorm\\ProjetosLaravel\
ightlife\\vendor\\fideloper\\proxy\\src\\TrustProxies.php(57): Illuminate\\Routing\\Pipeline->Illuminate\\Routing\\{closure}(Object(Illuminate\\Http\\Request))
#40 E:\\Projetos Desenvolvimento\\ProjetosPhpStorm\\ProjetosLaravel\
ightlife\\vendor\\laravel\\framework\\src\\Illuminate\\Pipeline\\Pipeline.php(163): Fideloper\\Proxy\\TrustProxies->handle(Object(Illuminate\\Http\\Request), Object(Closure))
#41 E:\\Projetos Desenvolvimento\\ProjetosPhpStorm\\ProjetosLaravel\
ightlife\\vendor\\laravel\\framework\\src\\Illuminate\\Routing\\Pipeline.php(53): Illuminate\\Pipeline\\Pipeline->Illuminate\\Pipeline\\{closure}(Object(Illuminate\\Http\\Request))
#42 E:\\Projetos Desenvolvimento\\ProjetosPhpStorm\\ProjetosLaravel\
ightlife\\vendor\\laravel\\framework\\src\\Illuminate\\Foundation\\Http\\Middleware\\TransformsRequest.php(21): Illuminate\\Routing\\Pipeline->Illuminate\\Routing\\{closure}(Object(Illuminate\\Http\\Request))
#43 E:\\Projetos Desenvolvimento\\ProjetosPhpStorm\\ProjetosLaravel\
ightlife\\vendor\\laravel\\framework\\src\\Illuminate\\Pipeline\\Pipeline.php(163): Illuminate\\Foundation\\Http\\Middleware\\TransformsRequest->handle(Object(Illuminate\\Http\\Request), Object(Closure))
#44 E:\\Projetos Desenvolvimento\\ProjetosPhpStorm\\ProjetosLaravel\
ightlife\\vendor\\laravel\\framework\\src\\Illuminate\\Routing\\Pipeline.php(53): Illuminate\\Pipeline\\Pipeline->Illuminate\\Pipeline\\{closure}(Object(Illuminate\\Http\\Request))
#45 E:\\Projetos Desenvolvimento\\ProjetosPhpStorm\\ProjetosLaravel\
ightlife\\vendor\\laravel\\framework\\src\\Illuminate\\Foundation\\Http\\Middleware\\TransformsRequest.php(21): Illuminate\\Routing\\Pipeline->Illuminate\\Routing\\{closure}(Object(Illuminate\\Http\\Request))
#46 E:\\Projetos Desenvolvimento\\ProjetosPhpStorm\\ProjetosLaravel\
ightlife\\vendor\\laravel\\framework\\src\\Illuminate\\Pipeline\\Pipeline.php(163): Illuminate\\Foundation\\Http\\Middleware\\TransformsRequest->handle(Object(Illuminate\\Http\\Request), Object(Closure))
#47 E:\\Projetos Desenvolvimento\\ProjetosPhpStorm\\ProjetosLaravel\
ightlife\\vendor\\laravel\\framework\\src\\Illuminate\\Routing\\Pipeline.php(53): Illuminate\\Pipeline\\Pipeline->Illuminate\\Pipeline\\{closure}(Object(Illuminate\\Http\\Request))
#48 E:\\Projetos Desenvolvimento\\ProjetosPhpStorm\\ProjetosLaravel\
ightlife\\vendor\\laravel\\framework\\src\\Illuminate\\Foundation\\Http\\Middleware\\ValidatePostSize.php(27): Illuminate\\Routing\\Pipeline->Illuminate\\Routing\\{closure}(Object(Illuminate\\Http\\Request))
#49 E:\\Projetos Desenvolvimento\\ProjetosPhpStorm\\ProjetosLaravel\
ightlife\\vendor\\laravel\\framework\\src\\Illuminate\\Pipeline\\Pipeline.php(163): Illuminate\\Foundation\\Http\\Middleware\\ValidatePostSize->handle(Object(Illuminate\\Http\\Request), Object(Closure))
#50 E:\\Projetos Desenvolvimento\\ProjetosPhpStorm\\ProjetosLaravel\
ightlife\\vendor\\laravel\\framework\\src\\Illuminate\\Routing\\Pipeline.php(53): Illuminate\\Pipeline\\Pipeline->Illuminate\\Pipeline\\{closure}(Object(Illuminate\\Http\\Request))
#51 E:\\Projetos Desenvolvimento\\ProjetosPhpStorm\\ProjetosLaravel\
ightlife\\vendor\\laravel\\framework\\src\\Illuminate\\Foundation\\Http\\Middleware\\CheckForMaintenanceMode.php(62): Illuminate\\Routing\\Pipeline->Illuminate\\Routing\\{closure}(Object(Illuminate\\Http\\Request))
#52 E:\\Projetos Desenvolvimento\\ProjetosPhpStorm\\ProjetosLaravel\
ightlife\\vendor\\laravel\\framework\\src\\Illuminate\\Pipeline\\Pipeline.php(163): Illuminate\\Foundation\\Http\\Middleware\\CheckForMaintenanceMode->handle(Object(Illuminate\\Http\\Request), Object(Closure))
#53 E:\\Projetos Desenvolvimento\\ProjetosPhpStorm\\ProjetosLaravel\
ightlife\\vendor\\laravel\\framework\\src\\Illuminate\\Routing\\Pipeline.php(53): Illuminate\\Pipeline\\Pipeline->Illuminate\\Pipeline\\{closure}(Object(Illuminate\\Http\\Request))
#54 E:\\Projetos Desenvolvimento\\ProjetosPhpStorm\\ProjetosLaravel\
ightlife\\vendor\\laravel\\framework\\src\\Illuminate\\Pipeline\\Pipeline.php(104): Illuminate\\Routing\\Pipeline->Illuminate\\Routing\\{closure}(Object(Illuminate\\Http\\Request))
#55 E:\\Projetos Desenvolvimento\\ProjetosPhpStorm\\ProjetosLaravel\
ightlife\\vendor\\laravel\\framework\\src\\Illuminate\\Foundation\\Http\\Kernel.php(151): Illuminate\\Pipeline\\Pipeline->then(Object(Closure))
#56 E:\\Projetos Desenvolvimento\\ProjetosPhpStorm\\ProjetosLaravel\
ightlife\\vendor\\laravel\\framework\\src\\Illuminate\\Foundation\\Http\\Kernel.php(116): Illuminate\\Foundation\\Http\\Kernel->sendRequestThroughRouter(Object(Illuminate\\Http\\Request))
#57 E:\\Projetos Desenvolvimento\\ProjetosPhpStorm\\ProjetosLaravel\
ightlife\\public\\index.php(55): Illuminate\\Foundation\\Http\\Kernel->handle(Object(Illuminate\\Http\\Request))
#58 {main}
"} 
[2020-02-20 00:46:42] local.ERROR: array_merge(): Expected parameter 2 to be an array, string given (View: E:\Projetos Desenvolvimento\ProjetosPhpStorm\ProjetosLaravel\nightlife\resources\views\admin\establishment\form.blade.php) {"userId":1,"exception":"[object] (ErrorException(code: 0): array_merge(): Expected parameter 2 to be an array, string given (View: E:\\Projetos Desenvolvimento\\ProjetosPhpStorm\\ProjetosLaravel\
ightlife\esources\\views\\admin\\establishment\\form.blade.php) at E:\\Projetos Desenvolvimento\\ProjetosPhpStorm\\ProjetosLaravel\
ightlife\\storage\\framework\\views\\a4a64a92b39a705d70c6be89888055b2ce23b52b.php:29, ErrorException(code: 0): array_merge(): Expected parameter 2 to be an array, string given at E:\\Projetos Desenvolvimento\\ProjetosPhpStorm\\ProjetosLaravel\
ightlife\\storage\\framework\\views\\a4a64a92b39a705d70c6be89888055b2ce23b52b.php:29)
[stacktrace]
#0 E:\\Projetos Desenvolvimento\\ProjetosPhpStorm\\ProjetosLaravel\
ightlife\\vendor\\laravel\\framework\\src\\Illuminate\\View\\Engines\\PhpEngine.php(45): Illuminate\\View\\Engines\\CompilerEngine->handleViewException(Object(ErrorException), 1)
#1 E:\\Projetos Desenvolvimento\\ProjetosPhpStorm\\ProjetosLaravel\
ightlife\\vendor\\laravel\\framework\\src\\Illuminate\\View\\Engines\\CompilerEngine.php(59): Illuminate\\View\\Engines\\PhpEngine->evaluatePath('E:\\\\Projetos Des...', Array)
#2 E:\\Projetos Desenvolvimento\\ProjetosPhpStorm\\ProjetosLaravel\
ightlife\\vendor\\laravel\\framework\\src\\Illuminate\\View\\View.php(142): Illuminate\\View\\Engines\\CompilerEngine->get('E:\\\\Projetos Des...', Array)
#3 E:\\Projetos Desenvolvimento\\ProjetosPhpStorm\\ProjetosLaravel\
ightlife\\vendor\\laravel\\framework\\src\\Illuminate\\View\\View.php(125): Illuminate\\View\\View->getContents()
#4 E:\\Projetos Desenvolvimento\\ProjetosPhpStorm\\ProjetosLaravel\
ightlife\\vendor\\laravel\\framework\\src\\Illuminate\\View\\View.php(90): Illuminate\\View\\View->renderContents()
#5 E:\\Projetos Desenvolvimento\\ProjetosPhpStorm\\ProjetosLaravel\
ightlife\\vendor\\laravel\\framework\\src\\Illuminate\\Http\\Response.php(42): Illuminate\\View\\View->render()
#6 E:\\Projetos Desenvolvimento\\ProjetosPhpStorm\\ProjetosLaravel\
ightlife\\vendor\\symfony\\http-foundation\\Response.php(202): Illuminate\\Http\\Response->setContent(Object(Illuminate\\View\\View))
#7 E:\\Projetos Desenvolvimento\\ProjetosPhpStorm\\ProjetosLaravel\
ightlife\\vendor\\laravel\\framework\\src\\Illuminate\\Routing\\Router.php(748): Symfony\\Component\\HttpFoundation\\Response->__construct(Object(Illuminate\\View\\View))
#8 E:\\Projetos Desenvolvimento\\ProjetosPhpStorm\\ProjetosLaravel\
ightlife\\vendor\\laravel\\framework\\src\\Illuminate\\Routing\\Router.php(720): Illuminate\\Routing\\Router::toResponse(Object(Illuminate\\Http\\Request), Object(Illuminate\\View\\View))
#9 E:\\Projetos Desenvolvimento\\ProjetosPhpStorm\\ProjetosLaravel\
ightlife\\vendor\\laravel\\framework\\src\\Illuminate\\Routing\\Router.php(680): Illuminate\\Routing\\Router->prepareResponse(Object(Illuminate\\Http\\Request), Object(Illuminate\\View\\View))
#10 E:\\Projetos Desenvolvimento\\ProjetosPhpStorm\\ProjetosLaravel\
ightlife\\vendor\\laravel\\framework\\src\\Illuminate\\Routing\\Pipeline.php(30): Illuminate\\Routing\\Router->Illuminate\\Routing\\{closure}(Object(Illuminate\\Http\\Request))
#11 E:\\Projetos Desenvolvimento\\ProjetosPhpStorm\\ProjetosLaravel\
ightlife\\vendor\\laravel\\framework\\src\\Illuminate\\Routing\\Middleware\\SubstituteBindings.php(41): Illuminate\\Routing\\Pipeline->Illuminate\\Routing\\{closure}(Object(Illuminate\\Http\\Request))
#12 E:\\Projetos Desenvolvimento\\ProjetosPhpStorm\\ProjetosLaravel\
ightlife\\vendor\\laravel\\framework\\src\\Illuminate\\Pipeline\\Pipeline.php(163): Illuminate\\Routing\\Middleware\\SubstituteBindings->handle(Object(Illuminate\\Http\\Request), Object(Closure))
#13 E:\\Projetos Desenvolvimento\\ProjetosPhpStorm\\ProjetosLaravel\
ightlife\\vendor\\laravel\\framework\\src\\Illuminate\\Routing\\Pipeline.php(53): Illuminate\\Pipeline\\Pipeline->Illuminate\\Pipeline\\{closure}(Object(Illuminate\\Http\\Request))
#14 E:\\Projetos Desenvolvimento\\ProjetosPhpStorm\\ProjetosLaravel\
ightlife\\vendor\\laravel\\framework\\src\\Illuminate\\Auth\\Middleware\\Authenticate.php(43): Illuminate\\Routing\\Pipeline->Illuminate\\Routing\\{closure}(Object(Illuminate\\Http\\Request))
#15 E:\\Projetos Desenvolvimento\\ProjetosPhpStorm\\ProjetosLaravel\
ightlife\\vendor\\laravel\\framework\\src\\Illuminate\\Pipeline\\Pipeline.php(163): Illuminate\\Auth\\Middleware\\Authenticate->handle(Object(Illuminate\\Http\\Request), Object(Closure))
#16 E:\\Projetos Desenvolvimento\\ProjetosPhpStorm\\ProjetosLaravel\
ightlife\\vendor\\laravel\\framework\\src\\Illuminate\\Routing\\Pipeline.php(53): Illuminate\\Pipeline\\Pipeline->Illuminate\\Pipeline\\{closure}(Object(Illuminate\\Http\\Request))
#17 E:\\Projetos Desenvolvimento\\ProjetosPhpStorm\\ProjetosLaravel\
ightlife\\vendor\\laravel\\framework\\src\\Illuminate\\Foundation\\Http\\Middleware\\VerifyCsrfToken.php(75): Illuminate\\Routing\\Pipeline->Illuminate\\Routing\\{closure}(Object(Illuminate\\Http\\Request))
#18 E:\\Projetos Desenvolvimento\\ProjetosPhpStorm\\ProjetosLaravel\
ightlife\\vendor\\laravel\\framework\\src\\Illuminate\\Pipeline\\Pipeline.php(163): Illuminate\\Foundation\\Http\\Middleware\\VerifyCsrfToken->handle(Object(Illuminate\\Http\\Request), Object(Closure))
#19 E:\\Projetos Desenvolvimento\\ProjetosPhpStorm\\ProjetosLaravel\
ightlife\\vendor\\laravel\\framework\\src\\Illuminate\\Routing\\Pipeline.php(53): Illuminate\\Pipeline\\Pipeline->Illuminate\\Pipeline\\{closure}(Object(Illuminate\\Http\\Request))
#20 E:\\Projetos Desenvolvimento\\ProjetosPhpStorm\\ProjetosLaravel\
ightlife\\vendor\\laravel\\framework\\src\\Illuminate\\View\\Middleware\\ShareErrorsFromSession.php(49): Illuminate\\Routing\\Pipeline->Illuminate\\Routing\\{closure}(Object(Illuminate\\Http\\Request))
#21 E:\\Projetos Desenvolvimento\\ProjetosPhpStorm\\ProjetosLaravel\
ightlife\\vendor\\laravel\\framework\\src\\Illuminate\\Pipeline\\Pipeline.php(163): Illuminate\\View\\Middleware\\ShareErrorsFromSession->handle(Object(Illuminate\\Http\\Request), Object(Closure))
#22 E:\\Projetos Desenvolvimento\\ProjetosPhpStorm\\ProjetosLaravel\
ightlife\\vendor\\laravel\\framework\\src\\Illuminate\\Routing\\Pipeline.php(53): Illuminate\\Pipeline\\Pipeline->Illuminate\\Pipeline\\{closure}(Object(Illuminate\\Http\\Request))
#23 E:\\Projetos Desenvolvimento\\ProjetosPhpStorm\\ProjetosLaravel\
ightlife\\vendor\\laravel\\framework\\src\\Illuminate\\Session\\Middleware\\StartSession.php(56): Illuminate\\Routing\\Pipeline->Illuminate\\Routing\\{closure}(Object(Illuminate\\Http\\Request))
#24 E:\\Projetos Desenvolvimento\\ProjetosPhpStorm\\ProjetosLaravel\
ightlife\\vendor\\laravel\\framework\\src\\Illuminate\\Pipeline\\Pipeline.php(163): Illuminate\\Session\\Middleware\\StartSession->handle(Object(Illuminate\\Http\\Request), Object(Closure))
#25 E:\\Projetos Desenvolvimento\\ProjetosPhpStorm\\ProjetosLaravel\
ightlife\\vendor\\laravel\\framework\\src\\Illuminate\\Routing\\Pipeline.php(53): Illuminate\\Pipeline\\Pipeline->Illuminate\\Pipeline\\{closure}(Object(Illuminate\\Http\\Request))
#26 E:\\Projetos Desenvolvimento\\ProjetosPhpStorm\\ProjetosLaravel\
ightlife\\vendor\\laravel\\framework\\src\\Illuminate\\Cookie\\Middleware\\AddQueuedCookiesToResponse.php(37): Illuminate\\Routing\\Pipeline->Illuminate\\Routing\\{closure}(Object(Illuminate\\Http\\Request))
#27 E:\\Projetos Desenvolvimento\\ProjetosPhpStorm\\ProjetosLaravel\
ightlife\\vendor\\laravel\\framework\\src\\Illuminate\\Pipeline\\Pipeline.php(163): Illuminate\\Cookie\\Middleware\\AddQueuedCookiesToResponse->handle(Object(Illuminate\\Http\\Request), Object(Closure))
#28 E:\\Projetos Desenvolvimento\\ProjetosPhpStorm\\ProjetosLaravel\
ightlife\\vendor\\laravel\\framework\\src\\Illuminate\\Routing\\Pipeline.php(53): Illuminate\\Pipeline\\Pipeline->Illuminate\\Pipeline\\{closure}(Object(Illuminate\\Http\\Request))
#29 E:\\Projetos Desenvolvimento\\ProjetosPhpStorm\\ProjetosLaravel\
ightlife\\vendor\\laravel\\framework\\src\\Illuminate\\Cookie\\Middleware\\EncryptCookies.php(66): Illuminate\\Routing\\Pipeline->Illuminate\\Routing\\{closure}(Object(Illuminate\\Http\\Request))
#30 E:\\Projetos Desenvolvimento\\ProjetosPhpStorm\\ProjetosLaravel\
ightlife\\vendor\\laravel\\framework\\src\\Illuminate\\Pipeline\\Pipeline.php(163): Illuminate\\Cookie\\Middleware\\EncryptCookies->handle(Object(Illuminate\\Http\\Request), Object(Closure))
#31 E:\\Projetos Desenvolvimento\\ProjetosPhpStorm\\ProjetosLaravel\
ightlife\\vendor\\laravel\\framework\\src\\Illuminate\\Routing\\Pipeline.php(53): Illuminate\\Pipeline\\Pipeline->Illuminate\\Pipeline\\{closure}(Object(Illuminate\\Http\\Request))
#32 E:\\Projetos Desenvolvimento\\ProjetosPhpStorm\\ProjetosLaravel\
ightlife\\vendor\\laravel\\framework\\src\\Illuminate\\Pipeline\\Pipeline.php(104): Illuminate\\Routing\\Pipeline->Illuminate\\Routing\\{closure}(Object(Illuminate\\Http\\Request))
#33 E:\\Projetos Desenvolvimento\\ProjetosPhpStorm\\ProjetosLaravel\
ightlife\\vendor\\laravel\\framework\\src\\Illuminate\\Routing\\Router.php(682): Illuminate\\Pipeline\\Pipeline->then(Object(Closure))
#34 E:\\Projetos Desenvolvimento\\ProjetosPhpStorm\\ProjetosLaravel\
ightlife\\vendor\\laravel\\framework\\src\\Illuminate\\Routing\\Router.php(657): Illuminate\\Routing\\Router->runRouteWithinStack(Object(Illuminate\\Routing\\Route), Object(Illuminate\\Http\\Request))
#35 E:\\Projetos Desenvolvimento\\ProjetosPhpStorm\\ProjetosLaravel\
ightlife\\vendor\\laravel\\framework\\src\\Illuminate\\Routing\\Router.php(623): Illuminate\\Routing\\Router->runRoute(Object(Illuminate\\Http\\Request), Object(Illuminate\\Routing\\Route))
#36 E:\\Projetos Desenvolvimento\\ProjetosPhpStorm\\ProjetosLaravel\
ightlife\\vendor\\laravel\\framework\\src\\Illuminate\\Routing\\Router.php(612): Illuminate\\Routing\\Router->dispatchToRoute(Object(Illuminate\\Http\\Request))
#37 E:\\Projetos Desenvolvimento\\ProjetosPhpStorm\\ProjetosLaravel\
ightlife\\vendor\\laravel\\framework\\src\\Illuminate\\Foundation\\Http\\Kernel.php(176): Illuminate\\Routing\\Router->dispatch(Object(Illuminate\\Http\\Request))
#38 E:\\Projetos Desenvolvimento\\ProjetosPhpStorm\\ProjetosLaravel\
ightlife\\vendor\\laravel\\framework\\src\\Illuminate\\Routing\\Pipeline.php(30): Illuminate\\Foundation\\Http\\Kernel->Illuminate\\Foundation\\Http\\{closure}(Object(Illuminate\\Http\\Request))
#39 E:\\Projetos Desenvolvimento\\ProjetosPhpStorm\\ProjetosLaravel\
ightlife\\vendor\\fideloper\\proxy\\src\\TrustProxies.php(57): Illuminate\\Routing\\Pipeline->Illuminate\\Routing\\{closure}(Object(Illuminate\\Http\\Request))
#40 E:\\Projetos Desenvolvimento\\ProjetosPhpStorm\\ProjetosLaravel\
ightlife\\vendor\\laravel\\framework\\src\\Illuminate\\Pipeline\\Pipeline.php(163): Fideloper\\Proxy\\TrustProxies->handle(Object(Illuminate\\Http\\Request), Object(Closure))
#41 E:\\Projetos Desenvolvimento\\ProjetosPhpStorm\\ProjetosLaravel\
ightlife\\vendor\\laravel\\framework\\src\\Illuminate\\Routing\\Pipeline.php(53): Illuminate\\Pipeline\\Pipeline->Illuminate\\Pipeline\\{closure}(Object(Illuminate\\Http\\Request))
#42 E:\\Projetos Desenvolvimento\\ProjetosPhpStorm\\ProjetosLaravel\
ightlife\\vendor\\laravel\\framework\\src\\Illuminate\\Foundation\\Http\\Middleware\\TransformsRequest.php(21): Illuminate\\Routing\\Pipeline->Illuminate\\Routing\\{closure}(Object(Illuminate\\Http\\Request))
#43 E:\\Projetos Desenvolvimento\\ProjetosPhpStorm\\ProjetosLaravel\
ightlife\\vendor\\laravel\\framework\\src\\Illuminate\\Pipeline\\Pipeline.php(163): Illuminate\\Foundation\\Http\\Middleware\\TransformsRequest->handle(Object(Illuminate\\Http\\Request), Object(Closure))
#44 E:\\Projetos Desenvolvimento\\ProjetosPhpStorm\\ProjetosLaravel\
ightlife\\vendor\\laravel\\framework\\src\\Illuminate\\Routing\\Pipeline.php(53): Illuminate\\Pipeline\\Pipeline->Illuminate\\Pipeline\\{closure}(Object(Illuminate\\Http\\Request))
#45 E:\\Projetos Desenvolvimento\\ProjetosPhpStorm\\ProjetosLaravel\
ightlife\\vendor\\laravel\\framework\\src\\Illuminate\\Foundation\\Http\\Middleware\\TransformsRequest.php(21): Illuminate\\Routing\\Pipeline->Illuminate\\Routing\\{closure}(Object(Illuminate\\Http\\Request))
#46 E:\\Projetos Desenvolvimento\\ProjetosPhpStorm\\ProjetosLaravel\
ightlife\\vendor\\laravel\\framework\\src\\Illuminate\\Pipeline\\Pipeline.php(163): Illuminate\\Foundation\\Http\\Middleware\\TransformsRequest->handle(Object(Illuminate\\Http\\Request), Object(Closure))
#47 E:\\Projetos Desenvolvimento\\ProjetosPhpStorm\\ProjetosLaravel\
ightlife\\vendor\\laravel\\framework\\src\\Illuminate\\Routing\\Pipeline.php(53): Illuminate\\Pipeline\\Pipeline->Illuminate\\Pipeline\\{closure}(Object(Illuminate\\Http\\Request))
#48 E:\\Projetos Desenvolvimento\\ProjetosPhpStorm\\ProjetosLaravel\
ightlife\\vendor\\laravel\\framework\\src\\Illuminate\\Foundation\\Http\\Middleware\\ValidatePostSize.php(27): Illuminate\\Routing\\Pipeline->Illuminate\\Routing\\{closure}(Object(Illuminate\\Http\\Request))
#49 E:\\Projetos Desenvolvimento\\ProjetosPhpStorm\\ProjetosLaravel\
ightlife\\vendor\\laravel\\framework\\src\\Illuminate\\Pipeline\\Pipeline.php(163): Illuminate\\Foundation\\Http\\Middleware\\ValidatePostSize->handle(Object(Illuminate\\Http\\Request), Object(Closure))
#50 E:\\Projetos Desenvolvimento\\ProjetosPhpStorm\\ProjetosLaravel\
ightlife\\vendor\\laravel\\framework\\src\\Illuminate\\Routing\\Pipeline.php(53): Illuminate\\Pipeline\\Pipeline->Illuminate\\Pipeline\\{closure}(Object(Illuminate\\Http\\Request))
#51 E:\\Projetos Desenvolvimento\\ProjetosPhpStorm\\ProjetosLaravel\
ightlife\\vendor\\laravel\\framework\\src\\Illuminate\\Foundation\\Http\\Middleware\\CheckForMaintenanceMode.php(62): Illuminate\\Routing\\Pipeline->Illuminate\\Routing\\{closure}(Object(Illuminate\\Http\\Request))
#52 E:\\Projetos Desenvolvimento\\ProjetosPhpStorm\\ProjetosLaravel\
ightlife\\vendor\\laravel\\framework\\src\\Illuminate\\Pipeline\\Pipeline.php(163): Illuminate\\Foundation\\Http\\Middleware\\CheckForMaintenanceMode->handle(Object(Illuminate\\Http\\Request), Object(Closure))
#53 E:\\Projetos Desenvolvimento\\ProjetosPhpStorm\\ProjetosLaravel\
ightlife\\vendor\\laravel\\framework\\src\\Illuminate\\Routing\\Pipeline.php(53): Illuminate\\Pipeline\\Pipeline->Illuminate\\Pipeline\\{closure}(Object(Illuminate\\Http\\Request))
#54 E:\\Projetos Desenvolvimento\\ProjetosPhpStorm\\ProjetosLaravel\
ightlife\\vendor\\laravel\\framework\\src\\Illuminate\\Pipeline\\Pipeline.php(104): Illuminate\\Routing\\Pipeline->Illuminate\\Routing\\{closure}(Object(Illuminate\\Http\\Request))
#55 E:\\Projetos Desenvolvimento\\ProjetosPhpStorm\\ProjetosLaravel\
ightlife\\vendor\\laravel\\framework\\src\\Illuminate\\Foundation\\Http\\Kernel.php(151): Illuminate\\Pipeline\\Pipeline->then(Object(Closure))
#56 E:\\Projetos Desenvolvimento\\ProjetosPhpStorm\\ProjetosLaravel\
ightlife\\vendor\\laravel\\framework\\src\\Illuminate\\Foundation\\Http\\Kernel.php(116): Illuminate\\Foundation\\Http\\Kernel->sendRequestThroughRouter(Object(Illuminate\\Http\\Request))
#57 E:\\Projetos Desenvolvimento\\ProjetosPhpStorm\\ProjetosLaravel\
ightlife\\public\\index.php(55): Illuminate\\Foundation\\Http\\Kernel->handle(Object(Illuminate\\Http\\Request))
#58 {main}
"} 
[2020-02-20 00:47:40] local.ERROR: array_merge(): Expected parameter 2 to be an array, string given (View: E:\Projetos Desenvolvimento\ProjetosPhpStorm\ProjetosLaravel\nightlife\resources\views\admin\establishment\form.blade.php) {"userId":1,"exception":"[object] (ErrorException(code: 0): array_merge(): Expected parameter 2 to be an array, string given (View: E:\\Projetos Desenvolvimento\\ProjetosPhpStorm\\ProjetosLaravel\
ightlife\esources\\views\\admin\\establishment\\form.blade.php) at E:\\Projetos Desenvolvimento\\ProjetosPhpStorm\\ProjetosLaravel\
ightlife\\storage\\framework\\views\\a4a64a92b39a705d70c6be89888055b2ce23b52b.php:29, ErrorException(code: 0): array_merge(): Expected parameter 2 to be an array, string given at E:\\Projetos Desenvolvimento\\ProjetosPhpStorm\\ProjetosLaravel\
ightlife\\storage\\framework\\views\\a4a64a92b39a705d70c6be89888055b2ce23b52b.php:29)
[stacktrace]
#0 E:\\Projetos Desenvolvimento\\ProjetosPhpStorm\\ProjetosLaravel\
ightlife\\vendor\\laravel\\framework\\src\\Illuminate\\View\\Engines\\PhpEngine.php(45): Illuminate\\View\\Engines\\CompilerEngine->handleViewException(Object(ErrorException), 1)
#1 E:\\Projetos Desenvolvimento\\ProjetosPhpStorm\\ProjetosLaravel\
ightlife\\vendor\\laravel\\framework\\src\\Illuminate\\View\\Engines\\CompilerEngine.php(59): Illuminate\\View\\Engines\\PhpEngine->evaluatePath('E:\\\\Projetos Des...', Array)
#2 E:\\Projetos Desenvolvimento\\ProjetosPhpStorm\\ProjetosLaravel\
ightlife\\vendor\\laravel\\framework\\src\\Illuminate\\View\\View.php(142): Illuminate\\View\\Engines\\CompilerEngine->get('E:\\\\Projetos Des...', Array)
#3 E:\\Projetos Desenvolvimento\\ProjetosPhpStorm\\ProjetosLaravel\
ightlife\\vendor\\laravel\\framework\\src\\Illuminate\\View\\View.php(125): Illuminate\\View\\View->getContents()
#4 E:\\Projetos Desenvolvimento\\ProjetosPhpStorm\\ProjetosLaravel\
ightlife\\vendor\\laravel\\framework\\src\\Illuminate\\View\\View.php(90): Illuminate\\View\\View->renderContents()
#5 E:\\Projetos Desenvolvimento\\ProjetosPhpStorm\\ProjetosLaravel\
ightlife\\vendor\\laravel\\framework\\src\\Illuminate\\Http\\Response.php(42): Illuminate\\View\\View->render()
#6 E:\\Projetos Desenvolvimento\\ProjetosPhpStorm\\ProjetosLaravel\
ightlife\\vendor\\symfony\\http-foundation\\Response.php(202): Illuminate\\Http\\Response->setContent(Object(Illuminate\\View\\View))
#7 E:\\Projetos Desenvolvimento\\ProjetosPhpStorm\\ProjetosLaravel\
ightlife\\vendor\\laravel\\framework\\src\\Illuminate\\Routing\\Router.php(748): Symfony\\Component\\HttpFoundation\\Response->__construct(Object(Illuminate\\View\\View))
#8 E:\\Projetos Desenvolvimento\\ProjetosPhpStorm\\ProjetosLaravel\
ightlife\\vendor\\laravel\\framework\\src\\Illuminate\\Routing\\Router.php(720): Illuminate\\Routing\\Router::toResponse(Object(Illuminate\\Http\\Request), Object(Illuminate\\View\\View))
#9 E:\\Projetos Desenvolvimento\\ProjetosPhpStorm\\ProjetosLaravel\
ightlife\\vendor\\laravel\\framework\\src\\Illuminate\\Routing\\Router.php(680): Illuminate\\Routing\\Router->prepareResponse(Object(Illuminate\\Http\\Request), Object(Illuminate\\View\\View))
#10 E:\\Projetos Desenvolvimento\\ProjetosPhpStorm\\ProjetosLaravel\
ightlife\\vendor\\laravel\\framework\\src\\Illuminate\\Routing\\Pipeline.php(30): Illuminate\\Routing\\Router->Illuminate\\Routing\\{closure}(Object(Illuminate\\Http\\Request))
#11 E:\\Projetos Desenvolvimento\\ProjetosPhpStorm\\ProjetosLaravel\
ightlife\\vendor\\laravel\\framework\\src\\Illuminate\\Routing\\Middleware\\SubstituteBindings.php(41): Illuminate\\Routing\\Pipeline->Illuminate\\Routing\\{closure}(Object(Illuminate\\Http\\Request))
#12 E:\\Projetos Desenvolvimento\\ProjetosPhpStorm\\ProjetosLaravel\
ightlife\\vendor\\laravel\\framework\\src\\Illuminate\\Pipeline\\Pipeline.php(163): Illuminate\\Routing\\Middleware\\SubstituteBindings->handle(Object(Illuminate\\Http\\Request), Object(Closure))
#13 E:\\Projetos Desenvolvimento\\ProjetosPhpStorm\\ProjetosLaravel\
ightlife\\vendor\\laravel\\framework\\src\\Illuminate\\Routing\\Pipeline.php(53): Illuminate\\Pipeline\\Pipeline->Illuminate\\Pipeline\\{closure}(Object(Illuminate\\Http\\Request))
#14 E:\\Projetos Desenvolvimento\\ProjetosPhpStorm\\ProjetosLaravel\
ightlife\\vendor\\laravel\\framework\\src\\Illuminate\\Auth\\Middleware\\Authenticate.php(43): Illuminate\\Routing\\Pipeline->Illuminate\\Routing\\{closure}(Object(Illuminate\\Http\\Request))
#15 E:\\Projetos Desenvolvimento\\ProjetosPhpStorm\\ProjetosLaravel\
ightlife\\vendor\\laravel\\framework\\src\\Illuminate\\Pipeline\\Pipeline.php(163): Illuminate\\Auth\\Middleware\\Authenticate->handle(Object(Illuminate\\Http\\Request), Object(Closure))
#16 E:\\Projetos Desenvolvimento\\ProjetosPhpStorm\\ProjetosLaravel\
ightlife\\vendor\\laravel\\framework\\src\\Illuminate\\Routing\\Pipeline.php(53): Illuminate\\Pipeline\\Pipeline->Illuminate\\Pipeline\\{closure}(Object(Illuminate\\Http\\Request))
#17 E:\\Projetos Desenvolvimento\\ProjetosPhpStorm\\ProjetosLaravel\
ightlife\\vendor\\laravel\\framework\\src\\Illuminate\\Foundation\\Http\\Middleware\\VerifyCsrfToken.php(75): Illuminate\\Routing\\Pipeline->Illuminate\\Routing\\{closure}(Object(Illuminate\\Http\\Request))
#18 E:\\Projetos Desenvolvimento\\ProjetosPhpStorm\\ProjetosLaravel\
ightlife\\vendor\\laravel\\framework\\src\\Illuminate\\Pipeline\\Pipeline.php(163): Illuminate\\Foundation\\Http\\Middleware\\VerifyCsrfToken->handle(Object(Illuminate\\Http\\Request), Object(Closure))
#19 E:\\Projetos Desenvolvimento\\ProjetosPhpStorm\\ProjetosLaravel\
ightlife\\vendor\\laravel\\framework\\src\\Illuminate\\Routing\\Pipeline.php(53): Illuminate\\Pipeline\\Pipeline->Illuminate\\Pipeline\\{closure}(Object(Illuminate\\Http\\Request))
#20 E:\\Projetos Desenvolvimento\\ProjetosPhpStorm\\ProjetosLaravel\
ightlife\\vendor\\laravel\\framework\\src\\Illuminate\\View\\Middleware\\ShareErrorsFromSession.php(49): Illuminate\\Routing\\Pipeline->Illuminate\\Routing\\{closure}(Object(Illuminate\\Http\\Request))
#21 E:\\Projetos Desenvolvimento\\ProjetosPhpStorm\\ProjetosLaravel\
ightlife\\vendor\\laravel\\framework\\src\\Illuminate\\Pipeline\\Pipeline.php(163): Illuminate\\View\\Middleware\\ShareErrorsFromSession->handle(Object(Illuminate\\Http\\Request), Object(Closure))
#22 E:\\Projetos Desenvolvimento\\ProjetosPhpStorm\\ProjetosLaravel\
ightlife\\vendor\\laravel\\framework\\src\\Illuminate\\Routing\\Pipeline.php(53): Illuminate\\Pipeline\\Pipeline->Illuminate\\Pipeline\\{closure}(Object(Illuminate\\Http\\Request))
#23 E:\\Projetos Desenvolvimento\\ProjetosPhpStorm\\ProjetosLaravel\
ightlife\\vendor\\laravel\\framework\\src\\Illuminate\\Session\\Middleware\\StartSession.php(56): Illuminate\\Routing\\Pipeline->Illuminate\\Routing\\{closure}(Object(Illuminate\\Http\\Request))
#24 E:\\Projetos Desenvolvimento\\ProjetosPhpStorm\\ProjetosLaravel\
ightlife\\vendor\\laravel\\framework\\src\\Illuminate\\Pipeline\\Pipeline.php(163): Illuminate\\Session\\Middleware\\StartSession->handle(Object(Illuminate\\Http\\Request), Object(Closure))
#25 E:\\Projetos Desenvolvimento\\ProjetosPhpStorm\\ProjetosLaravel\
ightlife\\vendor\\laravel\\framework\\src\\Illuminate\\Routing\\Pipeline.php(53): Illuminate\\Pipeline\\Pipeline->Illuminate\\Pipeline\\{closure}(Object(Illuminate\\Http\\Request))
#26 E:\\Projetos Desenvolvimento\\ProjetosPhpStorm\\ProjetosLaravel\
ightlife\\vendor\\laravel\\framework\\src\\Illuminate\\Cookie\\Middleware\\AddQueuedCookiesToResponse.php(37): Illuminate\\Routing\\Pipeline->Illuminate\\Routing\\{closure}(Object(Illuminate\\Http\\Request))
#27 E:\\Projetos Desenvolvimento\\ProjetosPhpStorm\\ProjetosLaravel\
ightlife\\vendor\\laravel\\framework\\src\\Illuminate\\Pipeline\\Pipeline.php(163): Illuminate\\Cookie\\Middleware\\AddQueuedCookiesToResponse->handle(Object(Illuminate\\Http\\Request), Object(Closure))
#28 E:\\Projetos Desenvolvimento\\ProjetosPhpStorm\\ProjetosLaravel\
ightlife\\vendor\\laravel\\framework\\src\\Illuminate\\Routing\\Pipeline.php(53): Illuminate\\Pipeline\\Pipeline->Illuminate\\Pipeline\\{closure}(Object(Illuminate\\Http\\Request))
#29 E:\\Projetos Desenvolvimento\\ProjetosPhpStorm\\ProjetosLaravel\
ightlife\\vendor\\laravel\\framework\\src\\Illuminate\\Cookie\\Middleware\\EncryptCookies.php(66): Illuminate\\Routing\\Pipeline->Illuminate\\Routing\\{closure}(Object(Illuminate\\Http\\Request))
#30 E:\\Projetos Desenvolvimento\\ProjetosPhpStorm\\ProjetosLaravel\
ightlife\\vendor\\laravel\\framework\\src\\Illuminate\\Pipeline\\Pipeline.php(163): Illuminate\\Cookie\\Middleware\\EncryptCookies->handle(Object(Illuminate\\Http\\Request), Object(Closure))
#31 E:\\Projetos Desenvolvimento\\ProjetosPhpStorm\\ProjetosLaravel\
ightlife\\vendor\\laravel\\framework\\src\\Illuminate\\Routing\\Pipeline.php(53): Illuminate\\Pipeline\\Pipeline->Illuminate\\Pipeline\\{closure}(Object(Illuminate\\Http\\Request))
#32 E:\\Projetos Desenvolvimento\\ProjetosPhpStorm\\ProjetosLaravel\
ightlife\\vendor\\laravel\\framework\\src\\Illuminate\\Pipeline\\Pipeline.php(104): Illuminate\\Routing\\Pipeline->Illuminate\\Routing\\{closure}(Object(Illuminate\\Http\\Request))
#33 E:\\Projetos Desenvolvimento\\ProjetosPhpStorm\\ProjetosLaravel\
ightlife\\vendor\\laravel\\framework\\src\\Illuminate\\Routing\\Router.php(682): Illuminate\\Pipeline\\Pipeline->then(Object(Closure))
#34 E:\\Projetos Desenvolvimento\\ProjetosPhpStorm\\ProjetosLaravel\
ightlife\\vendor\\laravel\\framework\\src\\Illuminate\\Routing\\Router.php(657): Illuminate\\Routing\\Router->runRouteWithinStack(Object(Illuminate\\Routing\\Route), Object(Illuminate\\Http\\Request))
#35 E:\\Projetos Desenvolvimento\\ProjetosPhpStorm\\ProjetosLaravel\
ightlife\\vendor\\laravel\\framework\\src\\Illuminate\\Routing\\Router.php(623): Illuminate\\Routing\\Router->runRoute(Object(Illuminate\\Http\\Request), Object(Illuminate\\Routing\\Route))
#36 E:\\Projetos Desenvolvimento\\ProjetosPhpStorm\\ProjetosLaravel\
ightlife\\vendor\\laravel\\framework\\src\\Illuminate\\Routing\\Router.php(612): Illuminate\\Routing\\Router->dispatchToRoute(Object(Illuminate\\Http\\Request))
#37 E:\\Projetos Desenvolvimento\\ProjetosPhpStorm\\ProjetosLaravel\
ightlife\\vendor\\laravel\\framework\\src\\Illuminate\\Foundation\\Http\\Kernel.php(176): Illuminate\\Routing\\Router->dispatch(Object(Illuminate\\Http\\Request))
#38 E:\\Projetos Desenvolvimento\\ProjetosPhpStorm\\ProjetosLaravel\
ightlife\\vendor\\laravel\\framework\\src\\Illuminate\\Routing\\Pipeline.php(30): Illuminate\\Foundation\\Http\\Kernel->Illuminate\\Foundation\\Http\\{closure}(Object(Illuminate\\Http\\Request))
#39 E:\\Projetos Desenvolvimento\\ProjetosPhpStorm\\ProjetosLaravel\
ightlife\\vendor\\fideloper\\proxy\\src\\TrustProxies.php(57): Illuminate\\Routing\\Pipeline->Illuminate\\Routing\\{closure}(Object(Illuminate\\Http\\Request))
#40 E:\\Projetos Desenvolvimento\\ProjetosPhpStorm\\ProjetosLaravel\
ightlife\\vendor\\laravel\\framework\\src\\Illuminate\\Pipeline\\Pipeline.php(163): Fideloper\\Proxy\\TrustProxies->handle(Object(Illuminate\\Http\\Request), Object(Closure))
#41 E:\\Projetos Desenvolvimento\\ProjetosPhpStorm\\ProjetosLaravel\
ightlife\\vendor\\laravel\\framework\\src\\Illuminate\\Routing\\Pipeline.php(53): Illuminate\\Pipeline\\Pipeline->Illuminate\\Pipeline\\{closure}(Object(Illuminate\\Http\\Request))
#42 E:\\Projetos Desenvolvimento\\ProjetosPhpStorm\\ProjetosLaravel\
ightlife\\vendor\\laravel\\framework\\src\\Illuminate\\Foundation\\Http\\Middleware\\TransformsRequest.php(21): Illuminate\\Routing\\Pipeline->Illuminate\\Routing\\{closure}(Object(Illuminate\\Http\\Request))
#43 E:\\Projetos Desenvolvimento\\ProjetosPhpStorm\\ProjetosLaravel\
ightlife\\vendor\\laravel\\framework\\src\\Illuminate\\Pipeline\\Pipeline.php(163): Illuminate\\Foundation\\Http\\Middleware\\TransformsRequest->handle(Object(Illuminate\\Http\\Request), Object(Closure))
#44 E:\\Projetos Desenvolvimento\\ProjetosPhpStorm\\ProjetosLaravel\
ightlife\\vendor\\laravel\\framework\\src\\Illuminate\\Routing\\Pipeline.php(53): Illuminate\\Pipeline\\Pipeline->Illuminate\\Pipeline\\{closure}(Object(Illuminate\\Http\\Request))
#45 E:\\Projetos Desenvolvimento\\ProjetosPhpStorm\\ProjetosLaravel\
ightlife\\vendor\\laravel\\framework\\src\\Illuminate\\Foundation\\Http\\Middleware\\TransformsRequest.php(21): Illuminate\\Routing\\Pipeline->Illuminate\\Routing\\{closure}(Object(Illuminate\\Http\\Request))
#46 E:\\Projetos Desenvolvimento\\ProjetosPhpStorm\\ProjetosLaravel\
ightlife\\vendor\\laravel\\framework\\src\\Illuminate\\Pipeline\\Pipeline.php(163): Illuminate\\Foundation\\Http\\Middleware\\TransformsRequest->handle(Object(Illuminate\\Http\\Request), Object(Closure))
#47 E:\\Projetos Desenvolvimento\\ProjetosPhpStorm\\ProjetosLaravel\
ightlife\\vendor\\laravel\\framework\\src\\Illuminate\\Routing\\Pipeline.php(53): Illuminate\\Pipeline\\Pipeline->Illuminate\\Pipeline\\{closure}(Object(Illuminate\\Http\\Request))
#48 E:\\Projetos Desenvolvimento\\ProjetosPhpStorm\\ProjetosLaravel\
ightlife\\vendor\\laravel\\framework\\src\\Illuminate\\Foundation\\Http\\Middleware\\ValidatePostSize.php(27): Illuminate\\Routing\\Pipeline->Illuminate\\Routing\\{closure}(Object(Illuminate\\Http\\Request))
#49 E:\\Projetos Desenvolvimento\\ProjetosPhpStorm\\ProjetosLaravel\
ightlife\\vendor\\laravel\\framework\\src\\Illuminate\\Pipeline\\Pipeline.php(163): Illuminate\\Foundation\\Http\\Middleware\\ValidatePostSize->handle(Object(Illuminate\\Http\\Request), Object(Closure))
#50 E:\\Projetos Desenvolvimento\\ProjetosPhpStorm\\ProjetosLaravel\
ightlife\\vendor\\laravel\\framework\\src\\Illuminate\\Routing\\Pipeline.php(53): Illuminate\\Pipeline\\Pipeline->Illuminate\\Pipeline\\{closure}(Object(Illuminate\\Http\\Request))
#51 E:\\Projetos Desenvolvimento\\ProjetosPhpStorm\\ProjetosLaravel\
ightlife\\vendor\\laravel\\framework\\src\\Illuminate\\Foundation\\Http\\Middleware\\CheckForMaintenanceMode.php(62): Illuminate\\Routing\\Pipeline->Illuminate\\Routing\\{closure}(Object(Illuminate\\Http\\Request))
#52 E:\\Projetos Desenvolvimento\\ProjetosPhpStorm\\ProjetosLaravel\
ightlife\\vendor\\laravel\\framework\\src\\Illuminate\\Pipeline\\Pipeline.php(163): Illuminate\\Foundation\\Http\\Middleware\\CheckForMaintenanceMode->handle(Object(Illuminate\\Http\\Request), Object(Closure))
#53 E:\\Projetos Desenvolvimento\\ProjetosPhpStorm\\ProjetosLaravel\
ightlife\\vendor\\laravel\\framework\\src\\Illuminate\\Routing\\Pipeline.php(53): Illuminate\\Pipeline\\Pipeline->Illuminate\\Pipeline\\{closure}(Object(Illuminate\\Http\\Request))
#54 E:\\Projetos Desenvolvimento\\ProjetosPhpStorm\\ProjetosLaravel\
ightlife\\vendor\\laravel\\framework\\src\\Illuminate\\Pipeline\\Pipeline.php(104): Illuminate\\Routing\\Pipeline->Illuminate\\Routing\\{closure}(Object(Illuminate\\Http\\Request))
#55 E:\\Projetos Desenvolvimento\\ProjetosPhpStorm\\ProjetosLaravel\
ightlife\\vendor\\laravel\\framework\\src\\Illuminate\\Foundation\\Http\\Kernel.php(151): Illuminate\\Pipeline\\Pipeline->then(Object(Closure))
#56 E:\\Projetos Desenvolvimento\\ProjetosPhpStorm\\ProjetosLaravel\
ightlife\\vendor\\laravel\\framework\\src\\Illuminate\\Foundation\\Http\\Kernel.php(116): Illuminate\\Foundation\\Http\\Kernel->sendRequestThroughRouter(Object(Illuminate\\Http\\Request))
#57 E:\\Projetos Desenvolvimento\\ProjetosPhpStorm\\ProjetosLaravel\
ightlife\\public\\index.php(55): Illuminate\\Foundation\\Http\\Kernel->handle(Object(Illuminate\\Http\\Request))
#58 {main}
"} 
[2020-02-20 01:00:16] local.ERROR: Route [vehicles.store] not defined. (View: E:\Projetos Desenvolvimento\ProjetosPhpStorm\ProjetosLaravel\nightlife\resources\views\admin\establishment\form.blade.php) {"userId":1,"exception":"[object] (ErrorException(code: 0): Route [vehicles.store] not defined. (View: E:\\Projetos Desenvolvimento\\ProjetosPhpStorm\\ProjetosLaravel\
ightlife\esources\\views\\admin\\establishment\\form.blade.php) at E:\\Projetos Desenvolvimento\\ProjetosPhpStorm\\ProjetosLaravel\
ightlife\\vendor\\laravel\\framework\\src\\Illuminate\\Routing\\UrlGenerator.php:388, InvalidArgumentException(code: 0): Route [vehicles.store] not defined. at E:\\Projetos Desenvolvimento\\ProjetosPhpStorm\\ProjetosLaravel\
ightlife\\vendor\\laravel\\framework\\src\\Illuminate\\Routing\\UrlGenerator.php:388)
[stacktrace]
#0 E:\\Projetos Desenvolvimento\\ProjetosPhpStorm\\ProjetosLaravel\
ightlife\\vendor\\laravel\\framework\\src\\Illuminate\\View\\Engines\\PhpEngine.php(45): Illuminate\\View\\Engines\\CompilerEngine->handleViewException(Object(InvalidArgumentException), 1)
#1 E:\\Projetos Desenvolvimento\\ProjetosPhpStorm\\ProjetosLaravel\
ightlife\\vendor\\laravel\\framework\\src\\Illuminate\\View\\Engines\\CompilerEngine.php(59): Illuminate\\View\\Engines\\PhpEngine->evaluatePath('E:\\\\Projetos Des...', Array)
#2 E:\\Projetos Desenvolvimento\\ProjetosPhpStorm\\ProjetosLaravel\
ightlife\\vendor\\laravel\\framework\\src\\Illuminate\\View\\View.php(142): Illuminate\\View\\Engines\\CompilerEngine->get('E:\\\\Projetos Des...', Array)
#3 E:\\Projetos Desenvolvimento\\ProjetosPhpStorm\\ProjetosLaravel\
ightlife\\vendor\\laravel\\framework\\src\\Illuminate\\View\\View.php(125): Illuminate\\View\\View->getContents()
#4 E:\\Projetos Desenvolvimento\\ProjetosPhpStorm\\ProjetosLaravel\
ightlife\\vendor\\laravel\\framework\\src\\Illuminate\\View\\View.php(90): Illuminate\\View\\View->renderContents()
#5 E:\\Projetos Desenvolvimento\\ProjetosPhpStorm\\ProjetosLaravel\
ightlife\\vendor\\laravel\\framework\\src\\Illuminate\\Http\\Response.php(42): Illuminate\\View\\View->render()
#6 E:\\Projetos Desenvolvimento\\ProjetosPhpStorm\\ProjetosLaravel\
ightlife\\vendor\\symfony\\http-foundation\\Response.php(202): Illuminate\\Http\\Response->setContent(Object(Illuminate\\View\\View))
#7 E:\\Projetos Desenvolvimento\\ProjetosPhpStorm\\ProjetosLaravel\
ightlife\\vendor\\laravel\\framework\\src\\Illuminate\\Routing\\Router.php(748): Symfony\\Component\\HttpFoundation\\Response->__construct(Object(Illuminate\\View\\View))
#8 E:\\Projetos Desenvolvimento\\ProjetosPhpStorm\\ProjetosLaravel\
ightlife\\vendor\\laravel\\framework\\src\\Illuminate\\Routing\\Router.php(720): Illuminate\\Routing\\Router::toResponse(Object(Illuminate\\Http\\Request), Object(Illuminate\\View\\View))
#9 E:\\Projetos Desenvolvimento\\ProjetosPhpStorm\\ProjetosLaravel\
ightlife\\vendor\\laravel\\framework\\src\\Illuminate\\Routing\\Router.php(680): Illuminate\\Routing\\Router->prepareResponse(Object(Illuminate\\Http\\Request), Object(Illuminate\\View\\View))
#10 E:\\Projetos Desenvolvimento\\ProjetosPhpStorm\\ProjetosLaravel\
ightlife\\vendor\\laravel\\framework\\src\\Illuminate\\Routing\\Pipeline.php(30): Illuminate\\Routing\\Router->Illuminate\\Routing\\{closure}(Object(Illuminate\\Http\\Request))
#11 E:\\Projetos Desenvolvimento\\ProjetosPhpStorm\\ProjetosLaravel\
ightlife\\vendor\\laravel\\framework\\src\\Illuminate\\Routing\\Middleware\\SubstituteBindings.php(41): Illuminate\\Routing\\Pipeline->Illuminate\\Routing\\{closure}(Object(Illuminate\\Http\\Request))
#12 E:\\Projetos Desenvolvimento\\ProjetosPhpStorm\\ProjetosLaravel\
ightlife\\vendor\\laravel\\framework\\src\\Illuminate\\Pipeline\\Pipeline.php(163): Illuminate\\Routing\\Middleware\\SubstituteBindings->handle(Object(Illuminate\\Http\\Request), Object(Closure))
#13 E:\\Projetos Desenvolvimento\\ProjetosPhpStorm\\ProjetosLaravel\
ightlife\\vendor\\laravel\\framework\\src\\Illuminate\\Routing\\Pipeline.php(53): Illuminate\\Pipeline\\Pipeline->Illuminate\\Pipeline\\{closure}(Object(Illuminate\\Http\\Request))
#14 E:\\Projetos Desenvolvimento\\ProjetosPhpStorm\\ProjetosLaravel\
ightlife\\vendor\\laravel\\framework\\src\\Illuminate\\Auth\\Middleware\\Authenticate.php(43): Illuminate\\Routing\\Pipeline->Illuminate\\Routing\\{closure}(Object(Illuminate\\Http\\Request))
#15 E:\\Projetos Desenvolvimento\\ProjetosPhpStorm\\ProjetosLaravel\
ightlife\\vendor\\laravel\\framework\\src\\Illuminate\\Pipeline\\Pipeline.php(163): Illuminate\\Auth\\Middleware\\Authenticate->handle(Object(Illuminate\\Http\\Request), Object(Closure))
#16 E:\\Projetos Desenvolvimento\\ProjetosPhpStorm\\ProjetosLaravel\
ightlife\\vendor\\laravel\\framework\\src\\Illuminate\\Routing\\Pipeline.php(53): Illuminate\\Pipeline\\Pipeline->Illuminate\\Pipeline\\{closure}(Object(Illuminate\\Http\\Request))
#17 E:\\Projetos Desenvolvimento\\ProjetosPhpStorm\\ProjetosLaravel\
ightlife\\vendor\\laravel\\framework\\src\\Illuminate\\Foundation\\Http\\Middleware\\VerifyCsrfToken.php(75): Illuminate\\Routing\\Pipeline->Illuminate\\Routing\\{closure}(Object(Illuminate\\Http\\Request))
#18 E:\\Projetos Desenvolvimento\\ProjetosPhpStorm\\ProjetosLaravel\
ightlife\\vendor\\laravel\\framework\\src\\Illuminate\\Pipeline\\Pipeline.php(163): Illuminate\\Foundation\\Http\\Middleware\\VerifyCsrfToken->handle(Object(Illuminate\\Http\\Request), Object(Closure))
#19 E:\\Projetos Desenvolvimento\\ProjetosPhpStorm\\ProjetosLaravel\
ightlife\\vendor\\laravel\\framework\\src\\Illuminate\\Routing\\Pipeline.php(53): Illuminate\\Pipeline\\Pipeline->Illuminate\\Pipeline\\{closure}(Object(Illuminate\\Http\\Request))
#20 E:\\Projetos Desenvolvimento\\ProjetosPhpStorm\\ProjetosLaravel\
ightlife\\vendor\\laravel\\framework\\src\\Illuminate\\View\\Middleware\\ShareErrorsFromSession.php(49): Illuminate\\Routing\\Pipeline->Illuminate\\Routing\\{closure}(Object(Illuminate\\Http\\Request))
#21 E:\\Projetos Desenvolvimento\\ProjetosPhpStorm\\ProjetosLaravel\
ightlife\\vendor\\laravel\\framework\\src\\Illuminate\\Pipeline\\Pipeline.php(163): Illuminate\\View\\Middleware\\ShareErrorsFromSession->handle(Object(Illuminate\\Http\\Request), Object(Closure))
#22 E:\\Projetos Desenvolvimento\\ProjetosPhpStorm\\ProjetosLaravel\
ightlife\\vendor\\laravel\\framework\\src\\Illuminate\\Routing\\Pipeline.php(53): Illuminate\\Pipeline\\Pipeline->Illuminate\\Pipeline\\{closure}(Object(Illuminate\\Http\\Request))
#23 E:\\Projetos Desenvolvimento\\ProjetosPhpStorm\\ProjetosLaravel\
ightlife\\vendor\\laravel\\framework\\src\\Illuminate\\Session\\Middleware\\StartSession.php(56): Illuminate\\Routing\\Pipeline->Illuminate\\Routing\\{closure}(Object(Illuminate\\Http\\Request))
#24 E:\\Projetos Desenvolvimento\\ProjetosPhpStorm\\ProjetosLaravel\
ightlife\\vendor\\laravel\\framework\\src\\Illuminate\\Pipeline\\Pipeline.php(163): Illuminate\\Session\\Middleware\\StartSession->handle(Object(Illuminate\\Http\\Request), Object(Closure))
#25 E:\\Projetos Desenvolvimento\\ProjetosPhpStorm\\ProjetosLaravel\
ightlife\\vendor\\laravel\\framework\\src\\Illuminate\\Routing\\Pipeline.php(53): Illuminate\\Pipeline\\Pipeline->Illuminate\\Pipeline\\{closure}(Object(Illuminate\\Http\\Request))
#26 E:\\Projetos Desenvolvimento\\ProjetosPhpStorm\\ProjetosLaravel\
ightlife\\vendor\\laravel\\framework\\src\\Illuminate\\Cookie\\Middleware\\AddQueuedCookiesToResponse.php(37): Illuminate\\Routing\\Pipeline->Illuminate\\Routing\\{closure}(Object(Illuminate\\Http\\Request))
#27 E:\\Projetos Desenvolvimento\\ProjetosPhpStorm\\ProjetosLaravel\
ightlife\\vendor\\laravel\\framework\\src\\Illuminate\\Pipeline\\Pipeline.php(163): Illuminate\\Cookie\\Middleware\\AddQueuedCookiesToResponse->handle(Object(Illuminate\\Http\\Request), Object(Closure))
#28 E:\\Projetos Desenvolvimento\\ProjetosPhpStorm\\ProjetosLaravel\
ightlife\\vendor\\laravel\\framework\\src\\Illuminate\\Routing\\Pipeline.php(53): Illuminate\\Pipeline\\Pipeline->Illuminate\\Pipeline\\{closure}(Object(Illuminate\\Http\\Request))
#29 E:\\Projetos Desenvolvimento\\ProjetosPhpStorm\\ProjetosLaravel\
ightlife\\vendor\\laravel\\framework\\src\\Illuminate\\Cookie\\Middleware\\EncryptCookies.php(66): Illuminate\\Routing\\Pipeline->Illuminate\\Routing\\{closure}(Object(Illuminate\\Http\\Request))
#30 E:\\Projetos Desenvolvimento\\ProjetosPhpStorm\\ProjetosLaravel\
ightlife\\vendor\\laravel\\framework\\src\\Illuminate\\Pipeline\\Pipeline.php(163): Illuminate\\Cookie\\Middleware\\EncryptCookies->handle(Object(Illuminate\\Http\\Request), Object(Closure))
#31 E:\\Projetos Desenvolvimento\\ProjetosPhpStorm\\ProjetosLaravel\
ightlife\\vendor\\laravel\\framework\\src\\Illuminate\\Routing\\Pipeline.php(53): Illuminate\\Pipeline\\Pipeline->Illuminate\\Pipeline\\{closure}(Object(Illuminate\\Http\\Request))
#32 E:\\Projetos Desenvolvimento\\ProjetosPhpStorm\\ProjetosLaravel\
ightlife\\vendor\\laravel\\framework\\src\\Illuminate\\Pipeline\\Pipeline.php(104): Illuminate\\Routing\\Pipeline->Illuminate\\Routing\\{closure}(Object(Illuminate\\Http\\Request))
#33 E:\\Projetos Desenvolvimento\\ProjetosPhpStorm\\ProjetosLaravel\
ightlife\\vendor\\laravel\\framework\\src\\Illuminate\\Routing\\Router.php(682): Illuminate\\Pipeline\\Pipeline->then(Object(Closure))
#34 E:\\Projetos Desenvolvimento\\ProjetosPhpStorm\\ProjetosLaravel\
ightlife\\vendor\\laravel\\framework\\src\\Illuminate\\Routing\\Router.php(657): Illuminate\\Routing\\Router->runRouteWithinStack(Object(Illuminate\\Routing\\Route), Object(Illuminate\\Http\\Request))
#35 E:\\Projetos Desenvolvimento\\ProjetosPhpStorm\\ProjetosLaravel\
ightlife\\vendor\\laravel\\framework\\src\\Illuminate\\Routing\\Router.php(623): Illuminate\\Routing\\Router->runRoute(Object(Illuminate\\Http\\Request), Object(Illuminate\\Routing\\Route))
#36 E:\\Projetos Desenvolvimento\\ProjetosPhpStorm\\ProjetosLaravel\
ightlife\\vendor\\laravel\\framework\\src\\Illuminate\\Routing\\Router.php(612): Illuminate\\Routing\\Router->dispatchToRoute(Object(Illuminate\\Http\\Request))
#37 E:\\Projetos Desenvolvimento\\ProjetosPhpStorm\\ProjetosLaravel\
ightlife\\vendor\\laravel\\framework\\src\\Illuminate\\Foundation\\Http\\Kernel.php(176): Illuminate\\Routing\\Router->dispatch(Object(Illuminate\\Http\\Request))
#38 E:\\Projetos Desenvolvimento\\ProjetosPhpStorm\\ProjetosLaravel\
ightlife\\vendor\\laravel\\framework\\src\\Illuminate\\Routing\\Pipeline.php(30): Illuminate\\Foundation\\Http\\Kernel->Illuminate\\Foundation\\Http\\{closure}(Object(Illuminate\\Http\\Request))
#39 E:\\Projetos Desenvolvimento\\ProjetosPhpStorm\\ProjetosLaravel\
ightlife\\vendor\\fideloper\\proxy\\src\\TrustProxies.php(57): Illuminate\\Routing\\Pipeline->Illuminate\\Routing\\{closure}(Object(Illuminate\\Http\\Request))
#40 E:\\Projetos Desenvolvimento\\ProjetosPhpStorm\\ProjetosLaravel\
ightlife\\vendor\\laravel\\framework\\src\\Illuminate\\Pipeline\\Pipeline.php(163): Fideloper\\Proxy\\TrustProxies->handle(Object(Illuminate\\Http\\Request), Object(Closure))
#41 E:\\Projetos Desenvolvimento\\ProjetosPhpStorm\\ProjetosLaravel\
ightlife\\vendor\\laravel\\framework\\src\\Illuminate\\Routing\\Pipeline.php(53): Illuminate\\Pipeline\\Pipeline->Illuminate\\Pipeline\\{closure}(Object(Illuminate\\Http\\Request))
#42 E:\\Projetos Desenvolvimento\\ProjetosPhpStorm\\ProjetosLaravel\
ightlife\\vendor\\laravel\\framework\\src\\Illuminate\\Foundation\\Http\\Middleware\\TransformsRequest.php(21): Illuminate\\Routing\\Pipeline->Illuminate\\Routing\\{closure}(Object(Illuminate\\Http\\Request))
#43 E:\\Projetos Desenvolvimento\\ProjetosPhpStorm\\ProjetosLaravel\
ightlife\\vendor\\laravel\\framework\\src\\Illuminate\\Pipeline\\Pipeline.php(163): Illuminate\\Foundation\\Http\\Middleware\\TransformsRequest->handle(Object(Illuminate\\Http\\Request), Object(Closure))
#44 E:\\Projetos Desenvolvimento\\ProjetosPhpStorm\\ProjetosLaravel\
ightlife\\vendor\\laravel\\framework\\src\\Illuminate\\Routing\\Pipeline.php(53): Illuminate\\Pipeline\\Pipeline->Illuminate\\Pipeline\\{closure}(Object(Illuminate\\Http\\Request))
#45 E:\\Projetos Desenvolvimento\\ProjetosPhpStorm\\ProjetosLaravel\
ightlife\\vendor\\laravel\\framework\\src\\Illuminate\\Foundation\\Http\\Middleware\\TransformsRequest.php(21): Illuminate\\Routing\\Pipeline->Illuminate\\Routing\\{closure}(Object(Illuminate\\Http\\Request))
#46 E:\\Projetos Desenvolvimento\\ProjetosPhpStorm\\ProjetosLaravel\
ightlife\\vendor\\laravel\\framework\\src\\Illuminate\\Pipeline\\Pipeline.php(163): Illuminate\\Foundation\\Http\\Middleware\\TransformsRequest->handle(Object(Illuminate\\Http\\Request), Object(Closure))
#47 E:\\Projetos Desenvolvimento\\ProjetosPhpStorm\\ProjetosLaravel\
ightlife\\vendor\\laravel\\framework\\src\\Illuminate\\Routing\\Pipeline.php(53): Illuminate\\Pipeline\\Pipeline->Illuminate\\Pipeline\\{closure}(Object(Illuminate\\Http\\Request))
#48 E:\\Projetos Desenvolvimento\\ProjetosPhpStorm\\ProjetosLaravel\
ightlife\\vendor\\laravel\\framework\\src\\Illuminate\\Foundation\\Http\\Middleware\\ValidatePostSize.php(27): Illuminate\\Routing\\Pipeline->Illuminate\\Routing\\{closure}(Object(Illuminate\\Http\\Request))
#49 E:\\Projetos Desenvolvimento\\ProjetosPhpStorm\\ProjetosLaravel\
ightlife\\vendor\\laravel\\framework\\src\\Illuminate\\Pipeline\\Pipeline.php(163): Illuminate\\Foundation\\Http\\Middleware\\ValidatePostSize->handle(Object(Illuminate\\Http\\Request), Object(Closure))
#50 E:\\Projetos Desenvolvimento\\ProjetosPhpStorm\\ProjetosLaravel\
ightlife\\vendor\\laravel\\framework\\src\\Illuminate\\Routing\\Pipeline.php(53): Illuminate\\Pipeline\\Pipeline->Illuminate\\Pipeline\\{closure}(Object(Illuminate\\Http\\Request))
#51 E:\\Projetos Desenvolvimento\\ProjetosPhpStorm\\ProjetosLaravel\
ightlife\\vendor\\laravel\\framework\\src\\Illuminate\\Foundation\\Http\\Middleware\\CheckForMaintenanceMode.php(62): Illuminate\\Routing\\Pipeline->Illuminate\\Routing\\{closure}(Object(Illuminate\\Http\\Request))
#52 E:\\Projetos Desenvolvimento\\ProjetosPhpStorm\\ProjetosLaravel\
ightlife\\vendor\\laravel\\framework\\src\\Illuminate\\Pipeline\\Pipeline.php(163): Illuminate\\Foundation\\Http\\Middleware\\CheckForMaintenanceMode->handle(Object(Illuminate\\Http\\Request), Object(Closure))
#53 E:\\Projetos Desenvolvimento\\ProjetosPhpStorm\\ProjetosLaravel\
ightlife\\vendor\\laravel\\framework\\src\\Illuminate\\Routing\\Pipeline.php(53): Illuminate\\Pipeline\\Pipeline->Illuminate\\Pipeline\\{closure}(Object(Illuminate\\Http\\Request))
#54 E:\\Projetos Desenvolvimento\\ProjetosPhpStorm\\ProjetosLaravel\
ightlife\\vendor\\laravel\\framework\\src\\Illuminate\\Pipeline\\Pipeline.php(104): Illuminate\\Routing\\Pipeline->Illuminate\\Routing\\{closure}(Object(Illuminate\\Http\\Request))
#55 E:\\Projetos Desenvolvimento\\ProjetosPhpStorm\\ProjetosLaravel\
ightlife\\vendor\\laravel\\framework\\src\\Illuminate\\Foundation\\Http\\Kernel.php(151): Illuminate\\Pipeline\\Pipeline->then(Object(Closure))
#56 E:\\Projetos Desenvolvimento\\ProjetosPhpStorm\\ProjetosLaravel\
ightlife\\vendor\\laravel\\framework\\src\\Illuminate\\Foundation\\Http\\Kernel.php(116): Illuminate\\Foundation\\Http\\Kernel->sendRequestThroughRouter(Object(Illuminate\\Http\\Request))
#57 E:\\Projetos Desenvolvimento\\ProjetosPhpStorm\\ProjetosLaravel\
ightlife\\public\\index.php(55): Illuminate\\Foundation\\Http\\Kernel->handle(Object(Illuminate\\Http\\Request))
#58 {main}
"} 
[2020-02-20 01:00:29] local.ERROR: Route [establishment.store] not defined. (View: E:\Projetos Desenvolvimento\ProjetosPhpStorm\ProjetosLaravel\nightlife\resources\views\admin\establishment\form.blade.php) {"userId":1,"exception":"[object] (ErrorException(code: 0): Route [establishment.store] not defined. (View: E:\\Projetos Desenvolvimento\\ProjetosPhpStorm\\ProjetosLaravel\
ightlife\esources\\views\\admin\\establishment\\form.blade.php) at E:\\Projetos Desenvolvimento\\ProjetosPhpStorm\\ProjetosLaravel\
ightlife\\vendor\\laravel\\framework\\src\\Illuminate\\Routing\\UrlGenerator.php:388, InvalidArgumentException(code: 0): Route [establishment.store] not defined. at E:\\Projetos Desenvolvimento\\ProjetosPhpStorm\\ProjetosLaravel\
ightlife\\vendor\\laravel\\framework\\src\\Illuminate\\Routing\\UrlGenerator.php:388)
[stacktrace]
#0 E:\\Projetos Desenvolvimento\\ProjetosPhpStorm\\ProjetosLaravel\
ightlife\\vendor\\laravel\\framework\\src\\Illuminate\\View\\Engines\\PhpEngine.php(45): Illuminate\\View\\Engines\\CompilerEngine->handleViewException(Object(InvalidArgumentException), 1)
#1 E:\\Projetos Desenvolvimento\\ProjetosPhpStorm\\ProjetosLaravel\
ightlife\\vendor\\laravel\\framework\\src\\Illuminate\\View\\Engines\\CompilerEngine.php(59): Illuminate\\View\\Engines\\PhpEngine->evaluatePath('E:\\\\Projetos Des...', Array)
#2 E:\\Projetos Desenvolvimento\\ProjetosPhpStorm\\ProjetosLaravel\
ightlife\\vendor\\laravel\\framework\\src\\Illuminate\\View\\View.php(142): Illuminate\\View\\Engines\\CompilerEngine->get('E:\\\\Projetos Des...', Array)
#3 E:\\Projetos Desenvolvimento\\ProjetosPhpStorm\\ProjetosLaravel\
ightlife\\vendor\\laravel\\framework\\src\\Illuminate\\View\\View.php(125): Illuminate\\View\\View->getContents()
#4 E:\\Projetos Desenvolvimento\\ProjetosPhpStorm\\ProjetosLaravel\
ightlife\\vendor\\laravel\\framework\\src\\Illuminate\\View\\View.php(90): Illuminate\\View\\View->renderContents()
#5 E:\\Projetos Desenvolvimento\\ProjetosPhpStorm\\ProjetosLaravel\
ightlife\\vendor\\laravel\\framework\\src\\Illuminate\\Http\\Response.php(42): Illuminate\\View\\View->render()
#6 E:\\Projetos Desenvolvimento\\ProjetosPhpStorm\\ProjetosLaravel\
ightlife\\vendor\\symfony\\http-foundation\\Response.php(202): Illuminate\\Http\\Response->setContent(Object(Illuminate\\View\\View))
#7 E:\\Projetos Desenvolvimento\\ProjetosPhpStorm\\ProjetosLaravel\
ightlife\\vendor\\laravel\\framework\\src\\Illuminate\\Routing\\Router.php(748): Symfony\\Component\\HttpFoundation\\Response->__construct(Object(Illuminate\\View\\View))
#8 E:\\Projetos Desenvolvimento\\ProjetosPhpStorm\\ProjetosLaravel\
ightlife\\vendor\\laravel\\framework\\src\\Illuminate\\Routing\\Router.php(720): Illuminate\\Routing\\Router::toResponse(Object(Illuminate\\Http\\Request), Object(Illuminate\\View\\View))
#9 E:\\Projetos Desenvolvimento\\ProjetosPhpStorm\\ProjetosLaravel\
ightlife\\vendor\\laravel\\framework\\src\\Illuminate\\Routing\\Router.php(680): Illuminate\\Routing\\Router->prepareResponse(Object(Illuminate\\Http\\Request), Object(Illuminate\\View\\View))
#10 E:\\Projetos Desenvolvimento\\ProjetosPhpStorm\\ProjetosLaravel\
ightlife\\vendor\\laravel\\framework\\src\\Illuminate\\Routing\\Pipeline.php(30): Illuminate\\Routing\\Router->Illuminate\\Routing\\{closure}(Object(Illuminate\\Http\\Request))
#11 E:\\Projetos Desenvolvimento\\ProjetosPhpStorm\\ProjetosLaravel\
ightlife\\vendor\\laravel\\framework\\src\\Illuminate\\Routing\\Middleware\\SubstituteBindings.php(41): Illuminate\\Routing\\Pipeline->Illuminate\\Routing\\{closure}(Object(Illuminate\\Http\\Request))
#12 E:\\Projetos Desenvolvimento\\ProjetosPhpStorm\\ProjetosLaravel\
ightlife\\vendor\\laravel\\framework\\src\\Illuminate\\Pipeline\\Pipeline.php(163): Illuminate\\Routing\\Middleware\\SubstituteBindings->handle(Object(Illuminate\\Http\\Request), Object(Closure))
#13 E:\\Projetos Desenvolvimento\\ProjetosPhpStorm\\ProjetosLaravel\
ightlife\\vendor\\laravel\\framework\\src\\Illuminate\\Routing\\Pipeline.php(53): Illuminate\\Pipeline\\Pipeline->Illuminate\\Pipeline\\{closure}(Object(Illuminate\\Http\\Request))
#14 E:\\Projetos Desenvolvimento\\ProjetosPhpStorm\\ProjetosLaravel\
ightlife\\vendor\\laravel\\framework\\src\\Illuminate\\Auth\\Middleware\\Authenticate.php(43): Illuminate\\Routing\\Pipeline->Illuminate\\Routing\\{closure}(Object(Illuminate\\Http\\Request))
#15 E:\\Projetos Desenvolvimento\\ProjetosPhpStorm\\ProjetosLaravel\
ightlife\\vendor\\laravel\\framework\\src\\Illuminate\\Pipeline\\Pipeline.php(163): Illuminate\\Auth\\Middleware\\Authenticate->handle(Object(Illuminate\\Http\\Request), Object(Closure))
#16 E:\\Projetos Desenvolvimento\\ProjetosPhpStorm\\ProjetosLaravel\
ightlife\\vendor\\laravel\\framework\\src\\Illuminate\\Routing\\Pipeline.php(53): Illuminate\\Pipeline\\Pipeline->Illuminate\\Pipeline\\{closure}(Object(Illuminate\\Http\\Request))
#17 E:\\Projetos Desenvolvimento\\ProjetosPhpStorm\\ProjetosLaravel\
ightlife\\vendor\\laravel\\framework\\src\\Illuminate\\Foundation\\Http\\Middleware\\VerifyCsrfToken.php(75): Illuminate\\Routing\\Pipeline->Illuminate\\Routing\\{closure}(Object(Illuminate\\Http\\Request))
#18 E:\\Projetos Desenvolvimento\\ProjetosPhpStorm\\ProjetosLaravel\
ightlife\\vendor\\laravel\\framework\\src\\Illuminate\\Pipeline\\Pipeline.php(163): Illuminate\\Foundation\\Http\\Middleware\\VerifyCsrfToken->handle(Object(Illuminate\\Http\\Request), Object(Closure))
#19 E:\\Projetos Desenvolvimento\\ProjetosPhpStorm\\ProjetosLaravel\
ightlife\\vendor\\laravel\\framework\\src\\Illuminate\\Routing\\Pipeline.php(53): Illuminate\\Pipeline\\Pipeline->Illuminate\\Pipeline\\{closure}(Object(Illuminate\\Http\\Request))
#20 E:\\Projetos Desenvolvimento\\ProjetosPhpStorm\\ProjetosLaravel\
ightlife\\vendor\\laravel\\framework\\src\\Illuminate\\View\\Middleware\\ShareErrorsFromSession.php(49): Illuminate\\Routing\\Pipeline->Illuminate\\Routing\\{closure}(Object(Illuminate\\Http\\Request))
#21 E:\\Projetos Desenvolvimento\\ProjetosPhpStorm\\ProjetosLaravel\
ightlife\\vendor\\laravel\\framework\\src\\Illuminate\\Pipeline\\Pipeline.php(163): Illuminate\\View\\Middleware\\ShareErrorsFromSession->handle(Object(Illuminate\\Http\\Request), Object(Closure))
#22 E:\\Projetos Desenvolvimento\\ProjetosPhpStorm\\ProjetosLaravel\
ightlife\\vendor\\laravel\\framework\\src\\Illuminate\\Routing\\Pipeline.php(53): Illuminate\\Pipeline\\Pipeline->Illuminate\\Pipeline\\{closure}(Object(Illuminate\\Http\\Request))
#23 E:\\Projetos Desenvolvimento\\ProjetosPhpStorm\\ProjetosLaravel\
ightlife\\vendor\\laravel\\framework\\src\\Illuminate\\Session\\Middleware\\StartSession.php(56): Illuminate\\Routing\\Pipeline->Illuminate\\Routing\\{closure}(Object(Illuminate\\Http\\Request))
#24 E:\\Projetos Desenvolvimento\\ProjetosPhpStorm\\ProjetosLaravel\
ightlife\\vendor\\laravel\\framework\\src\\Illuminate\\Pipeline\\Pipeline.php(163): Illuminate\\Session\\Middleware\\StartSession->handle(Object(Illuminate\\Http\\Request), Object(Closure))
#25 E:\\Projetos Desenvolvimento\\ProjetosPhpStorm\\ProjetosLaravel\
ightlife\\vendor\\laravel\\framework\\src\\Illuminate\\Routing\\Pipeline.php(53): Illuminate\\Pipeline\\Pipeline->Illuminate\\Pipeline\\{closure}(Object(Illuminate\\Http\\Request))
#26 E:\\Projetos Desenvolvimento\\ProjetosPhpStorm\\ProjetosLaravel\
ightlife\\vendor\\laravel\\framework\\src\\Illuminate\\Cookie\\Middleware\\AddQueuedCookiesToResponse.php(37): Illuminate\\Routing\\Pipeline->Illuminate\\Routing\\{closure}(Object(Illuminate\\Http\\Request))
#27 E:\\Projetos Desenvolvimento\\ProjetosPhpStorm\\ProjetosLaravel\
ightlife\\vendor\\laravel\\framework\\src\\Illuminate\\Pipeline\\Pipeline.php(163): Illuminate\\Cookie\\Middleware\\AddQueuedCookiesToResponse->handle(Object(Illuminate\\Http\\Request), Object(Closure))
#28 E:\\Projetos Desenvolvimento\\ProjetosPhpStorm\\ProjetosLaravel\
ightlife\\vendor\\laravel\\framework\\src\\Illuminate\\Routing\\Pipeline.php(53): Illuminate\\Pipeline\\Pipeline->Illuminate\\Pipeline\\{closure}(Object(Illuminate\\Http\\Request))
#29 E:\\Projetos Desenvolvimento\\ProjetosPhpStorm\\ProjetosLaravel\
ightlife\\vendor\\laravel\\framework\\src\\Illuminate\\Cookie\\Middleware\\EncryptCookies.php(66): Illuminate\\Routing\\Pipeline->Illuminate\\Routing\\{closure}(Object(Illuminate\\Http\\Request))
#30 E:\\Projetos Desenvolvimento\\ProjetosPhpStorm\\ProjetosLaravel\
ightlife\\vendor\\laravel\\framework\\src\\Illuminate\\Pipeline\\Pipeline.php(163): Illuminate\\Cookie\\Middleware\\EncryptCookies->handle(Object(Illuminate\\Http\\Request), Object(Closure))
#31 E:\\Projetos Desenvolvimento\\ProjetosPhpStorm\\ProjetosLaravel\
ightlife\\vendor\\laravel\\framework\\src\\Illuminate\\Routing\\Pipeline.php(53): Illuminate\\Pipeline\\Pipeline->Illuminate\\Pipeline\\{closure}(Object(Illuminate\\Http\\Request))
#32 E:\\Projetos Desenvolvimento\\ProjetosPhpStorm\\ProjetosLaravel\
ightlife\\vendor\\laravel\\framework\\src\\Illuminate\\Pipeline\\Pipeline.php(104): Illuminate\\Routing\\Pipeline->Illuminate\\Routing\\{closure}(Object(Illuminate\\Http\\Request))
#33 E:\\Projetos Desenvolvimento\\ProjetosPhpStorm\\ProjetosLaravel\
ightlife\\vendor\\laravel\\framework\\src\\Illuminate\\Routing\\Router.php(682): Illuminate\\Pipeline\\Pipeline->then(Object(Closure))
#34 E:\\Projetos Desenvolvimento\\ProjetosPhpStorm\\ProjetosLaravel\
ightlife\\vendor\\laravel\\framework\\src\\Illuminate\\Routing\\Router.php(657): Illuminate\\Routing\\Router->runRouteWithinStack(Object(Illuminate\\Routing\\Route), Object(Illuminate\\Http\\Request))
#35 E:\\Projetos Desenvolvimento\\ProjetosPhpStorm\\ProjetosLaravel\
ightlife\\vendor\\laravel\\framework\\src\\Illuminate\\Routing\\Router.php(623): Illuminate\\Routing\\Router->runRoute(Object(Illuminate\\Http\\Request), Object(Illuminate\\Routing\\Route))
#36 E:\\Projetos Desenvolvimento\\ProjetosPhpStorm\\ProjetosLaravel\
ightlife\\vendor\\laravel\\framework\\src\\Illuminate\\Routing\\Router.php(612): Illuminate\\Routing\\Router->dispatchToRoute(Object(Illuminate\\Http\\Request))
#37 E:\\Projetos Desenvolvimento\\ProjetosPhpStorm\\ProjetosLaravel\
ightlife\\vendor\\laravel\\framework\\src\\Illuminate\\Foundation\\Http\\Kernel.php(176): Illuminate\\Routing\\Router->dispatch(Object(Illuminate\\Http\\Request))
#38 E:\\Projetos Desenvolvimento\\ProjetosPhpStorm\\ProjetosLaravel\
ightlife\\vendor\\laravel\\framework\\src\\Illuminate\\Routing\\Pipeline.php(30): Illuminate\\Foundation\\Http\\Kernel->Illuminate\\Foundation\\Http\\{closure}(Object(Illuminate\\Http\\Request))
#39 E:\\Projetos Desenvolvimento\\ProjetosPhpStorm\\ProjetosLaravel\
ightlife\\vendor\\fideloper\\proxy\\src\\TrustProxies.php(57): Illuminate\\Routing\\Pipeline->Illuminate\\Routing\\{closure}(Object(Illuminate\\Http\\Request))
#40 E:\\Projetos Desenvolvimento\\ProjetosPhpStorm\\ProjetosLaravel\
ightlife\\vendor\\laravel\\framework\\src\\Illuminate\\Pipeline\\Pipeline.php(163): Fideloper\\Proxy\\TrustProxies->handle(Object(Illuminate\\Http\\Request), Object(Closure))
#41 E:\\Projetos Desenvolvimento\\ProjetosPhpStorm\\ProjetosLaravel\
ightlife\\vendor\\laravel\\framework\\src\\Illuminate\\Routing\\Pipeline.php(53): Illuminate\\Pipeline\\Pipeline->Illuminate\\Pipeline\\{closure}(Object(Illuminate\\Http\\Request))
#42 E:\\Projetos Desenvolvimento\\ProjetosPhpStorm\\ProjetosLaravel\
ightlife\\vendor\\laravel\\framework\\src\\Illuminate\\Foundation\\Http\\Middleware\\TransformsRequest.php(21): Illuminate\\Routing\\Pipeline->Illuminate\\Routing\\{closure}(Object(Illuminate\\Http\\Request))
#43 E:\\Projetos Desenvolvimento\\ProjetosPhpStorm\\ProjetosLaravel\
ightlife\\vendor\\laravel\\framework\\src\\Illuminate\\Pipeline\\Pipeline.php(163): Illuminate\\Foundation\\Http\\Middleware\\TransformsRequest->handle(Object(Illuminate\\Http\\Request), Object(Closure))
#44 E:\\Projetos Desenvolvimento\\ProjetosPhpStorm\\ProjetosLaravel\
ightlife\\vendor\\laravel\\framework\\src\\Illuminate\\Routing\\Pipeline.php(53): Illuminate\\Pipeline\\Pipeline->Illuminate\\Pipeline\\{closure}(Object(Illuminate\\Http\\Request))
#45 E:\\Projetos Desenvolvimento\\ProjetosPhpStorm\\ProjetosLaravel\
ightlife\\vendor\\laravel\\framework\\src\\Illuminate\\Foundation\\Http\\Middleware\\TransformsRequest.php(21): Illuminate\\Routing\\Pipeline->Illuminate\\Routing\\{closure}(Object(Illuminate\\Http\\Request))
#46 E:\\Projetos Desenvolvimento\\ProjetosPhpStorm\\ProjetosLaravel\
ightlife\\vendor\\laravel\\framework\\src\\Illuminate\\Pipeline\\Pipeline.php(163): Illuminate\\Foundation\\Http\\Middleware\\TransformsRequest->handle(Object(Illuminate\\Http\\Request), Object(Closure))
#47 E:\\Projetos Desenvolvimento\\ProjetosPhpStorm\\ProjetosLaravel\
ightlife\\vendor\\laravel\\framework\\src\\Illuminate\\Routing\\Pipeline.php(53): Illuminate\\Pipeline\\Pipeline->Illuminate\\Pipeline\\{closure}(Object(Illuminate\\Http\\Request))
#48 E:\\Projetos Desenvolvimento\\ProjetosPhpStorm\\ProjetosLaravel\
ightlife\\vendor\\laravel\\framework\\src\\Illuminate\\Foundation\\Http\\Middleware\\ValidatePostSize.php(27): Illuminate\\Routing\\Pipeline->Illuminate\\Routing\\{closure}(Object(Illuminate\\Http\\Request))
#49 E:\\Projetos Desenvolvimento\\ProjetosPhpStorm\\ProjetosLaravel\
ightlife\\vendor\\laravel\\framework\\src\\Illuminate\\Pipeline\\Pipeline.php(163): Illuminate\\Foundation\\Http\\Middleware\\ValidatePostSize->handle(Object(Illuminate\\Http\\Request), Object(Closure))
#50 E:\\Projetos Desenvolvimento\\ProjetosPhpStorm\\ProjetosLaravel\
ightlife\\vendor\\laravel\\framework\\src\\Illuminate\\Routing\\Pipeline.php(53): Illuminate\\Pipeline\\Pipeline->Illuminate\\Pipeline\\{closure}(Object(Illuminate\\Http\\Request))
#51 E:\\Projetos Desenvolvimento\\ProjetosPhpStorm\\ProjetosLaravel\
ightlife\\vendor\\laravel\\framework\\src\\Illuminate\\Foundation\\Http\\Middleware\\CheckForMaintenanceMode.php(62): Illuminate\\Routing\\Pipeline->Illuminate\\Routing\\{closure}(Object(Illuminate\\Http\\Request))
#52 E:\\Projetos Desenvolvimento\\ProjetosPhpStorm\\ProjetosLaravel\
ightlife\\vendor\\laravel\\framework\\src\\Illuminate\\Pipeline\\Pipeline.php(163): Illuminate\\Foundation\\Http\\Middleware\\CheckForMaintenanceMode->handle(Object(Illuminate\\Http\\Request), Object(Closure))
#53 E:\\Projetos Desenvolvimento\\ProjetosPhpStorm\\ProjetosLaravel\
ightlife\\vendor\\laravel\\framework\\src\\Illuminate\\Routing\\Pipeline.php(53): Illuminate\\Pipeline\\Pipeline->Illuminate\\Pipeline\\{closure}(Object(Illuminate\\Http\\Request))
#54 E:\\Projetos Desenvolvimento\\ProjetosPhpStorm\\ProjetosLaravel\
ightlife\\vendor\\laravel\\framework\\src\\Illuminate\\Pipeline\\Pipeline.php(104): Illuminate\\Routing\\Pipeline->Illuminate\\Routing\\{closure}(Object(Illuminate\\Http\\Request))
#55 E:\\Projetos Desenvolvimento\\ProjetosPhpStorm\\ProjetosLaravel\
ightlife\\vendor\\laravel\\framework\\src\\Illuminate\\Foundation\\Http\\Kernel.php(151): Illuminate\\Pipeline\\Pipeline->then(Object(Closure))
#56 E:\\Projetos Desenvolvimento\\ProjetosPhpStorm\\ProjetosLaravel\
ightlife\\vendor\\laravel\\framework\\src\\Illuminate\\Foundation\\Http\\Kernel.php(116): Illuminate\\Foundation\\Http\\Kernel->sendRequestThroughRouter(Object(Illuminate\\Http\\Request))
#57 E:\\Projetos Desenvolvimento\\ProjetosPhpStorm\\ProjetosLaravel\
ightlife\\public\\index.php(55): Illuminate\\Foundation\\Http\\Kernel->handle(Object(Illuminate\\Http\\Request))
#58 {main}
"} 
