[2020-02-27 00:33:56] local.ERROR: Call to undefined function App\Http\Controllers\Admin\validated() {"userId":1,"exception":"[object] (Symfony\\Component\\Debug\\Exception\\FatalThrowableError(code: 0): Call to undefined function App\\Http\\Controllers\\Admin\\validated() at E:\\Projetos Desenvolvimento\\ProjetosPhpStorm\\ProjetosLaravel\
ightlife\\app\\Http\\Controllers\\Admin\\EstablishmentController.php:76)
[stacktrace]
#0 [internal function]: App\\Http\\Controllers\\Admin\\EstablishmentController->store(Object(Illuminate\\Http\\Request))
#1 E:\\Projetos Desenvolvimento\\ProjetosPhpStorm\\ProjetosLaravel\
ightlife\\vendor\\laravel\\framework\\src\\Illuminate\\Routing\\Controller.php(54): call_user_func_array(Array, Array)
#2 E:\\Projetos Desenvolvimento\\ProjetosPhpStorm\\ProjetosLaravel\
ightlife\\vendor\\laravel\\framework\\src\\Illuminate\\Routing\\ControllerDispatcher.php(45): Illuminate\\Routing\\Controller->callAction('store', Array)
#3 E:\\Projetos Desenvolvimento\\ProjetosPhpStorm\\ProjetosLaravel\
ightlife\\vendor\\laravel\\framework\\src\\Illuminate\\Routing\\Route.php(219): Illuminate\\Routing\\ControllerDispatcher->dispatch(Object(Illuminate\\Routing\\Route), Object(App\\Http\\Controllers\\Admin\\EstablishmentController), 'store')
#4 E:\\Projetos Desenvolvimento\\ProjetosPhpStorm\\ProjetosLaravel\
ightlife\\vendor\\laravel\\framework\\src\\Illuminate\\Routing\\Route.php(176): Illuminate\\Routing\\Route->runController()
#5 E:\\Projetos Desenvolvimento\\ProjetosPhpStorm\\ProjetosLaravel\
ightlife\\vendor\\laravel\\framework\\src\\Illuminate\\Routing\\Router.php(680): Illuminate\\Routing\\Route->run()
#6 E:\\Projetos Desenvolvimento\\ProjetosPhpStorm\\ProjetosLaravel\
ightlife\\vendor\\laravel\\framework\\src\\Illuminate\\Routing\\Pipeline.php(30): Illuminate\\Routing\\Router->Illuminate\\Routing\\{closure}(Object(Illuminate\\Http\\Request))
#7 E:\\Projetos Desenvolvimento\\ProjetosPhpStorm\\ProjetosLaravel\
ightlife\\vendor\\laravel\\framework\\src\\Illuminate\\Routing\\Middleware\\SubstituteBindings.php(41): Illuminate\\Routing\\Pipeline->Illuminate\\Routing\\{closure}(Object(Illuminate\\Http\\Request))
#8 E:\\Projetos Desenvolvimento\\ProjetosPhpStorm\\ProjetosLaravel\
ightlife\\vendor\\laravel\\framework\\src\\Illuminate\\Pipeline\\Pipeline.php(163): Illuminate\\Routing\\Middleware\\SubstituteBindings->handle(Object(Illuminate\\Http\\Request), Object(Closure))
#9 E:\\Projetos Desenvolvimento\\ProjetosPhpStorm\\ProjetosLaravel\
ightlife\\vendor\\laravel\\framework\\src\\Illuminate\\Routing\\Pipeline.php(53): Illuminate\\Pipeline\\Pipeline->Illuminate\\Pipeline\\{closure}(Object(Illuminate\\Http\\Request))
#10 E:\\Projetos Desenvolvimento\\ProjetosPhpStorm\\ProjetosLaravel\
ightlife\\vendor\\laravel\\framework\\src\\Illuminate\\Auth\\Middleware\\Authenticate.php(43): Illuminate\\Routing\\Pipeline->Illuminate\\Routing\\{closure}(Object(Illuminate\\Http\\Request))
#11 E:\\Projetos Desenvolvimento\\ProjetosPhpStorm\\ProjetosLaravel\
ightlife\\vendor\\laravel\\framework\\src\\Illuminate\\Pipeline\\Pipeline.php(163): Illuminate\\Auth\\Middleware\\Authenticate->handle(Object(Illuminate\\Http\\Request), Object(Closure))
#12 E:\\Projetos Desenvolvimento\\ProjetosPhpStorm\\ProjetosLaravel\
ightlife\\vendor\\laravel\\framework\\src\\Illuminate\\Routing\\Pipeline.php(53): Illuminate\\Pipeline\\Pipeline->Illuminate\\Pipeline\\{closure}(Object(Illuminate\\Http\\Request))
#13 E:\\Projetos Desenvolvimento\\ProjetosPhpStorm\\ProjetosLaravel\
ightlife\\vendor\\laravel\\framework\\src\\Illuminate\\Foundation\\Http\\Middleware\\VerifyCsrfToken.php(75): Illuminate\\Routing\\Pipeline->Illuminate\\Routing\\{closure}(Object(Illuminate\\Http\\Request))
#14 E:\\Projetos Desenvolvimento\\ProjetosPhpStorm\\ProjetosLaravel\
ightlife\\vendor\\laravel\\framework\\src\\Illuminate\\Pipeline\\Pipeline.php(163): Illuminate\\Foundation\\Http\\Middleware\\VerifyCsrfToken->handle(Object(Illuminate\\Http\\Request), Object(Closure))
#15 E:\\Projetos Desenvolvimento\\ProjetosPhpStorm\\ProjetosLaravel\
ightlife\\vendor\\laravel\\framework\\src\\Illuminate\\Routing\\Pipeline.php(53): Illuminate\\Pipeline\\Pipeline->Illuminate\\Pipeline\\{closure}(Object(Illuminate\\Http\\Request))
#16 E:\\Projetos Desenvolvimento\\ProjetosPhpStorm\\ProjetosLaravel\
ightlife\\vendor\\laravel\\framework\\src\\Illuminate\\View\\Middleware\\ShareErrorsFromSession.php(49): Illuminate\\Routing\\Pipeline->Illuminate\\Routing\\{closure}(Object(Illuminate\\Http\\Request))
#17 E:\\Projetos Desenvolvimento\\ProjetosPhpStorm\\ProjetosLaravel\
ightlife\\vendor\\laravel\\framework\\src\\Illuminate\\Pipeline\\Pipeline.php(163): Illuminate\\View\\Middleware\\ShareErrorsFromSession->handle(Object(Illuminate\\Http\\Request), Object(Closure))
#18 E:\\Projetos Desenvolvimento\\ProjetosPhpStorm\\ProjetosLaravel\
ightlife\\vendor\\laravel\\framework\\src\\Illuminate\\Routing\\Pipeline.php(53): Illuminate\\Pipeline\\Pipeline->Illuminate\\Pipeline\\{closure}(Object(Illuminate\\Http\\Request))
#19 E:\\Projetos Desenvolvimento\\ProjetosPhpStorm\\ProjetosLaravel\
ightlife\\vendor\\laravel\\framework\\src\\Illuminate\\Session\\Middleware\\StartSession.php(56): Illuminate\\Routing\\Pipeline->Illuminate\\Routing\\{closure}(Object(Illuminate\\Http\\Request))
#20 E:\\Projetos Desenvolvimento\\ProjetosPhpStorm\\ProjetosLaravel\
ightlife\\vendor\\laravel\\framework\\src\\Illuminate\\Pipeline\\Pipeline.php(163): Illuminate\\Session\\Middleware\\StartSession->handle(Object(Illuminate\\Http\\Request), Object(Closure))
#21 E:\\Projetos Desenvolvimento\\ProjetosPhpStorm\\ProjetosLaravel\
ightlife\\vendor\\laravel\\framework\\src\\Illuminate\\Routing\\Pipeline.php(53): Illuminate\\Pipeline\\Pipeline->Illuminate\\Pipeline\\{closure}(Object(Illuminate\\Http\\Request))
#22 E:\\Projetos Desenvolvimento\\ProjetosPhpStorm\\ProjetosLaravel\
ightlife\\vendor\\laravel\\framework\\src\\Illuminate\\Cookie\\Middleware\\AddQueuedCookiesToResponse.php(37): Illuminate\\Routing\\Pipeline->Illuminate\\Routing\\{closure}(Object(Illuminate\\Http\\Request))
#23 E:\\Projetos Desenvolvimento\\ProjetosPhpStorm\\ProjetosLaravel\
ightlife\\vendor\\laravel\\framework\\src\\Illuminate\\Pipeline\\Pipeline.php(163): Illuminate\\Cookie\\Middleware\\AddQueuedCookiesToResponse->handle(Object(Illuminate\\Http\\Request), Object(Closure))
#24 E:\\Projetos Desenvolvimento\\ProjetosPhpStorm\\ProjetosLaravel\
ightlife\\vendor\\laravel\\framework\\src\\Illuminate\\Routing\\Pipeline.php(53): Illuminate\\Pipeline\\Pipeline->Illuminate\\Pipeline\\{closure}(Object(Illuminate\\Http\\Request))
#25 E:\\Projetos Desenvolvimento\\ProjetosPhpStorm\\ProjetosLaravel\
ightlife\\vendor\\laravel\\framework\\src\\Illuminate\\Cookie\\Middleware\\EncryptCookies.php(66): Illuminate\\Routing\\Pipeline->Illuminate\\Routing\\{closure}(Object(Illuminate\\Http\\Request))
#26 E:\\Projetos Desenvolvimento\\ProjetosPhpStorm\\ProjetosLaravel\
ightlife\\vendor\\laravel\\framework\\src\\Illuminate\\Pipeline\\Pipeline.php(163): Illuminate\\Cookie\\Middleware\\EncryptCookies->handle(Object(Illuminate\\Http\\Request), Object(Closure))
#27 E:\\Projetos Desenvolvimento\\ProjetosPhpStorm\\ProjetosLaravel\
ightlife\\vendor\\laravel\\framework\\src\\Illuminate\\Routing\\Pipeline.php(53): Illuminate\\Pipeline\\Pipeline->Illuminate\\Pipeline\\{closure}(Object(Illuminate\\Http\\Request))
#28 E:\\Projetos Desenvolvimento\\ProjetosPhpStorm\\ProjetosLaravel\
ightlife\\vendor\\laravel\\framework\\src\\Illuminate\\Pipeline\\Pipeline.php(104): Illuminate\\Routing\\Pipeline->Illuminate\\Routing\\{closure}(Object(Illuminate\\Http\\Request))
#29 E:\\Projetos Desenvolvimento\\ProjetosPhpStorm\\ProjetosLaravel\
ightlife\\vendor\\laravel\\framework\\src\\Illuminate\\Routing\\Router.php(682): Illuminate\\Pipeline\\Pipeline->then(Object(Closure))
#30 E:\\Projetos Desenvolvimento\\ProjetosPhpStorm\\ProjetosLaravel\
ightlife\\vendor\\laravel\\framework\\src\\Illuminate\\Routing\\Router.php(657): Illuminate\\Routing\\Router->runRouteWithinStack(Object(Illuminate\\Routing\\Route), Object(Illuminate\\Http\\Request))
#31 E:\\Projetos Desenvolvimento\\ProjetosPhpStorm\\ProjetosLaravel\
ightlife\\vendor\\laravel\\framework\\src\\Illuminate\\Routing\\Router.php(623): Illuminate\\Routing\\Router->runRoute(Object(Illuminate\\Http\\Request), Object(Illuminate\\Routing\\Route))
#32 E:\\Projetos Desenvolvimento\\ProjetosPhpStorm\\ProjetosLaravel\
ightlife\\vendor\\laravel\\framework\\src\\Illuminate\\Routing\\Router.php(612): Illuminate\\Routing\\Router->dispatchToRoute(Object(Illuminate\\Http\\Request))
#33 E:\\Projetos Desenvolvimento\\ProjetosPhpStorm\\ProjetosLaravel\
ightlife\\vendor\\laravel\\framework\\src\\Illuminate\\Foundation\\Http\\Kernel.php(176): Illuminate\\Routing\\Router->dispatch(Object(Illuminate\\Http\\Request))
#34 E:\\Projetos Desenvolvimento\\ProjetosPhpStorm\\ProjetosLaravel\
ightlife\\vendor\\laravel\\framework\\src\\Illuminate\\Routing\\Pipeline.php(30): Illuminate\\Foundation\\Http\\Kernel->Illuminate\\Foundation\\Http\\{closure}(Object(Illuminate\\Http\\Request))
#35 E:\\Projetos Desenvolvimento\\ProjetosPhpStorm\\ProjetosLaravel\
ightlife\\vendor\\fideloper\\proxy\\src\\TrustProxies.php(57): Illuminate\\Routing\\Pipeline->Illuminate\\Routing\\{closure}(Object(Illuminate\\Http\\Request))
#36 E:\\Projetos Desenvolvimento\\ProjetosPhpStorm\\ProjetosLaravel\
ightlife\\vendor\\laravel\\framework\\src\\Illuminate\\Pipeline\\Pipeline.php(163): Fideloper\\Proxy\\TrustProxies->handle(Object(Illuminate\\Http\\Request), Object(Closure))
#37 E:\\Projetos Desenvolvimento\\ProjetosPhpStorm\\ProjetosLaravel\
ightlife\\vendor\\laravel\\framework\\src\\Illuminate\\Routing\\Pipeline.php(53): Illuminate\\Pipeline\\Pipeline->Illuminate\\Pipeline\\{closure}(Object(Illuminate\\Http\\Request))
#38 E:\\Projetos Desenvolvimento\\ProjetosPhpStorm\\ProjetosLaravel\
ightlife\\vendor\\laravel\\framework\\src\\Illuminate\\Foundation\\Http\\Middleware\\TransformsRequest.php(21): Illuminate\\Routing\\Pipeline->Illuminate\\Routing\\{closure}(Object(Illuminate\\Http\\Request))
#39 E:\\Projetos Desenvolvimento\\ProjetosPhpStorm\\ProjetosLaravel\
ightlife\\vendor\\laravel\\framework\\src\\Illuminate\\Pipeline\\Pipeline.php(163): Illuminate\\Foundation\\Http\\Middleware\\TransformsRequest->handle(Object(Illuminate\\Http\\Request), Object(Closure))
#40 E:\\Projetos Desenvolvimento\\ProjetosPhpStorm\\ProjetosLaravel\
ightlife\\vendor\\laravel\\framework\\src\\Illuminate\\Routing\\Pipeline.php(53): Illuminate\\Pipeline\\Pipeline->Illuminate\\Pipeline\\{closure}(Object(Illuminate\\Http\\Request))
#41 E:\\Projetos Desenvolvimento\\ProjetosPhpStorm\\ProjetosLaravel\
ightlife\\vendor\\laravel\\framework\\src\\Illuminate\\Foundation\\Http\\Middleware\\TransformsRequest.php(21): Illuminate\\Routing\\Pipeline->Illuminate\\Routing\\{closure}(Object(Illuminate\\Http\\Request))
#42 E:\\Projetos Desenvolvimento\\ProjetosPhpStorm\\ProjetosLaravel\
ightlife\\vendor\\laravel\\framework\\src\\Illuminate\\Pipeline\\Pipeline.php(163): Illuminate\\Foundation\\Http\\Middleware\\TransformsRequest->handle(Object(Illuminate\\Http\\Request), Object(Closure))
#43 E:\\Projetos Desenvolvimento\\ProjetosPhpStorm\\ProjetosLaravel\
ightlife\\vendor\\laravel\\framework\\src\\Illuminate\\Routing\\Pipeline.php(53): Illuminate\\Pipeline\\Pipeline->Illuminate\\Pipeline\\{closure}(Object(Illuminate\\Http\\Request))
#44 E:\\Projetos Desenvolvimento\\ProjetosPhpStorm\\ProjetosLaravel\
ightlife\\vendor\\laravel\\framework\\src\\Illuminate\\Foundation\\Http\\Middleware\\ValidatePostSize.php(27): Illuminate\\Routing\\Pipeline->Illuminate\\Routing\\{closure}(Object(Illuminate\\Http\\Request))
#45 E:\\Projetos Desenvolvimento\\ProjetosPhpStorm\\ProjetosLaravel\
ightlife\\vendor\\laravel\\framework\\src\\Illuminate\\Pipeline\\Pipeline.php(163): Illuminate\\Foundation\\Http\\Middleware\\ValidatePostSize->handle(Object(Illuminate\\Http\\Request), Object(Closure))
#46 E:\\Projetos Desenvolvimento\\ProjetosPhpStorm\\ProjetosLaravel\
ightlife\\vendor\\laravel\\framework\\src\\Illuminate\\Routing\\Pipeline.php(53): Illuminate\\Pipeline\\Pipeline->Illuminate\\Pipeline\\{closure}(Object(Illuminate\\Http\\Request))
#47 E:\\Projetos Desenvolvimento\\ProjetosPhpStorm\\ProjetosLaravel\
ightlife\\vendor\\laravel\\framework\\src\\Illuminate\\Foundation\\Http\\Middleware\\CheckForMaintenanceMode.php(62): Illuminate\\Routing\\Pipeline->Illuminate\\Routing\\{closure}(Object(Illuminate\\Http\\Request))
#48 E:\\Projetos Desenvolvimento\\ProjetosPhpStorm\\ProjetosLaravel\
ightlife\\vendor\\laravel\\framework\\src\\Illuminate\\Pipeline\\Pipeline.php(163): Illuminate\\Foundation\\Http\\Middleware\\CheckForMaintenanceMode->handle(Object(Illuminate\\Http\\Request), Object(Closure))
#49 E:\\Projetos Desenvolvimento\\ProjetosPhpStorm\\ProjetosLaravel\
ightlife\\vendor\\laravel\\framework\\src\\Illuminate\\Routing\\Pipeline.php(53): Illuminate\\Pipeline\\Pipeline->Illuminate\\Pipeline\\{closure}(Object(Illuminate\\Http\\Request))
#50 E:\\Projetos Desenvolvimento\\ProjetosPhpStorm\\ProjetosLaravel\
ightlife\\vendor\\laravel\\framework\\src\\Illuminate\\Pipeline\\Pipeline.php(104): Illuminate\\Routing\\Pipeline->Illuminate\\Routing\\{closure}(Object(Illuminate\\Http\\Request))
#51 E:\\Projetos Desenvolvimento\\ProjetosPhpStorm\\ProjetosLaravel\
ightlife\\vendor\\laravel\\framework\\src\\Illuminate\\Foundation\\Http\\Kernel.php(151): Illuminate\\Pipeline\\Pipeline->then(Object(Closure))
#52 E:\\Projetos Desenvolvimento\\ProjetosPhpStorm\\ProjetosLaravel\
ightlife\\vendor\\laravel\\framework\\src\\Illuminate\\Foundation\\Http\\Kernel.php(116): Illuminate\\Foundation\\Http\\Kernel->sendRequestThroughRouter(Object(Illuminate\\Http\\Request))
#53 E:\\Projetos Desenvolvimento\\ProjetosPhpStorm\\ProjetosLaravel\
ightlife\\public\\index.php(55): Illuminate\\Foundation\\Http\\Kernel->handle(Object(Illuminate\\Http\\Request))
#54 {main}
"} 
[2020-02-27 00:34:16] local.ERROR: Method Illuminate\Http\Request::validated does not exist. {"userId":1,"exception":"[object] (BadMethodCallException(code: 0): Method Illuminate\\Http\\Request::validated does not exist. at E:\\Projetos Desenvolvimento\\ProjetosPhpStorm\\ProjetosLaravel\
ightlife\\vendor\\laravel\\framework\\src\\Illuminate\\Support\\Traits\\Macroable.php:104)
[stacktrace]
#0 E:\\Projetos Desenvolvimento\\ProjetosPhpStorm\\ProjetosLaravel\
ightlife\\app\\Http\\Controllers\\Admin\\EstablishmentController.php(76): Illuminate\\Http\\Request->__call('validated', Array)
#1 [internal function]: App\\Http\\Controllers\\Admin\\EstablishmentController->store(Object(Illuminate\\Http\\Request))
#2 E:\\Projetos Desenvolvimento\\ProjetosPhpStorm\\ProjetosLaravel\
ightlife\\vendor\\laravel\\framework\\src\\Illuminate\\Routing\\Controller.php(54): call_user_func_array(Array, Array)
#3 E:\\Projetos Desenvolvimento\\ProjetosPhpStorm\\ProjetosLaravel\
ightlife\\vendor\\laravel\\framework\\src\\Illuminate\\Routing\\ControllerDispatcher.php(45): Illuminate\\Routing\\Controller->callAction('store', Array)
#4 E:\\Projetos Desenvolvimento\\ProjetosPhpStorm\\ProjetosLaravel\
ightlife\\vendor\\laravel\\framework\\src\\Illuminate\\Routing\\Route.php(219): Illuminate\\Routing\\ControllerDispatcher->dispatch(Object(Illuminate\\Routing\\Route), Object(App\\Http\\Controllers\\Admin\\EstablishmentController), 'store')
#5 E:\\Projetos Desenvolvimento\\ProjetosPhpStorm\\ProjetosLaravel\
ightlife\\vendor\\laravel\\framework\\src\\Illuminate\\Routing\\Route.php(176): Illuminate\\Routing\\Route->runController()
#6 E:\\Projetos Desenvolvimento\\ProjetosPhpStorm\\ProjetosLaravel\
ightlife\\vendor\\laravel\\framework\\src\\Illuminate\\Routing\\Router.php(680): Illuminate\\Routing\\Route->run()
#7 E:\\Projetos Desenvolvimento\\ProjetosPhpStorm\\ProjetosLaravel\
ightlife\\vendor\\laravel\\framework\\src\\Illuminate\\Routing\\Pipeline.php(30): Illuminate\\Routing\\Router->Illuminate\\Routing\\{closure}(Object(Illuminate\\Http\\Request))
#8 E:\\Projetos Desenvolvimento\\ProjetosPhpStorm\\ProjetosLaravel\
ightlife\\vendor\\laravel\\framework\\src\\Illuminate\\Routing\\Middleware\\SubstituteBindings.php(41): Illuminate\\Routing\\Pipeline->Illuminate\\Routing\\{closure}(Object(Illuminate\\Http\\Request))
#9 E:\\Projetos Desenvolvimento\\ProjetosPhpStorm\\ProjetosLaravel\
ightlife\\vendor\\laravel\\framework\\src\\Illuminate\\Pipeline\\Pipeline.php(163): Illuminate\\Routing\\Middleware\\SubstituteBindings->handle(Object(Illuminate\\Http\\Request), Object(Closure))
#10 E:\\Projetos Desenvolvimento\\ProjetosPhpStorm\\ProjetosLaravel\
ightlife\\vendor\\laravel\\framework\\src\\Illuminate\\Routing\\Pipeline.php(53): Illuminate\\Pipeline\\Pipeline->Illuminate\\Pipeline\\{closure}(Object(Illuminate\\Http\\Request))
#11 E:\\Projetos Desenvolvimento\\ProjetosPhpStorm\\ProjetosLaravel\
ightlife\\vendor\\laravel\\framework\\src\\Illuminate\\Auth\\Middleware\\Authenticate.php(43): Illuminate\\Routing\\Pipeline->Illuminate\\Routing\\{closure}(Object(Illuminate\\Http\\Request))
#12 E:\\Projetos Desenvolvimento\\ProjetosPhpStorm\\ProjetosLaravel\
ightlife\\vendor\\laravel\\framework\\src\\Illuminate\\Pipeline\\Pipeline.php(163): Illuminate\\Auth\\Middleware\\Authenticate->handle(Object(Illuminate\\Http\\Request), Object(Closure))
#13 E:\\Projetos Desenvolvimento\\ProjetosPhpStorm\\ProjetosLaravel\
ightlife\\vendor\\laravel\\framework\\src\\Illuminate\\Routing\\Pipeline.php(53): Illuminate\\Pipeline\\Pipeline->Illuminate\\Pipeline\\{closure}(Object(Illuminate\\Http\\Request))
#14 E:\\Projetos Desenvolvimento\\ProjetosPhpStorm\\ProjetosLaravel\
ightlife\\vendor\\laravel\\framework\\src\\Illuminate\\Foundation\\Http\\Middleware\\VerifyCsrfToken.php(75): Illuminate\\Routing\\Pipeline->Illuminate\\Routing\\{closure}(Object(Illuminate\\Http\\Request))
#15 E:\\Projetos Desenvolvimento\\ProjetosPhpStorm\\ProjetosLaravel\
ightlife\\vendor\\laravel\\framework\\src\\Illuminate\\Pipeline\\Pipeline.php(163): Illuminate\\Foundation\\Http\\Middleware\\VerifyCsrfToken->handle(Object(Illuminate\\Http\\Request), Object(Closure))
#16 E:\\Projetos Desenvolvimento\\ProjetosPhpStorm\\ProjetosLaravel\
ightlife\\vendor\\laravel\\framework\\src\\Illuminate\\Routing\\Pipeline.php(53): Illuminate\\Pipeline\\Pipeline->Illuminate\\Pipeline\\{closure}(Object(Illuminate\\Http\\Request))
#17 E:\\Projetos Desenvolvimento\\ProjetosPhpStorm\\ProjetosLaravel\
ightlife\\vendor\\laravel\\framework\\src\\Illuminate\\View\\Middleware\\ShareErrorsFromSession.php(49): Illuminate\\Routing\\Pipeline->Illuminate\\Routing\\{closure}(Object(Illuminate\\Http\\Request))
#18 E:\\Projetos Desenvolvimento\\ProjetosPhpStorm\\ProjetosLaravel\
ightlife\\vendor\\laravel\\framework\\src\\Illuminate\\Pipeline\\Pipeline.php(163): Illuminate\\View\\Middleware\\ShareErrorsFromSession->handle(Object(Illuminate\\Http\\Request), Object(Closure))
#19 E:\\Projetos Desenvolvimento\\ProjetosPhpStorm\\ProjetosLaravel\
ightlife\\vendor\\laravel\\framework\\src\\Illuminate\\Routing\\Pipeline.php(53): Illuminate\\Pipeline\\Pipeline->Illuminate\\Pipeline\\{closure}(Object(Illuminate\\Http\\Request))
#20 E:\\Projetos Desenvolvimento\\ProjetosPhpStorm\\ProjetosLaravel\
ightlife\\vendor\\laravel\\framework\\src\\Illuminate\\Session\\Middleware\\StartSession.php(56): Illuminate\\Routing\\Pipeline->Illuminate\\Routing\\{closure}(Object(Illuminate\\Http\\Request))
#21 E:\\Projetos Desenvolvimento\\ProjetosPhpStorm\\ProjetosLaravel\
ightlife\\vendor\\laravel\\framework\\src\\Illuminate\\Pipeline\\Pipeline.php(163): Illuminate\\Session\\Middleware\\StartSession->handle(Object(Illuminate\\Http\\Request), Object(Closure))
#22 E:\\Projetos Desenvolvimento\\ProjetosPhpStorm\\ProjetosLaravel\
ightlife\\vendor\\laravel\\framework\\src\\Illuminate\\Routing\\Pipeline.php(53): Illuminate\\Pipeline\\Pipeline->Illuminate\\Pipeline\\{closure}(Object(Illuminate\\Http\\Request))
#23 E:\\Projetos Desenvolvimento\\ProjetosPhpStorm\\ProjetosLaravel\
ightlife\\vendor\\laravel\\framework\\src\\Illuminate\\Cookie\\Middleware\\AddQueuedCookiesToResponse.php(37): Illuminate\\Routing\\Pipeline->Illuminate\\Routing\\{closure}(Object(Illuminate\\Http\\Request))
#24 E:\\Projetos Desenvolvimento\\ProjetosPhpStorm\\ProjetosLaravel\
ightlife\\vendor\\laravel\\framework\\src\\Illuminate\\Pipeline\\Pipeline.php(163): Illuminate\\Cookie\\Middleware\\AddQueuedCookiesToResponse->handle(Object(Illuminate\\Http\\Request), Object(Closure))
#25 E:\\Projetos Desenvolvimento\\ProjetosPhpStorm\\ProjetosLaravel\
ightlife\\vendor\\laravel\\framework\\src\\Illuminate\\Routing\\Pipeline.php(53): Illuminate\\Pipeline\\Pipeline->Illuminate\\Pipeline\\{closure}(Object(Illuminate\\Http\\Request))
#26 E:\\Projetos Desenvolvimento\\ProjetosPhpStorm\\ProjetosLaravel\
ightlife\\vendor\\laravel\\framework\\src\\Illuminate\\Cookie\\Middleware\\EncryptCookies.php(66): Illuminate\\Routing\\Pipeline->Illuminate\\Routing\\{closure}(Object(Illuminate\\Http\\Request))
#27 E:\\Projetos Desenvolvimento\\ProjetosPhpStorm\\ProjetosLaravel\
ightlife\\vendor\\laravel\\framework\\src\\Illuminate\\Pipeline\\Pipeline.php(163): Illuminate\\Cookie\\Middleware\\EncryptCookies->handle(Object(Illuminate\\Http\\Request), Object(Closure))
#28 E:\\Projetos Desenvolvimento\\ProjetosPhpStorm\\ProjetosLaravel\
ightlife\\vendor\\laravel\\framework\\src\\Illuminate\\Routing\\Pipeline.php(53): Illuminate\\Pipeline\\Pipeline->Illuminate\\Pipeline\\{closure}(Object(Illuminate\\Http\\Request))
#29 E:\\Projetos Desenvolvimento\\ProjetosPhpStorm\\ProjetosLaravel\
ightlife\\vendor\\laravel\\framework\\src\\Illuminate\\Pipeline\\Pipeline.php(104): Illuminate\\Routing\\Pipeline->Illuminate\\Routing\\{closure}(Object(Illuminate\\Http\\Request))
#30 E:\\Projetos Desenvolvimento\\ProjetosPhpStorm\\ProjetosLaravel\
ightlife\\vendor\\laravel\\framework\\src\\Illuminate\\Routing\\Router.php(682): Illuminate\\Pipeline\\Pipeline->then(Object(Closure))
#31 E:\\Projetos Desenvolvimento\\ProjetosPhpStorm\\ProjetosLaravel\
ightlife\\vendor\\laravel\\framework\\src\\Illuminate\\Routing\\Router.php(657): Illuminate\\Routing\\Router->runRouteWithinStack(Object(Illuminate\\Routing\\Route), Object(Illuminate\\Http\\Request))
#32 E:\\Projetos Desenvolvimento\\ProjetosPhpStorm\\ProjetosLaravel\
ightlife\\vendor\\laravel\\framework\\src\\Illuminate\\Routing\\Router.php(623): Illuminate\\Routing\\Router->runRoute(Object(Illuminate\\Http\\Request), Object(Illuminate\\Routing\\Route))
#33 E:\\Projetos Desenvolvimento\\ProjetosPhpStorm\\ProjetosLaravel\
ightlife\\vendor\\laravel\\framework\\src\\Illuminate\\Routing\\Router.php(612): Illuminate\\Routing\\Router->dispatchToRoute(Object(Illuminate\\Http\\Request))
#34 E:\\Projetos Desenvolvimento\\ProjetosPhpStorm\\ProjetosLaravel\
ightlife\\vendor\\laravel\\framework\\src\\Illuminate\\Foundation\\Http\\Kernel.php(176): Illuminate\\Routing\\Router->dispatch(Object(Illuminate\\Http\\Request))
#35 E:\\Projetos Desenvolvimento\\ProjetosPhpStorm\\ProjetosLaravel\
ightlife\\vendor\\laravel\\framework\\src\\Illuminate\\Routing\\Pipeline.php(30): Illuminate\\Foundation\\Http\\Kernel->Illuminate\\Foundation\\Http\\{closure}(Object(Illuminate\\Http\\Request))
#36 E:\\Projetos Desenvolvimento\\ProjetosPhpStorm\\ProjetosLaravel\
ightlife\\vendor\\fideloper\\proxy\\src\\TrustProxies.php(57): Illuminate\\Routing\\Pipeline->Illuminate\\Routing\\{closure}(Object(Illuminate\\Http\\Request))
#37 E:\\Projetos Desenvolvimento\\ProjetosPhpStorm\\ProjetosLaravel\
ightlife\\vendor\\laravel\\framework\\src\\Illuminate\\Pipeline\\Pipeline.php(163): Fideloper\\Proxy\\TrustProxies->handle(Object(Illuminate\\Http\\Request), Object(Closure))
#38 E:\\Projetos Desenvolvimento\\ProjetosPhpStorm\\ProjetosLaravel\
ightlife\\vendor\\laravel\\framework\\src\\Illuminate\\Routing\\Pipeline.php(53): Illuminate\\Pipeline\\Pipeline->Illuminate\\Pipeline\\{closure}(Object(Illuminate\\Http\\Request))
#39 E:\\Projetos Desenvolvimento\\ProjetosPhpStorm\\ProjetosLaravel\
ightlife\\vendor\\laravel\\framework\\src\\Illuminate\\Foundation\\Http\\Middleware\\TransformsRequest.php(21): Illuminate\\Routing\\Pipeline->Illuminate\\Routing\\{closure}(Object(Illuminate\\Http\\Request))
#40 E:\\Projetos Desenvolvimento\\ProjetosPhpStorm\\ProjetosLaravel\
ightlife\\vendor\\laravel\\framework\\src\\Illuminate\\Pipeline\\Pipeline.php(163): Illuminate\\Foundation\\Http\\Middleware\\TransformsRequest->handle(Object(Illuminate\\Http\\Request), Object(Closure))
#41 E:\\Projetos Desenvolvimento\\ProjetosPhpStorm\\ProjetosLaravel\
ightlife\\vendor\\laravel\\framework\\src\\Illuminate\\Routing\\Pipeline.php(53): Illuminate\\Pipeline\\Pipeline->Illuminate\\Pipeline\\{closure}(Object(Illuminate\\Http\\Request))
#42 E:\\Projetos Desenvolvimento\\ProjetosPhpStorm\\ProjetosLaravel\
ightlife\\vendor\\laravel\\framework\\src\\Illuminate\\Foundation\\Http\\Middleware\\TransformsRequest.php(21): Illuminate\\Routing\\Pipeline->Illuminate\\Routing\\{closure}(Object(Illuminate\\Http\\Request))
#43 E:\\Projetos Desenvolvimento\\ProjetosPhpStorm\\ProjetosLaravel\
ightlife\\vendor\\laravel\\framework\\src\\Illuminate\\Pipeline\\Pipeline.php(163): Illuminate\\Foundation\\Http\\Middleware\\TransformsRequest->handle(Object(Illuminate\\Http\\Request), Object(Closure))
#44 E:\\Projetos Desenvolvimento\\ProjetosPhpStorm\\ProjetosLaravel\
ightlife\\vendor\\laravel\\framework\\src\\Illuminate\\Routing\\Pipeline.php(53): Illuminate\\Pipeline\\Pipeline->Illuminate\\Pipeline\\{closure}(Object(Illuminate\\Http\\Request))
#45 E:\\Projetos Desenvolvimento\\ProjetosPhpStorm\\ProjetosLaravel\
ightlife\\vendor\\laravel\\framework\\src\\Illuminate\\Foundation\\Http\\Middleware\\ValidatePostSize.php(27): Illuminate\\Routing\\Pipeline->Illuminate\\Routing\\{closure}(Object(Illuminate\\Http\\Request))
#46 E:\\Projetos Desenvolvimento\\ProjetosPhpStorm\\ProjetosLaravel\
ightlife\\vendor\\laravel\\framework\\src\\Illuminate\\Pipeline\\Pipeline.php(163): Illuminate\\Foundation\\Http\\Middleware\\ValidatePostSize->handle(Object(Illuminate\\Http\\Request), Object(Closure))
#47 E:\\Projetos Desenvolvimento\\ProjetosPhpStorm\\ProjetosLaravel\
ightlife\\vendor\\laravel\\framework\\src\\Illuminate\\Routing\\Pipeline.php(53): Illuminate\\Pipeline\\Pipeline->Illuminate\\Pipeline\\{closure}(Object(Illuminate\\Http\\Request))
#48 E:\\Projetos Desenvolvimento\\ProjetosPhpStorm\\ProjetosLaravel\
ightlife\\vendor\\laravel\\framework\\src\\Illuminate\\Foundation\\Http\\Middleware\\CheckForMaintenanceMode.php(62): Illuminate\\Routing\\Pipeline->Illuminate\\Routing\\{closure}(Object(Illuminate\\Http\\Request))
#49 E:\\Projetos Desenvolvimento\\ProjetosPhpStorm\\ProjetosLaravel\
ightlife\\vendor\\laravel\\framework\\src\\Illuminate\\Pipeline\\Pipeline.php(163): Illuminate\\Foundation\\Http\\Middleware\\CheckForMaintenanceMode->handle(Object(Illuminate\\Http\\Request), Object(Closure))
#50 E:\\Projetos Desenvolvimento\\ProjetosPhpStorm\\ProjetosLaravel\
ightlife\\vendor\\laravel\\framework\\src\\Illuminate\\Routing\\Pipeline.php(53): Illuminate\\Pipeline\\Pipeline->Illuminate\\Pipeline\\{closure}(Object(Illuminate\\Http\\Request))
#51 E:\\Projetos Desenvolvimento\\ProjetosPhpStorm\\ProjetosLaravel\
ightlife\\vendor\\laravel\\framework\\src\\Illuminate\\Pipeline\\Pipeline.php(104): Illuminate\\Routing\\Pipeline->Illuminate\\Routing\\{closure}(Object(Illuminate\\Http\\Request))
#52 E:\\Projetos Desenvolvimento\\ProjetosPhpStorm\\ProjetosLaravel\
ightlife\\vendor\\laravel\\framework\\src\\Illuminate\\Foundation\\Http\\Kernel.php(151): Illuminate\\Pipeline\\Pipeline->then(Object(Closure))
#53 E:\\Projetos Desenvolvimento\\ProjetosPhpStorm\\ProjetosLaravel\
ightlife\\vendor\\laravel\\framework\\src\\Illuminate\\Foundation\\Http\\Kernel.php(116): Illuminate\\Foundation\\Http\\Kernel->sendRequestThroughRouter(Object(Illuminate\\Http\\Request))
#54 E:\\Projetos Desenvolvimento\\ProjetosPhpStorm\\ProjetosLaravel\
ightlife\\public\\index.php(55): Illuminate\\Foundation\\Http\\Kernel->handle(Object(Illuminate\\Http\\Request))
#55 {main}
"} 
[2020-02-27 00:53:29] local.ERROR: Method Illuminate\Http\Request::validated does not exist. {"userId":1,"exception":"[object] (BadMethodCallException(code: 0): Method Illuminate\\Http\\Request::validated does not exist. at E:\\Projetos Desenvolvimento\\ProjetosPhpStorm\\ProjetosLaravel\
ightlife\\vendor\\laravel\\framework\\src\\Illuminate\\Support\\Traits\\Macroable.php:104)
[stacktrace]
#0 E:\\Projetos Desenvolvimento\\ProjetosPhpStorm\\ProjetosLaravel\
ightlife\\app\\Http\\Controllers\\Admin\\EstablishmentController.php(76): Illuminate\\Http\\Request->__call('validated', Array)
#1 [internal function]: App\\Http\\Controllers\\Admin\\EstablishmentController->store(Object(Illuminate\\Http\\Request))
#2 E:\\Projetos Desenvolvimento\\ProjetosPhpStorm\\ProjetosLaravel\
ightlife\\vendor\\laravel\\framework\\src\\Illuminate\\Routing\\Controller.php(54): call_user_func_array(Array, Array)
#3 E:\\Projetos Desenvolvimento\\ProjetosPhpStorm\\ProjetosLaravel\
ightlife\\vendor\\laravel\\framework\\src\\Illuminate\\Routing\\ControllerDispatcher.php(45): Illuminate\\Routing\\Controller->callAction('store', Array)
#4 E:\\Projetos Desenvolvimento\\ProjetosPhpStorm\\ProjetosLaravel\
ightlife\\vendor\\laravel\\framework\\src\\Illuminate\\Routing\\Route.php(219): Illuminate\\Routing\\ControllerDispatcher->dispatch(Object(Illuminate\\Routing\\Route), Object(App\\Http\\Controllers\\Admin\\EstablishmentController), 'store')
#5 E:\\Projetos Desenvolvimento\\ProjetosPhpStorm\\ProjetosLaravel\
ightlife\\vendor\\laravel\\framework\\src\\Illuminate\\Routing\\Route.php(176): Illuminate\\Routing\\Route->runController()
#6 E:\\Projetos Desenvolvimento\\ProjetosPhpStorm\\ProjetosLaravel\
ightlife\\vendor\\laravel\\framework\\src\\Illuminate\\Routing\\Router.php(680): Illuminate\\Routing\\Route->run()
#7 E:\\Projetos Desenvolvimento\\ProjetosPhpStorm\\ProjetosLaravel\
ightlife\\vendor\\laravel\\framework\\src\\Illuminate\\Routing\\Pipeline.php(30): Illuminate\\Routing\\Router->Illuminate\\Routing\\{closure}(Object(Illuminate\\Http\\Request))
#8 E:\\Projetos Desenvolvimento\\ProjetosPhpStorm\\ProjetosLaravel\
ightlife\\vendor\\laravel\\framework\\src\\Illuminate\\Routing\\Middleware\\SubstituteBindings.php(41): Illuminate\\Routing\\Pipeline->Illuminate\\Routing\\{closure}(Object(Illuminate\\Http\\Request))
#9 E:\\Projetos Desenvolvimento\\ProjetosPhpStorm\\ProjetosLaravel\
ightlife\\vendor\\laravel\\framework\\src\\Illuminate\\Pipeline\\Pipeline.php(163): Illuminate\\Routing\\Middleware\\SubstituteBindings->handle(Object(Illuminate\\Http\\Request), Object(Closure))
#10 E:\\Projetos Desenvolvimento\\ProjetosPhpStorm\\ProjetosLaravel\
ightlife\\vendor\\laravel\\framework\\src\\Illuminate\\Routing\\Pipeline.php(53): Illuminate\\Pipeline\\Pipeline->Illuminate\\Pipeline\\{closure}(Object(Illuminate\\Http\\Request))
#11 E:\\Projetos Desenvolvimento\\ProjetosPhpStorm\\ProjetosLaravel\
ightlife\\vendor\\laravel\\framework\\src\\Illuminate\\Auth\\Middleware\\Authenticate.php(43): Illuminate\\Routing\\Pipeline->Illuminate\\Routing\\{closure}(Object(Illuminate\\Http\\Request))
#12 E:\\Projetos Desenvolvimento\\ProjetosPhpStorm\\ProjetosLaravel\
ightlife\\vendor\\laravel\\framework\\src\\Illuminate\\Pipeline\\Pipeline.php(163): Illuminate\\Auth\\Middleware\\Authenticate->handle(Object(Illuminate\\Http\\Request), Object(Closure))
#13 E:\\Projetos Desenvolvimento\\ProjetosPhpStorm\\ProjetosLaravel\
ightlife\\vendor\\laravel\\framework\\src\\Illuminate\\Routing\\Pipeline.php(53): Illuminate\\Pipeline\\Pipeline->Illuminate\\Pipeline\\{closure}(Object(Illuminate\\Http\\Request))
#14 E:\\Projetos Desenvolvimento\\ProjetosPhpStorm\\ProjetosLaravel\
ightlife\\vendor\\laravel\\framework\\src\\Illuminate\\Foundation\\Http\\Middleware\\VerifyCsrfToken.php(75): Illuminate\\Routing\\Pipeline->Illuminate\\Routing\\{closure}(Object(Illuminate\\Http\\Request))
#15 E:\\Projetos Desenvolvimento\\ProjetosPhpStorm\\ProjetosLaravel\
ightlife\\vendor\\laravel\\framework\\src\\Illuminate\\Pipeline\\Pipeline.php(163): Illuminate\\Foundation\\Http\\Middleware\\VerifyCsrfToken->handle(Object(Illuminate\\Http\\Request), Object(Closure))
#16 E:\\Projetos Desenvolvimento\\ProjetosPhpStorm\\ProjetosLaravel\
ightlife\\vendor\\laravel\\framework\\src\\Illuminate\\Routing\\Pipeline.php(53): Illuminate\\Pipeline\\Pipeline->Illuminate\\Pipeline\\{closure}(Object(Illuminate\\Http\\Request))
#17 E:\\Projetos Desenvolvimento\\ProjetosPhpStorm\\ProjetosLaravel\
ightlife\\vendor\\laravel\\framework\\src\\Illuminate\\View\\Middleware\\ShareErrorsFromSession.php(49): Illuminate\\Routing\\Pipeline->Illuminate\\Routing\\{closure}(Object(Illuminate\\Http\\Request))
#18 E:\\Projetos Desenvolvimento\\ProjetosPhpStorm\\ProjetosLaravel\
ightlife\\vendor\\laravel\\framework\\src\\Illuminate\\Pipeline\\Pipeline.php(163): Illuminate\\View\\Middleware\\ShareErrorsFromSession->handle(Object(Illuminate\\Http\\Request), Object(Closure))
#19 E:\\Projetos Desenvolvimento\\ProjetosPhpStorm\\ProjetosLaravel\
ightlife\\vendor\\laravel\\framework\\src\\Illuminate\\Routing\\Pipeline.php(53): Illuminate\\Pipeline\\Pipeline->Illuminate\\Pipeline\\{closure}(Object(Illuminate\\Http\\Request))
#20 E:\\Projetos Desenvolvimento\\ProjetosPhpStorm\\ProjetosLaravel\
ightlife\\vendor\\laravel\\framework\\src\\Illuminate\\Session\\Middleware\\StartSession.php(56): Illuminate\\Routing\\Pipeline->Illuminate\\Routing\\{closure}(Object(Illuminate\\Http\\Request))
#21 E:\\Projetos Desenvolvimento\\ProjetosPhpStorm\\ProjetosLaravel\
ightlife\\vendor\\laravel\\framework\\src\\Illuminate\\Pipeline\\Pipeline.php(163): Illuminate\\Session\\Middleware\\StartSession->handle(Object(Illuminate\\Http\\Request), Object(Closure))
#22 E:\\Projetos Desenvolvimento\\ProjetosPhpStorm\\ProjetosLaravel\
ightlife\\vendor\\laravel\\framework\\src\\Illuminate\\Routing\\Pipeline.php(53): Illuminate\\Pipeline\\Pipeline->Illuminate\\Pipeline\\{closure}(Object(Illuminate\\Http\\Request))
#23 E:\\Projetos Desenvolvimento\\ProjetosPhpStorm\\ProjetosLaravel\
ightlife\\vendor\\laravel\\framework\\src\\Illuminate\\Cookie\\Middleware\\AddQueuedCookiesToResponse.php(37): Illuminate\\Routing\\Pipeline->Illuminate\\Routing\\{closure}(Object(Illuminate\\Http\\Request))
#24 E:\\Projetos Desenvolvimento\\ProjetosPhpStorm\\ProjetosLaravel\
ightlife\\vendor\\laravel\\framework\\src\\Illuminate\\Pipeline\\Pipeline.php(163): Illuminate\\Cookie\\Middleware\\AddQueuedCookiesToResponse->handle(Object(Illuminate\\Http\\Request), Object(Closure))
#25 E:\\Projetos Desenvolvimento\\ProjetosPhpStorm\\ProjetosLaravel\
ightlife\\vendor\\laravel\\framework\\src\\Illuminate\\Routing\\Pipeline.php(53): Illuminate\\Pipeline\\Pipeline->Illuminate\\Pipeline\\{closure}(Object(Illuminate\\Http\\Request))
#26 E:\\Projetos Desenvolvimento\\ProjetosPhpStorm\\ProjetosLaravel\
ightlife\\vendor\\laravel\\framework\\src\\Illuminate\\Cookie\\Middleware\\EncryptCookies.php(66): Illuminate\\Routing\\Pipeline->Illuminate\\Routing\\{closure}(Object(Illuminate\\Http\\Request))
#27 E:\\Projetos Desenvolvimento\\ProjetosPhpStorm\\ProjetosLaravel\
ightlife\\vendor\\laravel\\framework\\src\\Illuminate\\Pipeline\\Pipeline.php(163): Illuminate\\Cookie\\Middleware\\EncryptCookies->handle(Object(Illuminate\\Http\\Request), Object(Closure))
#28 E:\\Projetos Desenvolvimento\\ProjetosPhpStorm\\ProjetosLaravel\
ightlife\\vendor\\laravel\\framework\\src\\Illuminate\\Routing\\Pipeline.php(53): Illuminate\\Pipeline\\Pipeline->Illuminate\\Pipeline\\{closure}(Object(Illuminate\\Http\\Request))
#29 E:\\Projetos Desenvolvimento\\ProjetosPhpStorm\\ProjetosLaravel\
ightlife\\vendor\\laravel\\framework\\src\\Illuminate\\Pipeline\\Pipeline.php(104): Illuminate\\Routing\\Pipeline->Illuminate\\Routing\\{closure}(Object(Illuminate\\Http\\Request))
#30 E:\\Projetos Desenvolvimento\\ProjetosPhpStorm\\ProjetosLaravel\
ightlife\\vendor\\laravel\\framework\\src\\Illuminate\\Routing\\Router.php(682): Illuminate\\Pipeline\\Pipeline->then(Object(Closure))
#31 E:\\Projetos Desenvolvimento\\ProjetosPhpStorm\\ProjetosLaravel\
ightlife\\vendor\\laravel\\framework\\src\\Illuminate\\Routing\\Router.php(657): Illuminate\\Routing\\Router->runRouteWithinStack(Object(Illuminate\\Routing\\Route), Object(Illuminate\\Http\\Request))
#32 E:\\Projetos Desenvolvimento\\ProjetosPhpStorm\\ProjetosLaravel\
ightlife\\vendor\\laravel\\framework\\src\\Illuminate\\Routing\\Router.php(623): Illuminate\\Routing\\Router->runRoute(Object(Illuminate\\Http\\Request), Object(Illuminate\\Routing\\Route))
#33 E:\\Projetos Desenvolvimento\\ProjetosPhpStorm\\ProjetosLaravel\
ightlife\\vendor\\laravel\\framework\\src\\Illuminate\\Routing\\Router.php(612): Illuminate\\Routing\\Router->dispatchToRoute(Object(Illuminate\\Http\\Request))
#34 E:\\Projetos Desenvolvimento\\ProjetosPhpStorm\\ProjetosLaravel\
ightlife\\vendor\\laravel\\framework\\src\\Illuminate\\Foundation\\Http\\Kernel.php(176): Illuminate\\Routing\\Router->dispatch(Object(Illuminate\\Http\\Request))
#35 E:\\Projetos Desenvolvimento\\ProjetosPhpStorm\\ProjetosLaravel\
ightlife\\vendor\\laravel\\framework\\src\\Illuminate\\Routing\\Pipeline.php(30): Illuminate\\Foundation\\Http\\Kernel->Illuminate\\Foundation\\Http\\{closure}(Object(Illuminate\\Http\\Request))
#36 E:\\Projetos Desenvolvimento\\ProjetosPhpStorm\\ProjetosLaravel\
ightlife\\vendor\\fideloper\\proxy\\src\\TrustProxies.php(57): Illuminate\\Routing\\Pipeline->Illuminate\\Routing\\{closure}(Object(Illuminate\\Http\\Request))
#37 E:\\Projetos Desenvolvimento\\ProjetosPhpStorm\\ProjetosLaravel\
ightlife\\vendor\\laravel\\framework\\src\\Illuminate\\Pipeline\\Pipeline.php(163): Fideloper\\Proxy\\TrustProxies->handle(Object(Illuminate\\Http\\Request), Object(Closure))
#38 E:\\Projetos Desenvolvimento\\ProjetosPhpStorm\\ProjetosLaravel\
ightlife\\vendor\\laravel\\framework\\src\\Illuminate\\Routing\\Pipeline.php(53): Illuminate\\Pipeline\\Pipeline->Illuminate\\Pipeline\\{closure}(Object(Illuminate\\Http\\Request))
#39 E:\\Projetos Desenvolvimento\\ProjetosPhpStorm\\ProjetosLaravel\
ightlife\\vendor\\laravel\\framework\\src\\Illuminate\\Foundation\\Http\\Middleware\\TransformsRequest.php(21): Illuminate\\Routing\\Pipeline->Illuminate\\Routing\\{closure}(Object(Illuminate\\Http\\Request))
#40 E:\\Projetos Desenvolvimento\\ProjetosPhpStorm\\ProjetosLaravel\
ightlife\\vendor\\laravel\\framework\\src\\Illuminate\\Pipeline\\Pipeline.php(163): Illuminate\\Foundation\\Http\\Middleware\\TransformsRequest->handle(Object(Illuminate\\Http\\Request), Object(Closure))
#41 E:\\Projetos Desenvolvimento\\ProjetosPhpStorm\\ProjetosLaravel\
ightlife\\vendor\\laravel\\framework\\src\\Illuminate\\Routing\\Pipeline.php(53): Illuminate\\Pipeline\\Pipeline->Illuminate\\Pipeline\\{closure}(Object(Illuminate\\Http\\Request))
#42 E:\\Projetos Desenvolvimento\\ProjetosPhpStorm\\ProjetosLaravel\
ightlife\\vendor\\laravel\\framework\\src\\Illuminate\\Foundation\\Http\\Middleware\\TransformsRequest.php(21): Illuminate\\Routing\\Pipeline->Illuminate\\Routing\\{closure}(Object(Illuminate\\Http\\Request))
#43 E:\\Projetos Desenvolvimento\\ProjetosPhpStorm\\ProjetosLaravel\
ightlife\\vendor\\laravel\\framework\\src\\Illuminate\\Pipeline\\Pipeline.php(163): Illuminate\\Foundation\\Http\\Middleware\\TransformsRequest->handle(Object(Illuminate\\Http\\Request), Object(Closure))
#44 E:\\Projetos Desenvolvimento\\ProjetosPhpStorm\\ProjetosLaravel\
ightlife\\vendor\\laravel\\framework\\src\\Illuminate\\Routing\\Pipeline.php(53): Illuminate\\Pipeline\\Pipeline->Illuminate\\Pipeline\\{closure}(Object(Illuminate\\Http\\Request))
#45 E:\\Projetos Desenvolvimento\\ProjetosPhpStorm\\ProjetosLaravel\
ightlife\\vendor\\laravel\\framework\\src\\Illuminate\\Foundation\\Http\\Middleware\\ValidatePostSize.php(27): Illuminate\\Routing\\Pipeline->Illuminate\\Routing\\{closure}(Object(Illuminate\\Http\\Request))
#46 E:\\Projetos Desenvolvimento\\ProjetosPhpStorm\\ProjetosLaravel\
ightlife\\vendor\\laravel\\framework\\src\\Illuminate\\Pipeline\\Pipeline.php(163): Illuminate\\Foundation\\Http\\Middleware\\ValidatePostSize->handle(Object(Illuminate\\Http\\Request), Object(Closure))
#47 E:\\Projetos Desenvolvimento\\ProjetosPhpStorm\\ProjetosLaravel\
ightlife\\vendor\\laravel\\framework\\src\\Illuminate\\Routing\\Pipeline.php(53): Illuminate\\Pipeline\\Pipeline->Illuminate\\Pipeline\\{closure}(Object(Illuminate\\Http\\Request))
#48 E:\\Projetos Desenvolvimento\\ProjetosPhpStorm\\ProjetosLaravel\
ightlife\\vendor\\laravel\\framework\\src\\Illuminate\\Foundation\\Http\\Middleware\\CheckForMaintenanceMode.php(62): Illuminate\\Routing\\Pipeline->Illuminate\\Routing\\{closure}(Object(Illuminate\\Http\\Request))
#49 E:\\Projetos Desenvolvimento\\ProjetosPhpStorm\\ProjetosLaravel\
ightlife\\vendor\\laravel\\framework\\src\\Illuminate\\Pipeline\\Pipeline.php(163): Illuminate\\Foundation\\Http\\Middleware\\CheckForMaintenanceMode->handle(Object(Illuminate\\Http\\Request), Object(Closure))
#50 E:\\Projetos Desenvolvimento\\ProjetosPhpStorm\\ProjetosLaravel\
ightlife\\vendor\\laravel\\framework\\src\\Illuminate\\Routing\\Pipeline.php(53): Illuminate\\Pipeline\\Pipeline->Illuminate\\Pipeline\\{closure}(Object(Illuminate\\Http\\Request))
#51 E:\\Projetos Desenvolvimento\\ProjetosPhpStorm\\ProjetosLaravel\
ightlife\\vendor\\laravel\\framework\\src\\Illuminate\\Pipeline\\Pipeline.php(104): Illuminate\\Routing\\Pipeline->Illuminate\\Routing\\{closure}(Object(Illuminate\\Http\\Request))
#52 E:\\Projetos Desenvolvimento\\ProjetosPhpStorm\\ProjetosLaravel\
ightlife\\vendor\\laravel\\framework\\src\\Illuminate\\Foundation\\Http\\Kernel.php(151): Illuminate\\Pipeline\\Pipeline->then(Object(Closure))
#53 E:\\Projetos Desenvolvimento\\ProjetosPhpStorm\\ProjetosLaravel\
ightlife\\vendor\\laravel\\framework\\src\\Illuminate\\Foundation\\Http\\Kernel.php(116): Illuminate\\Foundation\\Http\\Kernel->sendRequestThroughRouter(Object(Illuminate\\Http\\Request))
#54 E:\\Projetos Desenvolvimento\\ProjetosPhpStorm\\ProjetosLaravel\
ightlife\\public\\index.php(55): Illuminate\\Foundation\\Http\\Kernel->handle(Object(Illuminate\\Http\\Request))
#55 {main}
"} 
[2020-02-27 00:57:29] local.ERROR: Class App\Http\Requests\CreateOrUpdateEstablishment does not exist {"userId":1,"exception":"[object] (ReflectionException(code: 0): Class App\\Http\\Requests\\CreateOrUpdateEstablishment does not exist at E:\\Projetos Desenvolvimento\\ProjetosPhpStorm\\ProjetosLaravel\
ightlife\\vendor\\laravel\\framework\\src\\Illuminate\\Routing\\RouteSignatureParameters.php:25)
[stacktrace]
#0 E:\\Projetos Desenvolvimento\\ProjetosPhpStorm\\ProjetosLaravel\
ightlife\\vendor\\laravel\\framework\\src\\Illuminate\\Routing\\RouteSignatureParameters.php(25): ReflectionParameter->getClass()
#1 [internal function]: Illuminate\\Routing\\RouteSignatureParameters::Illuminate\\Routing\\{closure}(Object(ReflectionParameter))
#2 E:\\Projetos Desenvolvimento\\ProjetosPhpStorm\\ProjetosLaravel\
ightlife\\vendor\\laravel\\framework\\src\\Illuminate\\Routing\\RouteSignatureParameters.php(26): array_filter(Array, Object(Closure))
#3 E:\\Projetos Desenvolvimento\\ProjetosPhpStorm\\ProjetosLaravel\
ightlife\\vendor\\laravel\\framework\\src\\Illuminate\\Routing\\Route.php(471): Illuminate\\Routing\\RouteSignatureParameters::fromAction(Array, 'Illuminate\\\\Cont...')
#4 E:\\Projetos Desenvolvimento\\ProjetosPhpStorm\\ProjetosLaravel\
ightlife\\vendor\\laravel\\framework\\src\\Illuminate\\Routing\\ImplicitRouteBinding.php(24): Illuminate\\Routing\\Route->signatureParameters('Illuminate\\\\Cont...')
#5 E:\\Projetos Desenvolvimento\\ProjetosPhpStorm\\ProjetosLaravel\
ightlife\\vendor\\laravel\\framework\\src\\Illuminate\\Routing\\Router.php(787): Illuminate\\Routing\\ImplicitRouteBinding::resolveForRoute(Object(Illuminate\\Foundation\\Application), Object(Illuminate\\Routing\\Route))
#6 E:\\Projetos Desenvolvimento\\ProjetosPhpStorm\\ProjetosLaravel\
ightlife\\vendor\\laravel\\framework\\src\\Illuminate\\Routing\\Middleware\\SubstituteBindings.php(39): Illuminate\\Routing\\Router->substituteImplicitBindings(Object(Illuminate\\Routing\\Route))
#7 E:\\Projetos Desenvolvimento\\ProjetosPhpStorm\\ProjetosLaravel\
ightlife\\vendor\\laravel\\framework\\src\\Illuminate\\Pipeline\\Pipeline.php(163): Illuminate\\Routing\\Middleware\\SubstituteBindings->handle(Object(Illuminate\\Http\\Request), Object(Closure))
#8 E:\\Projetos Desenvolvimento\\ProjetosPhpStorm\\ProjetosLaravel\
ightlife\\vendor\\laravel\\framework\\src\\Illuminate\\Routing\\Pipeline.php(53): Illuminate\\Pipeline\\Pipeline->Illuminate\\Pipeline\\{closure}(Object(Illuminate\\Http\\Request))
#9 E:\\Projetos Desenvolvimento\\ProjetosPhpStorm\\ProjetosLaravel\
ightlife\\vendor\\laravel\\framework\\src\\Illuminate\\Auth\\Middleware\\Authenticate.php(43): Illuminate\\Routing\\Pipeline->Illuminate\\Routing\\{closure}(Object(Illuminate\\Http\\Request))
#10 E:\\Projetos Desenvolvimento\\ProjetosPhpStorm\\ProjetosLaravel\
ightlife\\vendor\\laravel\\framework\\src\\Illuminate\\Pipeline\\Pipeline.php(163): Illuminate\\Auth\\Middleware\\Authenticate->handle(Object(Illuminate\\Http\\Request), Object(Closure))
#11 E:\\Projetos Desenvolvimento\\ProjetosPhpStorm\\ProjetosLaravel\
ightlife\\vendor\\laravel\\framework\\src\\Illuminate\\Routing\\Pipeline.php(53): Illuminate\\Pipeline\\Pipeline->Illuminate\\Pipeline\\{closure}(Object(Illuminate\\Http\\Request))
#12 E:\\Projetos Desenvolvimento\\ProjetosPhpStorm\\ProjetosLaravel\
ightlife\\vendor\\laravel\\framework\\src\\Illuminate\\Foundation\\Http\\Middleware\\VerifyCsrfToken.php(75): Illuminate\\Routing\\Pipeline->Illuminate\\Routing\\{closure}(Object(Illuminate\\Http\\Request))
#13 E:\\Projetos Desenvolvimento\\ProjetosPhpStorm\\ProjetosLaravel\
ightlife\\vendor\\laravel\\framework\\src\\Illuminate\\Pipeline\\Pipeline.php(163): Illuminate\\Foundation\\Http\\Middleware\\VerifyCsrfToken->handle(Object(Illuminate\\Http\\Request), Object(Closure))
#14 E:\\Projetos Desenvolvimento\\ProjetosPhpStorm\\ProjetosLaravel\
ightlife\\vendor\\laravel\\framework\\src\\Illuminate\\Routing\\Pipeline.php(53): Illuminate\\Pipeline\\Pipeline->Illuminate\\Pipeline\\{closure}(Object(Illuminate\\Http\\Request))
#15 E:\\Projetos Desenvolvimento\\ProjetosPhpStorm\\ProjetosLaravel\
ightlife\\vendor\\laravel\\framework\\src\\Illuminate\\View\\Middleware\\ShareErrorsFromSession.php(49): Illuminate\\Routing\\Pipeline->Illuminate\\Routing\\{closure}(Object(Illuminate\\Http\\Request))
#16 E:\\Projetos Desenvolvimento\\ProjetosPhpStorm\\ProjetosLaravel\
ightlife\\vendor\\laravel\\framework\\src\\Illuminate\\Pipeline\\Pipeline.php(163): Illuminate\\View\\Middleware\\ShareErrorsFromSession->handle(Object(Illuminate\\Http\\Request), Object(Closure))
#17 E:\\Projetos Desenvolvimento\\ProjetosPhpStorm\\ProjetosLaravel\
ightlife\\vendor\\laravel\\framework\\src\\Illuminate\\Routing\\Pipeline.php(53): Illuminate\\Pipeline\\Pipeline->Illuminate\\Pipeline\\{closure}(Object(Illuminate\\Http\\Request))
#18 E:\\Projetos Desenvolvimento\\ProjetosPhpStorm\\ProjetosLaravel\
ightlife\\vendor\\laravel\\framework\\src\\Illuminate\\Session\\Middleware\\StartSession.php(56): Illuminate\\Routing\\Pipeline->Illuminate\\Routing\\{closure}(Object(Illuminate\\Http\\Request))
#19 E:\\Projetos Desenvolvimento\\ProjetosPhpStorm\\ProjetosLaravel\
ightlife\\vendor\\laravel\\framework\\src\\Illuminate\\Pipeline\\Pipeline.php(163): Illuminate\\Session\\Middleware\\StartSession->handle(Object(Illuminate\\Http\\Request), Object(Closure))
#20 E:\\Projetos Desenvolvimento\\ProjetosPhpStorm\\ProjetosLaravel\
ightlife\\vendor\\laravel\\framework\\src\\Illuminate\\Routing\\Pipeline.php(53): Illuminate\\Pipeline\\Pipeline->Illuminate\\Pipeline\\{closure}(Object(Illuminate\\Http\\Request))
#21 E:\\Projetos Desenvolvimento\\ProjetosPhpStorm\\ProjetosLaravel\
ightlife\\vendor\\laravel\\framework\\src\\Illuminate\\Cookie\\Middleware\\AddQueuedCookiesToResponse.php(37): Illuminate\\Routing\\Pipeline->Illuminate\\Routing\\{closure}(Object(Illuminate\\Http\\Request))
#22 E:\\Projetos Desenvolvimento\\ProjetosPhpStorm\\ProjetosLaravel\
ightlife\\vendor\\laravel\\framework\\src\\Illuminate\\Pipeline\\Pipeline.php(163): Illuminate\\Cookie\\Middleware\\AddQueuedCookiesToResponse->handle(Object(Illuminate\\Http\\Request), Object(Closure))
#23 E:\\Projetos Desenvolvimento\\ProjetosPhpStorm\\ProjetosLaravel\
ightlife\\vendor\\laravel\\framework\\src\\Illuminate\\Routing\\Pipeline.php(53): Illuminate\\Pipeline\\Pipeline->Illuminate\\Pipeline\\{closure}(Object(Illuminate\\Http\\Request))
#24 E:\\Projetos Desenvolvimento\\ProjetosPhpStorm\\ProjetosLaravel\
ightlife\\vendor\\laravel\\framework\\src\\Illuminate\\Cookie\\Middleware\\EncryptCookies.php(66): Illuminate\\Routing\\Pipeline->Illuminate\\Routing\\{closure}(Object(Illuminate\\Http\\Request))
#25 E:\\Projetos Desenvolvimento\\ProjetosPhpStorm\\ProjetosLaravel\
ightlife\\vendor\\laravel\\framework\\src\\Illuminate\\Pipeline\\Pipeline.php(163): Illuminate\\Cookie\\Middleware\\EncryptCookies->handle(Object(Illuminate\\Http\\Request), Object(Closure))
#26 E:\\Projetos Desenvolvimento\\ProjetosPhpStorm\\ProjetosLaravel\
ightlife\\vendor\\laravel\\framework\\src\\Illuminate\\Routing\\Pipeline.php(53): Illuminate\\Pipeline\\Pipeline->Illuminate\\Pipeline\\{closure}(Object(Illuminate\\Http\\Request))
#27 E:\\Projetos Desenvolvimento\\ProjetosPhpStorm\\ProjetosLaravel\
ightlife\\vendor\\laravel\\framework\\src\\Illuminate\\Pipeline\\Pipeline.php(104): Illuminate\\Routing\\Pipeline->Illuminate\\Routing\\{closure}(Object(Illuminate\\Http\\Request))
#28 E:\\Projetos Desenvolvimento\\ProjetosPhpStorm\\ProjetosLaravel\
ightlife\\vendor\\laravel\\framework\\src\\Illuminate\\Routing\\Router.php(682): Illuminate\\Pipeline\\Pipeline->then(Object(Closure))
#29 E:\\Projetos Desenvolvimento\\ProjetosPhpStorm\\ProjetosLaravel\
ightlife\\vendor\\laravel\\framework\\src\\Illuminate\\Routing\\Router.php(657): Illuminate\\Routing\\Router->runRouteWithinStack(Object(Illuminate\\Routing\\Route), Object(Illuminate\\Http\\Request))
#30 E:\\Projetos Desenvolvimento\\ProjetosPhpStorm\\ProjetosLaravel\
ightlife\\vendor\\laravel\\framework\\src\\Illuminate\\Routing\\Router.php(623): Illuminate\\Routing\\Router->runRoute(Object(Illuminate\\Http\\Request), Object(Illuminate\\Routing\\Route))
#31 E:\\Projetos Desenvolvimento\\ProjetosPhpStorm\\ProjetosLaravel\
ightlife\\vendor\\laravel\\framework\\src\\Illuminate\\Routing\\Router.php(612): Illuminate\\Routing\\Router->dispatchToRoute(Object(Illuminate\\Http\\Request))
#32 E:\\Projetos Desenvolvimento\\ProjetosPhpStorm\\ProjetosLaravel\
ightlife\\vendor\\laravel\\framework\\src\\Illuminate\\Foundation\\Http\\Kernel.php(176): Illuminate\\Routing\\Router->dispatch(Object(Illuminate\\Http\\Request))
#33 E:\\Projetos Desenvolvimento\\ProjetosPhpStorm\\ProjetosLaravel\
ightlife\\vendor\\laravel\\framework\\src\\Illuminate\\Routing\\Pipeline.php(30): Illuminate\\Foundation\\Http\\Kernel->Illuminate\\Foundation\\Http\\{closure}(Object(Illuminate\\Http\\Request))
#34 E:\\Projetos Desenvolvimento\\ProjetosPhpStorm\\ProjetosLaravel\
ightlife\\vendor\\fideloper\\proxy\\src\\TrustProxies.php(57): Illuminate\\Routing\\Pipeline->Illuminate\\Routing\\{closure}(Object(Illuminate\\Http\\Request))
#35 E:\\Projetos Desenvolvimento\\ProjetosPhpStorm\\ProjetosLaravel\
ightlife\\vendor\\laravel\\framework\\src\\Illuminate\\Pipeline\\Pipeline.php(163): Fideloper\\Proxy\\TrustProxies->handle(Object(Illuminate\\Http\\Request), Object(Closure))
#36 E:\\Projetos Desenvolvimento\\ProjetosPhpStorm\\ProjetosLaravel\
ightlife\\vendor\\laravel\\framework\\src\\Illuminate\\Routing\\Pipeline.php(53): Illuminate\\Pipeline\\Pipeline->Illuminate\\Pipeline\\{closure}(Object(Illuminate\\Http\\Request))
#37 E:\\Projetos Desenvolvimento\\ProjetosPhpStorm\\ProjetosLaravel\
ightlife\\vendor\\laravel\\framework\\src\\Illuminate\\Foundation\\Http\\Middleware\\TransformsRequest.php(21): Illuminate\\Routing\\Pipeline->Illuminate\\Routing\\{closure}(Object(Illuminate\\Http\\Request))
#38 E:\\Projetos Desenvolvimento\\ProjetosPhpStorm\\ProjetosLaravel\
ightlife\\vendor\\laravel\\framework\\src\\Illuminate\\Pipeline\\Pipeline.php(163): Illuminate\\Foundation\\Http\\Middleware\\TransformsRequest->handle(Object(Illuminate\\Http\\Request), Object(Closure))
#39 E:\\Projetos Desenvolvimento\\ProjetosPhpStorm\\ProjetosLaravel\
ightlife\\vendor\\laravel\\framework\\src\\Illuminate\\Routing\\Pipeline.php(53): Illuminate\\Pipeline\\Pipeline->Illuminate\\Pipeline\\{closure}(Object(Illuminate\\Http\\Request))
#40 E:\\Projetos Desenvolvimento\\ProjetosPhpStorm\\ProjetosLaravel\
ightlife\\vendor\\laravel\\framework\\src\\Illuminate\\Foundation\\Http\\Middleware\\TransformsRequest.php(21): Illuminate\\Routing\\Pipeline->Illuminate\\Routing\\{closure}(Object(Illuminate\\Http\\Request))
#41 E:\\Projetos Desenvolvimento\\ProjetosPhpStorm\\ProjetosLaravel\
ightlife\\vendor\\laravel\\framework\\src\\Illuminate\\Pipeline\\Pipeline.php(163): Illuminate\\Foundation\\Http\\Middleware\\TransformsRequest->handle(Object(Illuminate\\Http\\Request), Object(Closure))
#42 E:\\Projetos Desenvolvimento\\ProjetosPhpStorm\\ProjetosLaravel\
ightlife\\vendor\\laravel\\framework\\src\\Illuminate\\Routing\\Pipeline.php(53): Illuminate\\Pipeline\\Pipeline->Illuminate\\Pipeline\\{closure}(Object(Illuminate\\Http\\Request))
#43 E:\\Projetos Desenvolvimento\\ProjetosPhpStorm\\ProjetosLaravel\
ightlife\\vendor\\laravel\\framework\\src\\Illuminate\\Foundation\\Http\\Middleware\\ValidatePostSize.php(27): Illuminate\\Routing\\Pipeline->Illuminate\\Routing\\{closure}(Object(Illuminate\\Http\\Request))
#44 E:\\Projetos Desenvolvimento\\ProjetosPhpStorm\\ProjetosLaravel\
ightlife\\vendor\\laravel\\framework\\src\\Illuminate\\Pipeline\\Pipeline.php(163): Illuminate\\Foundation\\Http\\Middleware\\ValidatePostSize->handle(Object(Illuminate\\Http\\Request), Object(Closure))
#45 E:\\Projetos Desenvolvimento\\ProjetosPhpStorm\\ProjetosLaravel\
ightlife\\vendor\\laravel\\framework\\src\\Illuminate\\Routing\\Pipeline.php(53): Illuminate\\Pipeline\\Pipeline->Illuminate\\Pipeline\\{closure}(Object(Illuminate\\Http\\Request))
#46 E:\\Projetos Desenvolvimento\\ProjetosPhpStorm\\ProjetosLaravel\
ightlife\\vendor\\laravel\\framework\\src\\Illuminate\\Foundation\\Http\\Middleware\\CheckForMaintenanceMode.php(62): Illuminate\\Routing\\Pipeline->Illuminate\\Routing\\{closure}(Object(Illuminate\\Http\\Request))
#47 E:\\Projetos Desenvolvimento\\ProjetosPhpStorm\\ProjetosLaravel\
ightlife\\vendor\\laravel\\framework\\src\\Illuminate\\Pipeline\\Pipeline.php(163): Illuminate\\Foundation\\Http\\Middleware\\CheckForMaintenanceMode->handle(Object(Illuminate\\Http\\Request), Object(Closure))
#48 E:\\Projetos Desenvolvimento\\ProjetosPhpStorm\\ProjetosLaravel\
ightlife\\vendor\\laravel\\framework\\src\\Illuminate\\Routing\\Pipeline.php(53): Illuminate\\Pipeline\\Pipeline->Illuminate\\Pipeline\\{closure}(Object(Illuminate\\Http\\Request))
#49 E:\\Projetos Desenvolvimento\\ProjetosPhpStorm\\ProjetosLaravel\
ightlife\\vendor\\laravel\\framework\\src\\Illuminate\\Pipeline\\Pipeline.php(104): Illuminate\\Routing\\Pipeline->Illuminate\\Routing\\{closure}(Object(Illuminate\\Http\\Request))
#50 E:\\Projetos Desenvolvimento\\ProjetosPhpStorm\\ProjetosLaravel\
ightlife\\vendor\\laravel\\framework\\src\\Illuminate\\Foundation\\Http\\Kernel.php(151): Illuminate\\Pipeline\\Pipeline->then(Object(Closure))
#51 E:\\Projetos Desenvolvimento\\ProjetosPhpStorm\\ProjetosLaravel\
ightlife\\vendor\\laravel\\framework\\src\\Illuminate\\Foundation\\Http\\Kernel.php(116): Illuminate\\Foundation\\Http\\Kernel->sendRequestThroughRouter(Object(Illuminate\\Http\\Request))
#52 E:\\Projetos Desenvolvimento\\ProjetosPhpStorm\\ProjetosLaravel\
ightlife\\public\\index.php(55): Illuminate\\Foundation\\Http\\Kernel->handle(Object(Illuminate\\Http\\Request))
#53 {main}
"} 
[2020-02-27 00:58:46] local.ERROR: Class 'App\Http\Requests\Vehicle' not found {"userId":1,"exception":"[object] (Symfony\\Component\\Debug\\Exception\\FatalThrowableError(code: 0): Class 'App\\Http\\Requests\\Vehicle' not found at E:\\Projetos Desenvolvimento\\ProjetosPhpStorm\\ProjetosLaravel\
ightlife\\app\\Http\\Request\\CreateOrUpdateEstablishment.php:38)
[stacktrace]
#0 [internal function]: App\\Http\\Requests\\CreateOrUpdateEstablishment->rules()
#1 E:\\Projetos Desenvolvimento\\ProjetosPhpStorm\\ProjetosLaravel\
ightlife\\vendor\\laravel\\framework\\src\\Illuminate\\Container\\BoundMethod.php(32): call_user_func_array(Array, Array)
#2 E:\\Projetos Desenvolvimento\\ProjetosPhpStorm\\ProjetosLaravel\
ightlife\\vendor\\laravel\\framework\\src\\Illuminate\\Container\\BoundMethod.php(90): Illuminate\\Container\\BoundMethod::Illuminate\\Container\\{closure}()
#3 E:\\Projetos Desenvolvimento\\ProjetosPhpStorm\\ProjetosLaravel\
ightlife\\vendor\\laravel\\framework\\src\\Illuminate\\Container\\BoundMethod.php(34): Illuminate\\Container\\BoundMethod::callBoundMethod(Object(Illuminate\\Foundation\\Application), Array, Object(Closure))
#4 E:\\Projetos Desenvolvimento\\ProjetosPhpStorm\\ProjetosLaravel\
ightlife\\vendor\\laravel\\framework\\src\\Illuminate\\Container\\Container.php(576): Illuminate\\Container\\BoundMethod::call(Object(Illuminate\\Foundation\\Application), Array, Array, NULL)
#5 E:\\Projetos Desenvolvimento\\ProjetosPhpStorm\\ProjetosLaravel\
ightlife\\vendor\\laravel\\framework\\src\\Illuminate\\Foundation\\Http\\FormRequest.php(105): Illuminate\\Container\\Container->call(Array)
#6 E:\\Projetos Desenvolvimento\\ProjetosPhpStorm\\ProjetosLaravel\
ightlife\\vendor\\laravel\\framework\\src\\Illuminate\\Foundation\\Http\\FormRequest.php(84): Illuminate\\Foundation\\Http\\FormRequest->createDefaultValidator(Object(Illuminate\\Validation\\Factory))
#7 E:\\Projetos Desenvolvimento\\ProjetosPhpStorm\\ProjetosLaravel\
ightlife\\vendor\\laravel\\framework\\src\\Illuminate\\Validation\\ValidatesWhenResolvedTrait.php(23): Illuminate\\Foundation\\Http\\FormRequest->getValidatorInstance()
#8 E:\\Projetos Desenvolvimento\\ProjetosPhpStorm\\ProjetosLaravel\
ightlife\\app\\Http\\Request\\FormRequest.php(20): Illuminate\\Foundation\\Http\\FormRequest->validateResolved()
#9 E:\\Projetos Desenvolvimento\\ProjetosPhpStorm\\ProjetosLaravel\
ightlife\\vendor\\laravel\\framework\\src\\Illuminate\\Foundation\\Providers\\FormRequestServiceProvider.php(30): App\\Http\\Requests\\FormRequest->validateResolved()
#10 E:\\Projetos Desenvolvimento\\ProjetosPhpStorm\\ProjetosLaravel\
ightlife\\vendor\\laravel\\framework\\src\\Illuminate\\Container\\Container.php(1084): Illuminate\\Foundation\\Providers\\FormRequestServiceProvider->Illuminate\\Foundation\\Providers\\{closure}(Object(App\\Http\\Requests\\CreateOrUpdateEstablishment), Object(Illuminate\\Foundation\\Application))
#11 E:\\Projetos Desenvolvimento\\ProjetosPhpStorm\\ProjetosLaravel\
ightlife\\vendor\\laravel\\framework\\src\\Illuminate\\Container\\Container.php(1048): Illuminate\\Container\\Container->fireCallbackArray(Object(App\\Http\\Requests\\CreateOrUpdateEstablishment), Array)
#12 E:\\Projetos Desenvolvimento\\ProjetosPhpStorm\\ProjetosLaravel\
ightlife\\vendor\\laravel\\framework\\src\\Illuminate\\Container\\Container.php(1033): Illuminate\\Container\\Container->fireAfterResolvingCallbacks('App\\\\Http\\\\Reques...', Object(App\\Http\\Requests\\CreateOrUpdateEstablishment))
#13 E:\\Projetos Desenvolvimento\\ProjetosPhpStorm\\ProjetosLaravel\
ightlife\\vendor\\laravel\\framework\\src\\Illuminate\\Container\\Container.php(687): Illuminate\\Container\\Container->fireResolvingCallbacks('App\\\\Http\\\\Reques...', Object(App\\Http\\Requests\\CreateOrUpdateEstablishment))
#14 E:\\Projetos Desenvolvimento\\ProjetosPhpStorm\\ProjetosLaravel\
ightlife\\vendor\\laravel\\framework\\src\\Illuminate\\Container\\Container.php(615): Illuminate\\Container\\Container->resolve('App\\\\Http\\\\Reques...', Array)
#15 E:\\Projetos Desenvolvimento\\ProjetosPhpStorm\\ProjetosLaravel\
ightlife\\vendor\\laravel\\framework\\src\\Illuminate\\Foundation\\Application.php(767): Illuminate\\Container\\Container->make('App\\\\Http\\\\Reques...', Array)
#16 E:\\Projetos Desenvolvimento\\ProjetosPhpStorm\\ProjetosLaravel\
ightlife\\vendor\\laravel\\framework\\src\\Illuminate\\Routing\\RouteDependencyResolverTrait.php(79): Illuminate\\Foundation\\Application->make('App\\\\Http\\\\Reques...')
#17 E:\\Projetos Desenvolvimento\\ProjetosPhpStorm\\ProjetosLaravel\
ightlife\\vendor\\laravel\\framework\\src\\Illuminate\\Routing\\RouteDependencyResolverTrait.php(46): Illuminate\\Routing\\ControllerDispatcher->transformDependency(Object(ReflectionParameter), Array)
#18 E:\\Projetos Desenvolvimento\\ProjetosPhpStorm\\ProjetosLaravel\
ightlife\\vendor\\laravel\\framework\\src\\Illuminate\\Routing\\RouteDependencyResolverTrait.php(27): Illuminate\\Routing\\ControllerDispatcher->resolveMethodDependencies(Array, Object(ReflectionMethod))
#19 E:\\Projetos Desenvolvimento\\ProjetosPhpStorm\\ProjetosLaravel\
ightlife\\vendor\\laravel\\framework\\src\\Illuminate\\Routing\\ControllerDispatcher.php(41): Illuminate\\Routing\\ControllerDispatcher->resolveClassMethodDependencies(Array, Object(App\\Http\\Controllers\\Admin\\EstablishmentController), 'store')
#20 E:\\Projetos Desenvolvimento\\ProjetosPhpStorm\\ProjetosLaravel\
ightlife\\vendor\\laravel\\framework\\src\\Illuminate\\Routing\\Route.php(219): Illuminate\\Routing\\ControllerDispatcher->dispatch(Object(Illuminate\\Routing\\Route), Object(App\\Http\\Controllers\\Admin\\EstablishmentController), 'store')
#21 E:\\Projetos Desenvolvimento\\ProjetosPhpStorm\\ProjetosLaravel\
ightlife\\vendor\\laravel\\framework\\src\\Illuminate\\Routing\\Route.php(176): Illuminate\\Routing\\Route->runController()
#22 E:\\Projetos Desenvolvimento\\ProjetosPhpStorm\\ProjetosLaravel\
ightlife\\vendor\\laravel\\framework\\src\\Illuminate\\Routing\\Router.php(680): Illuminate\\Routing\\Route->run()
#23 E:\\Projetos Desenvolvimento\\ProjetosPhpStorm\\ProjetosLaravel\
ightlife\\vendor\\laravel\\framework\\src\\Illuminate\\Routing\\Pipeline.php(30): Illuminate\\Routing\\Router->Illuminate\\Routing\\{closure}(Object(Illuminate\\Http\\Request))
#24 E:\\Projetos Desenvolvimento\\ProjetosPhpStorm\\ProjetosLaravel\
ightlife\\vendor\\laravel\\framework\\src\\Illuminate\\Routing\\Middleware\\SubstituteBindings.php(41): Illuminate\\Routing\\Pipeline->Illuminate\\Routing\\{closure}(Object(Illuminate\\Http\\Request))
#25 E:\\Projetos Desenvolvimento\\ProjetosPhpStorm\\ProjetosLaravel\
ightlife\\vendor\\laravel\\framework\\src\\Illuminate\\Pipeline\\Pipeline.php(163): Illuminate\\Routing\\Middleware\\SubstituteBindings->handle(Object(Illuminate\\Http\\Request), Object(Closure))
#26 E:\\Projetos Desenvolvimento\\ProjetosPhpStorm\\ProjetosLaravel\
ightlife\\vendor\\laravel\\framework\\src\\Illuminate\\Routing\\Pipeline.php(53): Illuminate\\Pipeline\\Pipeline->Illuminate\\Pipeline\\{closure}(Object(Illuminate\\Http\\Request))
#27 E:\\Projetos Desenvolvimento\\ProjetosPhpStorm\\ProjetosLaravel\
ightlife\\vendor\\laravel\\framework\\src\\Illuminate\\Auth\\Middleware\\Authenticate.php(43): Illuminate\\Routing\\Pipeline->Illuminate\\Routing\\{closure}(Object(Illuminate\\Http\\Request))
#28 E:\\Projetos Desenvolvimento\\ProjetosPhpStorm\\ProjetosLaravel\
ightlife\\vendor\\laravel\\framework\\src\\Illuminate\\Pipeline\\Pipeline.php(163): Illuminate\\Auth\\Middleware\\Authenticate->handle(Object(Illuminate\\Http\\Request), Object(Closure))
#29 E:\\Projetos Desenvolvimento\\ProjetosPhpStorm\\ProjetosLaravel\
ightlife\\vendor\\laravel\\framework\\src\\Illuminate\\Routing\\Pipeline.php(53): Illuminate\\Pipeline\\Pipeline->Illuminate\\Pipeline\\{closure}(Object(Illuminate\\Http\\Request))
#30 E:\\Projetos Desenvolvimento\\ProjetosPhpStorm\\ProjetosLaravel\
ightlife\\vendor\\laravel\\framework\\src\\Illuminate\\Foundation\\Http\\Middleware\\VerifyCsrfToken.php(75): Illuminate\\Routing\\Pipeline->Illuminate\\Routing\\{closure}(Object(Illuminate\\Http\\Request))
#31 E:\\Projetos Desenvolvimento\\ProjetosPhpStorm\\ProjetosLaravel\
ightlife\\vendor\\laravel\\framework\\src\\Illuminate\\Pipeline\\Pipeline.php(163): Illuminate\\Foundation\\Http\\Middleware\\VerifyCsrfToken->handle(Object(Illuminate\\Http\\Request), Object(Closure))
#32 E:\\Projetos Desenvolvimento\\ProjetosPhpStorm\\ProjetosLaravel\
ightlife\\vendor\\laravel\\framework\\src\\Illuminate\\Routing\\Pipeline.php(53): Illuminate\\Pipeline\\Pipeline->Illuminate\\Pipeline\\{closure}(Object(Illuminate\\Http\\Request))
#33 E:\\Projetos Desenvolvimento\\ProjetosPhpStorm\\ProjetosLaravel\
ightlife\\vendor\\laravel\\framework\\src\\Illuminate\\View\\Middleware\\ShareErrorsFromSession.php(49): Illuminate\\Routing\\Pipeline->Illuminate\\Routing\\{closure}(Object(Illuminate\\Http\\Request))
#34 E:\\Projetos Desenvolvimento\\ProjetosPhpStorm\\ProjetosLaravel\
ightlife\\vendor\\laravel\\framework\\src\\Illuminate\\Pipeline\\Pipeline.php(163): Illuminate\\View\\Middleware\\ShareErrorsFromSession->handle(Object(Illuminate\\Http\\Request), Object(Closure))
#35 E:\\Projetos Desenvolvimento\\ProjetosPhpStorm\\ProjetosLaravel\
ightlife\\vendor\\laravel\\framework\\src\\Illuminate\\Routing\\Pipeline.php(53): Illuminate\\Pipeline\\Pipeline->Illuminate\\Pipeline\\{closure}(Object(Illuminate\\Http\\Request))
#36 E:\\Projetos Desenvolvimento\\ProjetosPhpStorm\\ProjetosLaravel\
ightlife\\vendor\\laravel\\framework\\src\\Illuminate\\Session\\Middleware\\StartSession.php(56): Illuminate\\Routing\\Pipeline->Illuminate\\Routing\\{closure}(Object(Illuminate\\Http\\Request))
#37 E:\\Projetos Desenvolvimento\\ProjetosPhpStorm\\ProjetosLaravel\
ightlife\\vendor\\laravel\\framework\\src\\Illuminate\\Pipeline\\Pipeline.php(163): Illuminate\\Session\\Middleware\\StartSession->handle(Object(Illuminate\\Http\\Request), Object(Closure))
#38 E:\\Projetos Desenvolvimento\\ProjetosPhpStorm\\ProjetosLaravel\
ightlife\\vendor\\laravel\\framework\\src\\Illuminate\\Routing\\Pipeline.php(53): Illuminate\\Pipeline\\Pipeline->Illuminate\\Pipeline\\{closure}(Object(Illuminate\\Http\\Request))
#39 E:\\Projetos Desenvolvimento\\ProjetosPhpStorm\\ProjetosLaravel\
ightlife\\vendor\\laravel\\framework\\src\\Illuminate\\Cookie\\Middleware\\AddQueuedCookiesToResponse.php(37): Illuminate\\Routing\\Pipeline->Illuminate\\Routing\\{closure}(Object(Illuminate\\Http\\Request))
#40 E:\\Projetos Desenvolvimento\\ProjetosPhpStorm\\ProjetosLaravel\
ightlife\\vendor\\laravel\\framework\\src\\Illuminate\\Pipeline\\Pipeline.php(163): Illuminate\\Cookie\\Middleware\\AddQueuedCookiesToResponse->handle(Object(Illuminate\\Http\\Request), Object(Closure))
#41 E:\\Projetos Desenvolvimento\\ProjetosPhpStorm\\ProjetosLaravel\
ightlife\\vendor\\laravel\\framework\\src\\Illuminate\\Routing\\Pipeline.php(53): Illuminate\\Pipeline\\Pipeline->Illuminate\\Pipeline\\{closure}(Object(Illuminate\\Http\\Request))
#42 E:\\Projetos Desenvolvimento\\ProjetosPhpStorm\\ProjetosLaravel\
ightlife\\vendor\\laravel\\framework\\src\\Illuminate\\Cookie\\Middleware\\EncryptCookies.php(66): Illuminate\\Routing\\Pipeline->Illuminate\\Routing\\{closure}(Object(Illuminate\\Http\\Request))
#43 E:\\Projetos Desenvolvimento\\ProjetosPhpStorm\\ProjetosLaravel\
ightlife\\vendor\\laravel\\framework\\src\\Illuminate\\Pipeline\\Pipeline.php(163): Illuminate\\Cookie\\Middleware\\EncryptCookies->handle(Object(Illuminate\\Http\\Request), Object(Closure))
#44 E:\\Projetos Desenvolvimento\\ProjetosPhpStorm\\ProjetosLaravel\
ightlife\\vendor\\laravel\\framework\\src\\Illuminate\\Routing\\Pipeline.php(53): Illuminate\\Pipeline\\Pipeline->Illuminate\\Pipeline\\{closure}(Object(Illuminate\\Http\\Request))
#45 E:\\Projetos Desenvolvimento\\ProjetosPhpStorm\\ProjetosLaravel\
ightlife\\vendor\\laravel\\framework\\src\\Illuminate\\Pipeline\\Pipeline.php(104): Illuminate\\Routing\\Pipeline->Illuminate\\Routing\\{closure}(Object(Illuminate\\Http\\Request))
#46 E:\\Projetos Desenvolvimento\\ProjetosPhpStorm\\ProjetosLaravel\
ightlife\\vendor\\laravel\\framework\\src\\Illuminate\\Routing\\Router.php(682): Illuminate\\Pipeline\\Pipeline->then(Object(Closure))
#47 E:\\Projetos Desenvolvimento\\ProjetosPhpStorm\\ProjetosLaravel\
ightlife\\vendor\\laravel\\framework\\src\\Illuminate\\Routing\\Router.php(657): Illuminate\\Routing\\Router->runRouteWithinStack(Object(Illuminate\\Routing\\Route), Object(Illuminate\\Http\\Request))
#48 E:\\Projetos Desenvolvimento\\ProjetosPhpStorm\\ProjetosLaravel\
ightlife\\vendor\\laravel\\framework\\src\\Illuminate\\Routing\\Router.php(623): Illuminate\\Routing\\Router->runRoute(Object(Illuminate\\Http\\Request), Object(Illuminate\\Routing\\Route))
#49 E:\\Projetos Desenvolvimento\\ProjetosPhpStorm\\ProjetosLaravel\
ightlife\\vendor\\laravel\\framework\\src\\Illuminate\\Routing\\Router.php(612): Illuminate\\Routing\\Router->dispatchToRoute(Object(Illuminate\\Http\\Request))
#50 E:\\Projetos Desenvolvimento\\ProjetosPhpStorm\\ProjetosLaravel\
ightlife\\vendor\\laravel\\framework\\src\\Illuminate\\Foundation\\Http\\Kernel.php(176): Illuminate\\Routing\\Router->dispatch(Object(Illuminate\\Http\\Request))
#51 E:\\Projetos Desenvolvimento\\ProjetosPhpStorm\\ProjetosLaravel\
ightlife\\vendor\\laravel\\framework\\src\\Illuminate\\Routing\\Pipeline.php(30): Illuminate\\Foundation\\Http\\Kernel->Illuminate\\Foundation\\Http\\{closure}(Object(Illuminate\\Http\\Request))
#52 E:\\Projetos Desenvolvimento\\ProjetosPhpStorm\\ProjetosLaravel\
ightlife\\vendor\\fideloper\\proxy\\src\\TrustProxies.php(57): Illuminate\\Routing\\Pipeline->Illuminate\\Routing\\{closure}(Object(Illuminate\\Http\\Request))
#53 E:\\Projetos Desenvolvimento\\ProjetosPhpStorm\\ProjetosLaravel\
ightlife\\vendor\\laravel\\framework\\src\\Illuminate\\Pipeline\\Pipeline.php(163): Fideloper\\Proxy\\TrustProxies->handle(Object(Illuminate\\Http\\Request), Object(Closure))
#54 E:\\Projetos Desenvolvimento\\ProjetosPhpStorm\\ProjetosLaravel\
ightlife\\vendor\\laravel\\framework\\src\\Illuminate\\Routing\\Pipeline.php(53): Illuminate\\Pipeline\\Pipeline->Illuminate\\Pipeline\\{closure}(Object(Illuminate\\Http\\Request))
#55 E:\\Projetos Desenvolvimento\\ProjetosPhpStorm\\ProjetosLaravel\
ightlife\\vendor\\laravel\\framework\\src\\Illuminate\\Foundation\\Http\\Middleware\\TransformsRequest.php(21): Illuminate\\Routing\\Pipeline->Illuminate\\Routing\\{closure}(Object(Illuminate\\Http\\Request))
#56 E:\\Projetos Desenvolvimento\\ProjetosPhpStorm\\ProjetosLaravel\
ightlife\\vendor\\laravel\\framework\\src\\Illuminate\\Pipeline\\Pipeline.php(163): Illuminate\\Foundation\\Http\\Middleware\\TransformsRequest->handle(Object(Illuminate\\Http\\Request), Object(Closure))
#57 E:\\Projetos Desenvolvimento\\ProjetosPhpStorm\\ProjetosLaravel\
ightlife\\vendor\\laravel\\framework\\src\\Illuminate\\Routing\\Pipeline.php(53): Illuminate\\Pipeline\\Pipeline->Illuminate\\Pipeline\\{closure}(Object(Illuminate\\Http\\Request))
#58 E:\\Projetos Desenvolvimento\\ProjetosPhpStorm\\ProjetosLaravel\
ightlife\\vendor\\laravel\\framework\\src\\Illuminate\\Foundation\\Http\\Middleware\\TransformsRequest.php(21): Illuminate\\Routing\\Pipeline->Illuminate\\Routing\\{closure}(Object(Illuminate\\Http\\Request))
#59 E:\\Projetos Desenvolvimento\\ProjetosPhpStorm\\ProjetosLaravel\
ightlife\\vendor\\laravel\\framework\\src\\Illuminate\\Pipeline\\Pipeline.php(163): Illuminate\\Foundation\\Http\\Middleware\\TransformsRequest->handle(Object(Illuminate\\Http\\Request), Object(Closure))
#60 E:\\Projetos Desenvolvimento\\ProjetosPhpStorm\\ProjetosLaravel\
ightlife\\vendor\\laravel\\framework\\src\\Illuminate\\Routing\\Pipeline.php(53): Illuminate\\Pipeline\\Pipeline->Illuminate\\Pipeline\\{closure}(Object(Illuminate\\Http\\Request))
#61 E:\\Projetos Desenvolvimento\\ProjetosPhpStorm\\ProjetosLaravel\
ightlife\\vendor\\laravel\\framework\\src\\Illuminate\\Foundation\\Http\\Middleware\\ValidatePostSize.php(27): Illuminate\\Routing\\Pipeline->Illuminate\\Routing\\{closure}(Object(Illuminate\\Http\\Request))
#62 E:\\Projetos Desenvolvimento\\ProjetosPhpStorm\\ProjetosLaravel\
ightlife\\vendor\\laravel\\framework\\src\\Illuminate\\Pipeline\\Pipeline.php(163): Illuminate\\Foundation\\Http\\Middleware\\ValidatePostSize->handle(Object(Illuminate\\Http\\Request), Object(Closure))
#63 E:\\Projetos Desenvolvimento\\ProjetosPhpStorm\\ProjetosLaravel\
ightlife\\vendor\\laravel\\framework\\src\\Illuminate\\Routing\\Pipeline.php(53): Illuminate\\Pipeline\\Pipeline->Illuminate\\Pipeline\\{closure}(Object(Illuminate\\Http\\Request))
#64 E:\\Projetos Desenvolvimento\\ProjetosPhpStorm\\ProjetosLaravel\
ightlife\\vendor\\laravel\\framework\\src\\Illuminate\\Foundation\\Http\\Middleware\\CheckForMaintenanceMode.php(62): Illuminate\\Routing\\Pipeline->Illuminate\\Routing\\{closure}(Object(Illuminate\\Http\\Request))
#65 E:\\Projetos Desenvolvimento\\ProjetosPhpStorm\\ProjetosLaravel\
ightlife\\vendor\\laravel\\framework\\src\\Illuminate\\Pipeline\\Pipeline.php(163): Illuminate\\Foundation\\Http\\Middleware\\CheckForMaintenanceMode->handle(Object(Illuminate\\Http\\Request), Object(Closure))
#66 E:\\Projetos Desenvolvimento\\ProjetosPhpStorm\\ProjetosLaravel\
ightlife\\vendor\\laravel\\framework\\src\\Illuminate\\Routing\\Pipeline.php(53): Illuminate\\Pipeline\\Pipeline->Illuminate\\Pipeline\\{closure}(Object(Illuminate\\Http\\Request))
#67 E:\\Projetos Desenvolvimento\\ProjetosPhpStorm\\ProjetosLaravel\
ightlife\\vendor\\laravel\\framework\\src\\Illuminate\\Pipeline\\Pipeline.php(104): Illuminate\\Routing\\Pipeline->Illuminate\\Routing\\{closure}(Object(Illuminate\\Http\\Request))
#68 E:\\Projetos Desenvolvimento\\ProjetosPhpStorm\\ProjetosLaravel\
ightlife\\vendor\\laravel\\framework\\src\\Illuminate\\Foundation\\Http\\Kernel.php(151): Illuminate\\Pipeline\\Pipeline->then(Object(Closure))
#69 E:\\Projetos Desenvolvimento\\ProjetosPhpStorm\\ProjetosLaravel\
ightlife\\vendor\\laravel\\framework\\src\\Illuminate\\Foundation\\Http\\Kernel.php(116): Illuminate\\Foundation\\Http\\Kernel->sendRequestThroughRouter(Object(Illuminate\\Http\\Request))
#70 E:\\Projetos Desenvolvimento\\ProjetosPhpStorm\\ProjetosLaravel\
ightlife\\public\\index.php(55): Illuminate\\Foundation\\Http\\Kernel->handle(Object(Illuminate\\Http\\Request))
#71 {main}
"} 
[2020-02-27 01:16:50] local.ERROR: SQLSTATE[42S22]: Column not found: 1054 Unknown column 'user' in 'where clause' (SQL: select count(*) as aggregate from `establishment` where `user` = 3) {"userId":1,"exception":"[object] (Illuminate\\Database\\QueryException(code: 42S22): SQLSTATE[42S22]: Column not found: 1054 Unknown column 'user' in 'where clause' (SQL: select count(*) as aggregate from `establishment` where `user` = 3) at E:\\Projetos Desenvolvimento\\ProjetosPhpStorm\\ProjetosLaravel\
ightlife\\vendor\\laravel\\framework\\src\\Illuminate\\Database\\Connection.php:664, PDOException(code: 42S22): SQLSTATE[42S22]: Column not found: 1054 Unknown column 'user' in 'where clause' at E:\\Projetos Desenvolvimento\\ProjetosPhpStorm\\ProjetosLaravel\
ightlife\\vendor\\laravel\\framework\\src\\Illuminate\\Database\\Connection.php:326)
[stacktrace]
#0 E:\\Projetos Desenvolvimento\\ProjetosPhpStorm\\ProjetosLaravel\
ightlife\\vendor\\laravel\\framework\\src\\Illuminate\\Database\\Connection.php(624): Illuminate\\Database\\Connection->runQueryCallback('select count(*)...', Array, Object(Closure))
#1 E:\\Projetos Desenvolvimento\\ProjetosPhpStorm\\ProjetosLaravel\
ightlife\\vendor\\laravel\\framework\\src\\Illuminate\\Database\\Connection.php(333): Illuminate\\Database\\Connection->run('select count(*)...', Array, Object(Closure))
#2 E:\\Projetos Desenvolvimento\\ProjetosPhpStorm\\ProjetosLaravel\
ightlife\\vendor\\laravel\\framework\\src\\Illuminate\\Database\\Query\\Builder.php(2130): Illuminate\\Database\\Connection->select('select count(*)...', Array, false)
#3 E:\\Projetos Desenvolvimento\\ProjetosPhpStorm\\ProjetosLaravel\
ightlife\\vendor\\laravel\\framework\\src\\Illuminate\\Database\\Query\\Builder.php(2118): Illuminate\\Database\\Query\\Builder->runSelect()
#4 E:\\Projetos Desenvolvimento\\ProjetosPhpStorm\\ProjetosLaravel\
ightlife\\vendor\\laravel\\framework\\src\\Illuminate\\Database\\Query\\Builder.php(2604): Illuminate\\Database\\Query\\Builder->Illuminate\\Database\\Query\\{closure}()
#5 E:\\Projetos Desenvolvimento\\ProjetosPhpStorm\\ProjetosLaravel\
ightlife\\vendor\\laravel\\framework\\src\\Illuminate\\Database\\Query\\Builder.php(2119): Illuminate\\Database\\Query\\Builder->onceWithColumns(Array, Object(Closure))
#6 E:\\Projetos Desenvolvimento\\ProjetosPhpStorm\\ProjetosLaravel\
ightlife\\vendor\\laravel\\framework\\src\\Illuminate\\Database\\Query\\Builder.php(2531): Illuminate\\Database\\Query\\Builder->get(Array)
#7 E:\\Projetos Desenvolvimento\\ProjetosPhpStorm\\ProjetosLaravel\
ightlife\\vendor\\laravel\\framework\\src\\Illuminate\\Database\\Query\\Builder.php(2459): Illuminate\\Database\\Query\\Builder->aggregate('count', Array)
#8 E:\\Projetos Desenvolvimento\\ProjetosPhpStorm\\ProjetosLaravel\
ightlife\\vendor\\laravel\\framework\\src\\Illuminate\\Validation\\DatabasePresenceVerifier.php(55): Illuminate\\Database\\Query\\Builder->count()
#9 E:\\Projetos Desenvolvimento\\ProjetosPhpStorm\\ProjetosLaravel\
ightlife\\vendor\\laravel\\framework\\src\\Illuminate\\Validation\\Concerns\\ValidatesAttributes.php(755): Illuminate\\Validation\\DatabasePresenceVerifier->getCount('establishment', 'user', '3', NULL, NULL, Array)
#10 E:\\Projetos Desenvolvimento\\ProjetosPhpStorm\\ProjetosLaravel\
ightlife\\vendor\\laravel\\framework\\src\\Illuminate\\Validation\\Validator.php(398): Illuminate\\Validation\\Validator->validateUnique('user', '3', Array, Object(Illuminate\\Validation\\Validator))
#11 E:\\Projetos Desenvolvimento\\ProjetosPhpStorm\\ProjetosLaravel\
ightlife\\vendor\\laravel\\framework\\src\\Illuminate\\Validation\\Validator.php(277): Illuminate\\Validation\\Validator->validateAttribute('user', 'Unique')
#12 E:\\Projetos Desenvolvimento\\ProjetosPhpStorm\\ProjetosLaravel\
ightlife\\vendor\\laravel\\framework\\src\\Illuminate\\Validation\\Validator.php(302): Illuminate\\Validation\\Validator->passes()
#13 E:\\Projetos Desenvolvimento\\ProjetosPhpStorm\\ProjetosLaravel\
ightlife\\vendor\\laravel\\framework\\src\\Illuminate\\Validation\\ValidatesWhenResolvedTrait.php(25): Illuminate\\Validation\\Validator->fails()
#14 E:\\Projetos Desenvolvimento\\ProjetosPhpStorm\\ProjetosLaravel\
ightlife\\app\\Http\\Request\\FormRequest.php(20): Illuminate\\Foundation\\Http\\FormRequest->validateResolved()
#15 E:\\Projetos Desenvolvimento\\ProjetosPhpStorm\\ProjetosLaravel\
ightlife\\vendor\\laravel\\framework\\src\\Illuminate\\Foundation\\Providers\\FormRequestServiceProvider.php(30): App\\Http\\Requests\\FormRequest->validateResolved()
#16 E:\\Projetos Desenvolvimento\\ProjetosPhpStorm\\ProjetosLaravel\
ightlife\\vendor\\laravel\\framework\\src\\Illuminate\\Container\\Container.php(1084): Illuminate\\Foundation\\Providers\\FormRequestServiceProvider->Illuminate\\Foundation\\Providers\\{closure}(Object(App\\Http\\Requests\\CreateOrUpdateEstablishment), Object(Illuminate\\Foundation\\Application))
#17 E:\\Projetos Desenvolvimento\\ProjetosPhpStorm\\ProjetosLaravel\
ightlife\\vendor\\laravel\\framework\\src\\Illuminate\\Container\\Container.php(1048): Illuminate\\Container\\Container->fireCallbackArray(Object(App\\Http\\Requests\\CreateOrUpdateEstablishment), Array)
#18 E:\\Projetos Desenvolvimento\\ProjetosPhpStorm\\ProjetosLaravel\
ightlife\\vendor\\laravel\\framework\\src\\Illuminate\\Container\\Container.php(1033): Illuminate\\Container\\Container->fireAfterResolvingCallbacks('App\\\\Http\\\\Reques...', Object(App\\Http\\Requests\\CreateOrUpdateEstablishment))
#19 E:\\Projetos Desenvolvimento\\ProjetosPhpStorm\\ProjetosLaravel\
ightlife\\vendor\\laravel\\framework\\src\\Illuminate\\Container\\Container.php(687): Illuminate\\Container\\Container->fireResolvingCallbacks('App\\\\Http\\\\Reques...', Object(App\\Http\\Requests\\CreateOrUpdateEstablishment))
#20 E:\\Projetos Desenvolvimento\\ProjetosPhpStorm\\ProjetosLaravel\
ightlife\\vendor\\laravel\\framework\\src\\Illuminate\\Container\\Container.php(615): Illuminate\\Container\\Container->resolve('App\\\\Http\\\\Reques...', Array)
#21 E:\\Projetos Desenvolvimento\\ProjetosPhpStorm\\ProjetosLaravel\
ightlife\\vendor\\laravel\\framework\\src\\Illuminate\\Foundation\\Application.php(767): Illuminate\\Container\\Container->make('App\\\\Http\\\\Reques...', Array)
#22 E:\\Projetos Desenvolvimento\\ProjetosPhpStorm\\ProjetosLaravel\
ightlife\\vendor\\laravel\\framework\\src\\Illuminate\\Routing\\RouteDependencyResolverTrait.php(79): Illuminate\\Foundation\\Application->make('App\\\\Http\\\\Reques...')
#23 E:\\Projetos Desenvolvimento\\ProjetosPhpStorm\\ProjetosLaravel\
ightlife\\vendor\\laravel\\framework\\src\\Illuminate\\Routing\\RouteDependencyResolverTrait.php(46): Illuminate\\Routing\\ControllerDispatcher->transformDependency(Object(ReflectionParameter), Array)
#24 E:\\Projetos Desenvolvimento\\ProjetosPhpStorm\\ProjetosLaravel\
ightlife\\vendor\\laravel\\framework\\src\\Illuminate\\Routing\\RouteDependencyResolverTrait.php(27): Illuminate\\Routing\\ControllerDispatcher->resolveMethodDependencies(Array, Object(ReflectionMethod))
#25 E:\\Projetos Desenvolvimento\\ProjetosPhpStorm\\ProjetosLaravel\
ightlife\\vendor\\laravel\\framework\\src\\Illuminate\\Routing\\ControllerDispatcher.php(41): Illuminate\\Routing\\ControllerDispatcher->resolveClassMethodDependencies(Array, Object(App\\Http\\Controllers\\Admin\\EstablishmentController), 'store')
#26 E:\\Projetos Desenvolvimento\\ProjetosPhpStorm\\ProjetosLaravel\
ightlife\\vendor\\laravel\\framework\\src\\Illuminate\\Routing\\Route.php(219): Illuminate\\Routing\\ControllerDispatcher->dispatch(Object(Illuminate\\Routing\\Route), Object(App\\Http\\Controllers\\Admin\\EstablishmentController), 'store')
#27 E:\\Projetos Desenvolvimento\\ProjetosPhpStorm\\ProjetosLaravel\
ightlife\\vendor\\laravel\\framework\\src\\Illuminate\\Routing\\Route.php(176): Illuminate\\Routing\\Route->runController()
#28 E:\\Projetos Desenvolvimento\\ProjetosPhpStorm\\ProjetosLaravel\
ightlife\\vendor\\laravel\\framework\\src\\Illuminate\\Routing\\Router.php(680): Illuminate\\Routing\\Route->run()
#29 E:\\Projetos Desenvolvimento\\ProjetosPhpStorm\\ProjetosLaravel\
ightlife\\vendor\\laravel\\framework\\src\\Illuminate\\Routing\\Pipeline.php(30): Illuminate\\Routing\\Router->Illuminate\\Routing\\{closure}(Object(Illuminate\\Http\\Request))
#30 E:\\Projetos Desenvolvimento\\ProjetosPhpStorm\\ProjetosLaravel\
ightlife\\vendor\\laravel\\framework\\src\\Illuminate\\Routing\\Middleware\\SubstituteBindings.php(41): Illuminate\\Routing\\Pipeline->Illuminate\\Routing\\{closure}(Object(Illuminate\\Http\\Request))
#31 E:\\Projetos Desenvolvimento\\ProjetosPhpStorm\\ProjetosLaravel\
ightlife\\vendor\\laravel\\framework\\src\\Illuminate\\Pipeline\\Pipeline.php(163): Illuminate\\Routing\\Middleware\\SubstituteBindings->handle(Object(Illuminate\\Http\\Request), Object(Closure))
#32 E:\\Projetos Desenvolvimento\\ProjetosPhpStorm\\ProjetosLaravel\
ightlife\\vendor\\laravel\\framework\\src\\Illuminate\\Routing\\Pipeline.php(53): Illuminate\\Pipeline\\Pipeline->Illuminate\\Pipeline\\{closure}(Object(Illuminate\\Http\\Request))
#33 E:\\Projetos Desenvolvimento\\ProjetosPhpStorm\\ProjetosLaravel\
ightlife\\vendor\\laravel\\framework\\src\\Illuminate\\Auth\\Middleware\\Authenticate.php(43): Illuminate\\Routing\\Pipeline->Illuminate\\Routing\\{closure}(Object(Illuminate\\Http\\Request))
#34 E:\\Projetos Desenvolvimento\\ProjetosPhpStorm\\ProjetosLaravel\
ightlife\\vendor\\laravel\\framework\\src\\Illuminate\\Pipeline\\Pipeline.php(163): Illuminate\\Auth\\Middleware\\Authenticate->handle(Object(Illuminate\\Http\\Request), Object(Closure))
#35 E:\\Projetos Desenvolvimento\\ProjetosPhpStorm\\ProjetosLaravel\
ightlife\\vendor\\laravel\\framework\\src\\Illuminate\\Routing\\Pipeline.php(53): Illuminate\\Pipeline\\Pipeline->Illuminate\\Pipeline\\{closure}(Object(Illuminate\\Http\\Request))
#36 E:\\Projetos Desenvolvimento\\ProjetosPhpStorm\\ProjetosLaravel\
ightlife\\vendor\\laravel\\framework\\src\\Illuminate\\Foundation\\Http\\Middleware\\VerifyCsrfToken.php(75): Illuminate\\Routing\\Pipeline->Illuminate\\Routing\\{closure}(Object(Illuminate\\Http\\Request))
#37 E:\\Projetos Desenvolvimento\\ProjetosPhpStorm\\ProjetosLaravel\
ightlife\\vendor\\laravel\\framework\\src\\Illuminate\\Pipeline\\Pipeline.php(163): Illuminate\\Foundation\\Http\\Middleware\\VerifyCsrfToken->handle(Object(Illuminate\\Http\\Request), Object(Closure))
#38 E:\\Projetos Desenvolvimento\\ProjetosPhpStorm\\ProjetosLaravel\
ightlife\\vendor\\laravel\\framework\\src\\Illuminate\\Routing\\Pipeline.php(53): Illuminate\\Pipeline\\Pipeline->Illuminate\\Pipeline\\{closure}(Object(Illuminate\\Http\\Request))
#39 E:\\Projetos Desenvolvimento\\ProjetosPhpStorm\\ProjetosLaravel\
ightlife\\vendor\\laravel\\framework\\src\\Illuminate\\View\\Middleware\\ShareErrorsFromSession.php(49): Illuminate\\Routing\\Pipeline->Illuminate\\Routing\\{closure}(Object(Illuminate\\Http\\Request))
#40 E:\\Projetos Desenvolvimento\\ProjetosPhpStorm\\ProjetosLaravel\
ightlife\\vendor\\laravel\\framework\\src\\Illuminate\\Pipeline\\Pipeline.php(163): Illuminate\\View\\Middleware\\ShareErrorsFromSession->handle(Object(Illuminate\\Http\\Request), Object(Closure))
#41 E:\\Projetos Desenvolvimento\\ProjetosPhpStorm\\ProjetosLaravel\
ightlife\\vendor\\laravel\\framework\\src\\Illuminate\\Routing\\Pipeline.php(53): Illuminate\\Pipeline\\Pipeline->Illuminate\\Pipeline\\{closure}(Object(Illuminate\\Http\\Request))
#42 E:\\Projetos Desenvolvimento\\ProjetosPhpStorm\\ProjetosLaravel\
ightlife\\vendor\\laravel\\framework\\src\\Illuminate\\Session\\Middleware\\StartSession.php(56): Illuminate\\Routing\\Pipeline->Illuminate\\Routing\\{closure}(Object(Illuminate\\Http\\Request))
#43 E:\\Projetos Desenvolvimento\\ProjetosPhpStorm\\ProjetosLaravel\
ightlife\\vendor\\laravel\\framework\\src\\Illuminate\\Pipeline\\Pipeline.php(163): Illuminate\\Session\\Middleware\\StartSession->handle(Object(Illuminate\\Http\\Request), Object(Closure))
#44 E:\\Projetos Desenvolvimento\\ProjetosPhpStorm\\ProjetosLaravel\
ightlife\\vendor\\laravel\\framework\\src\\Illuminate\\Routing\\Pipeline.php(53): Illuminate\\Pipeline\\Pipeline->Illuminate\\Pipeline\\{closure}(Object(Illuminate\\Http\\Request))
#45 E:\\Projetos Desenvolvimento\\ProjetosPhpStorm\\ProjetosLaravel\
ightlife\\vendor\\laravel\\framework\\src\\Illuminate\\Cookie\\Middleware\\AddQueuedCookiesToResponse.php(37): Illuminate\\Routing\\Pipeline->Illuminate\\Routing\\{closure}(Object(Illuminate\\Http\\Request))
#46 E:\\Projetos Desenvolvimento\\ProjetosPhpStorm\\ProjetosLaravel\
ightlife\\vendor\\laravel\\framework\\src\\Illuminate\\Pipeline\\Pipeline.php(163): Illuminate\\Cookie\\Middleware\\AddQueuedCookiesToResponse->handle(Object(Illuminate\\Http\\Request), Object(Closure))
#47 E:\\Projetos Desenvolvimento\\ProjetosPhpStorm\\ProjetosLaravel\
ightlife\\vendor\\laravel\\framework\\src\\Illuminate\\Routing\\Pipeline.php(53): Illuminate\\Pipeline\\Pipeline->Illuminate\\Pipeline\\{closure}(Object(Illuminate\\Http\\Request))
#48 E:\\Projetos Desenvolvimento\\ProjetosPhpStorm\\ProjetosLaravel\
ightlife\\vendor\\laravel\\framework\\src\\Illuminate\\Cookie\\Middleware\\EncryptCookies.php(66): Illuminate\\Routing\\Pipeline->Illuminate\\Routing\\{closure}(Object(Illuminate\\Http\\Request))
#49 E:\\Projetos Desenvolvimento\\ProjetosPhpStorm\\ProjetosLaravel\
ightlife\\vendor\\laravel\\framework\\src\\Illuminate\\Pipeline\\Pipeline.php(163): Illuminate\\Cookie\\Middleware\\EncryptCookies->handle(Object(Illuminate\\Http\\Request), Object(Closure))
#50 E:\\Projetos Desenvolvimento\\ProjetosPhpStorm\\ProjetosLaravel\
ightlife\\vendor\\laravel\\framework\\src\\Illuminate\\Routing\\Pipeline.php(53): Illuminate\\Pipeline\\Pipeline->Illuminate\\Pipeline\\{closure}(Object(Illuminate\\Http\\Request))
#51 E:\\Projetos Desenvolvimento\\ProjetosPhpStorm\\ProjetosLaravel\
ightlife\\vendor\\laravel\\framework\\src\\Illuminate\\Pipeline\\Pipeline.php(104): Illuminate\\Routing\\Pipeline->Illuminate\\Routing\\{closure}(Object(Illuminate\\Http\\Request))
#52 E:\\Projetos Desenvolvimento\\ProjetosPhpStorm\\ProjetosLaravel\
ightlife\\vendor\\laravel\\framework\\src\\Illuminate\\Routing\\Router.php(682): Illuminate\\Pipeline\\Pipeline->then(Object(Closure))
#53 E:\\Projetos Desenvolvimento\\ProjetosPhpStorm\\ProjetosLaravel\
ightlife\\vendor\\laravel\\framework\\src\\Illuminate\\Routing\\Router.php(657): Illuminate\\Routing\\Router->runRouteWithinStack(Object(Illuminate\\Routing\\Route), Object(Illuminate\\Http\\Request))
#54 E:\\Projetos Desenvolvimento\\ProjetosPhpStorm\\ProjetosLaravel\
ightlife\\vendor\\laravel\\framework\\src\\Illuminate\\Routing\\Router.php(623): Illuminate\\Routing\\Router->runRoute(Object(Illuminate\\Http\\Request), Object(Illuminate\\Routing\\Route))
#55 E:\\Projetos Desenvolvimento\\ProjetosPhpStorm\\ProjetosLaravel\
ightlife\\vendor\\laravel\\framework\\src\\Illuminate\\Routing\\Router.php(612): Illuminate\\Routing\\Router->dispatchToRoute(Object(Illuminate\\Http\\Request))
#56 E:\\Projetos Desenvolvimento\\ProjetosPhpStorm\\ProjetosLaravel\
ightlife\\vendor\\laravel\\framework\\src\\Illuminate\\Foundation\\Http\\Kernel.php(176): Illuminate\\Routing\\Router->dispatch(Object(Illuminate\\Http\\Request))
#57 E:\\Projetos Desenvolvimento\\ProjetosPhpStorm\\ProjetosLaravel\
ightlife\\vendor\\laravel\\framework\\src\\Illuminate\\Routing\\Pipeline.php(30): Illuminate\\Foundation\\Http\\Kernel->Illuminate\\Foundation\\Http\\{closure}(Object(Illuminate\\Http\\Request))
#58 E:\\Projetos Desenvolvimento\\ProjetosPhpStorm\\ProjetosLaravel\
ightlife\\vendor\\fideloper\\proxy\\src\\TrustProxies.php(57): Illuminate\\Routing\\Pipeline->Illuminate\\Routing\\{closure}(Object(Illuminate\\Http\\Request))
#59 E:\\Projetos Desenvolvimento\\ProjetosPhpStorm\\ProjetosLaravel\
ightlife\\vendor\\laravel\\framework\\src\\Illuminate\\Pipeline\\Pipeline.php(163): Fideloper\\Proxy\\TrustProxies->handle(Object(Illuminate\\Http\\Request), Object(Closure))
#60 E:\\Projetos Desenvolvimento\\ProjetosPhpStorm\\ProjetosLaravel\
ightlife\\vendor\\laravel\\framework\\src\\Illuminate\\Routing\\Pipeline.php(53): Illuminate\\Pipeline\\Pipeline->Illuminate\\Pipeline\\{closure}(Object(Illuminate\\Http\\Request))
#61 E:\\Projetos Desenvolvimento\\ProjetosPhpStorm\\ProjetosLaravel\
ightlife\\vendor\\laravel\\framework\\src\\Illuminate\\Foundation\\Http\\Middleware\\TransformsRequest.php(21): Illuminate\\Routing\\Pipeline->Illuminate\\Routing\\{closure}(Object(Illuminate\\Http\\Request))
#62 E:\\Projetos Desenvolvimento\\ProjetosPhpStorm\\ProjetosLaravel\
ightlife\\vendor\\laravel\\framework\\src\\Illuminate\\Pipeline\\Pipeline.php(163): Illuminate\\Foundation\\Http\\Middleware\\TransformsRequest->handle(Object(Illuminate\\Http\\Request), Object(Closure))
#63 E:\\Projetos Desenvolvimento\\ProjetosPhpStorm\\ProjetosLaravel\
ightlife\\vendor\\laravel\\framework\\src\\Illuminate\\Routing\\Pipeline.php(53): Illuminate\\Pipeline\\Pipeline->Illuminate\\Pipeline\\{closure}(Object(Illuminate\\Http\\Request))
#64 E:\\Projetos Desenvolvimento\\ProjetosPhpStorm\\ProjetosLaravel\
ightlife\\vendor\\laravel\\framework\\src\\Illuminate\\Foundation\\Http\\Middleware\\TransformsRequest.php(21): Illuminate\\Routing\\Pipeline->Illuminate\\Routing\\{closure}(Object(Illuminate\\Http\\Request))
#65 E:\\Projetos Desenvolvimento\\ProjetosPhpStorm\\ProjetosLaravel\
ightlife\\vendor\\laravel\\framework\\src\\Illuminate\\Pipeline\\Pipeline.php(163): Illuminate\\Foundation\\Http\\Middleware\\TransformsRequest->handle(Object(Illuminate\\Http\\Request), Object(Closure))
#66 E:\\Projetos Desenvolvimento\\ProjetosPhpStorm\\ProjetosLaravel\
ightlife\\vendor\\laravel\\framework\\src\\Illuminate\\Routing\\Pipeline.php(53): Illuminate\\Pipeline\\Pipeline->Illuminate\\Pipeline\\{closure}(Object(Illuminate\\Http\\Request))
#67 E:\\Projetos Desenvolvimento\\ProjetosPhpStorm\\ProjetosLaravel\
ightlife\\vendor\\laravel\\framework\\src\\Illuminate\\Foundation\\Http\\Middleware\\ValidatePostSize.php(27): Illuminate\\Routing\\Pipeline->Illuminate\\Routing\\{closure}(Object(Illuminate\\Http\\Request))
#68 E:\\Projetos Desenvolvimento\\ProjetosPhpStorm\\ProjetosLaravel\
ightlife\\vendor\\laravel\\framework\\src\\Illuminate\\Pipeline\\Pipeline.php(163): Illuminate\\Foundation\\Http\\Middleware\\ValidatePostSize->handle(Object(Illuminate\\Http\\Request), Object(Closure))
#69 E:\\Projetos Desenvolvimento\\ProjetosPhpStorm\\ProjetosLaravel\
ightlife\\vendor\\laravel\\framework\\src\\Illuminate\\Routing\\Pipeline.php(53): Illuminate\\Pipeline\\Pipeline->Illuminate\\Pipeline\\{closure}(Object(Illuminate\\Http\\Request))
#70 E:\\Projetos Desenvolvimento\\ProjetosPhpStorm\\ProjetosLaravel\
ightlife\\vendor\\laravel\\framework\\src\\Illuminate\\Foundation\\Http\\Middleware\\CheckForMaintenanceMode.php(62): Illuminate\\Routing\\Pipeline->Illuminate\\Routing\\{closure}(Object(Illuminate\\Http\\Request))
#71 E:\\Projetos Desenvolvimento\\ProjetosPhpStorm\\ProjetosLaravel\
ightlife\\vendor\\laravel\\framework\\src\\Illuminate\\Pipeline\\Pipeline.php(163): Illuminate\\Foundation\\Http\\Middleware\\CheckForMaintenanceMode->handle(Object(Illuminate\\Http\\Request), Object(Closure))
#72 E:\\Projetos Desenvolvimento\\ProjetosPhpStorm\\ProjetosLaravel\
ightlife\\vendor\\laravel\\framework\\src\\Illuminate\\Routing\\Pipeline.php(53): Illuminate\\Pipeline\\Pipeline->Illuminate\\Pipeline\\{closure}(Object(Illuminate\\Http\\Request))
#73 E:\\Projetos Desenvolvimento\\ProjetosPhpStorm\\ProjetosLaravel\
ightlife\\vendor\\laravel\\framework\\src\\Illuminate\\Pipeline\\Pipeline.php(104): Illuminate\\Routing\\Pipeline->Illuminate\\Routing\\{closure}(Object(Illuminate\\Http\\Request))
#74 E:\\Projetos Desenvolvimento\\ProjetosPhpStorm\\ProjetosLaravel\
ightlife\\vendor\\laravel\\framework\\src\\Illuminate\\Foundation\\Http\\Kernel.php(151): Illuminate\\Pipeline\\Pipeline->then(Object(Closure))
#75 E:\\Projetos Desenvolvimento\\ProjetosPhpStorm\\ProjetosLaravel\
ightlife\\vendor\\laravel\\framework\\src\\Illuminate\\Foundation\\Http\\Kernel.php(116): Illuminate\\Foundation\\Http\\Kernel->sendRequestThroughRouter(Object(Illuminate\\Http\\Request))
#76 E:\\Projetos Desenvolvimento\\ProjetosPhpStorm\\ProjetosLaravel\
ightlife\\public\\index.php(55): Illuminate\\Foundation\\Http\\Kernel->handle(Object(Illuminate\\Http\\Request))
#77 {main}
"} 
[2020-02-27 01:18:11] local.ERROR: SQLSTATE[42S22]: Column not found: 1054 Unknown column 'user' in 'where clause' (SQL: select count(*) as aggregate from `establishment` where `user` = 3) {"userId":1,"exception":"[object] (Illuminate\\Database\\QueryException(code: 42S22): SQLSTATE[42S22]: Column not found: 1054 Unknown column 'user' in 'where clause' (SQL: select count(*) as aggregate from `establishment` where `user` = 3) at E:\\Projetos Desenvolvimento\\ProjetosPhpStorm\\ProjetosLaravel\
ightlife\\vendor\\laravel\\framework\\src\\Illuminate\\Database\\Connection.php:664, PDOException(code: 42S22): SQLSTATE[42S22]: Column not found: 1054 Unknown column 'user' in 'where clause' at E:\\Projetos Desenvolvimento\\ProjetosPhpStorm\\ProjetosLaravel\
ightlife\\vendor\\laravel\\framework\\src\\Illuminate\\Database\\Connection.php:326)
[stacktrace]
#0 E:\\Projetos Desenvolvimento\\ProjetosPhpStorm\\ProjetosLaravel\
ightlife\\vendor\\laravel\\framework\\src\\Illuminate\\Database\\Connection.php(624): Illuminate\\Database\\Connection->runQueryCallback('select count(*)...', Array, Object(Closure))
#1 E:\\Projetos Desenvolvimento\\ProjetosPhpStorm\\ProjetosLaravel\
ightlife\\vendor\\laravel\\framework\\src\\Illuminate\\Database\\Connection.php(333): Illuminate\\Database\\Connection->run('select count(*)...', Array, Object(Closure))
#2 E:\\Projetos Desenvolvimento\\ProjetosPhpStorm\\ProjetosLaravel\
ightlife\\vendor\\laravel\\framework\\src\\Illuminate\\Database\\Query\\Builder.php(2130): Illuminate\\Database\\Connection->select('select count(*)...', Array, false)
#3 E:\\Projetos Desenvolvimento\\ProjetosPhpStorm\\ProjetosLaravel\
ightlife\\vendor\\laravel\\framework\\src\\Illuminate\\Database\\Query\\Builder.php(2118): Illuminate\\Database\\Query\\Builder->runSelect()
#4 E:\\Projetos Desenvolvimento\\ProjetosPhpStorm\\ProjetosLaravel\
ightlife\\vendor\\laravel\\framework\\src\\Illuminate\\Database\\Query\\Builder.php(2604): Illuminate\\Database\\Query\\Builder->Illuminate\\Database\\Query\\{closure}()
#5 E:\\Projetos Desenvolvimento\\ProjetosPhpStorm\\ProjetosLaravel\
ightlife\\vendor\\laravel\\framework\\src\\Illuminate\\Database\\Query\\Builder.php(2119): Illuminate\\Database\\Query\\Builder->onceWithColumns(Array, Object(Closure))
#6 E:\\Projetos Desenvolvimento\\ProjetosPhpStorm\\ProjetosLaravel\
ightlife\\vendor\\laravel\\framework\\src\\Illuminate\\Database\\Query\\Builder.php(2531): Illuminate\\Database\\Query\\Builder->get(Array)
#7 E:\\Projetos Desenvolvimento\\ProjetosPhpStorm\\ProjetosLaravel\
ightlife\\vendor\\laravel\\framework\\src\\Illuminate\\Database\\Query\\Builder.php(2459): Illuminate\\Database\\Query\\Builder->aggregate('count', Array)
#8 E:\\Projetos Desenvolvimento\\ProjetosPhpStorm\\ProjetosLaravel\
ightlife\\vendor\\laravel\\framework\\src\\Illuminate\\Validation\\DatabasePresenceVerifier.php(55): Illuminate\\Database\\Query\\Builder->count()
#9 E:\\Projetos Desenvolvimento\\ProjetosPhpStorm\\ProjetosLaravel\
ightlife\\vendor\\laravel\\framework\\src\\Illuminate\\Validation\\Concerns\\ValidatesAttributes.php(755): Illuminate\\Validation\\DatabasePresenceVerifier->getCount('establishment', 'user', '3', NULL, NULL, Array)
#10 E:\\Projetos Desenvolvimento\\ProjetosPhpStorm\\ProjetosLaravel\
ightlife\\vendor\\laravel\\framework\\src\\Illuminate\\Validation\\Validator.php(398): Illuminate\\Validation\\Validator->validateUnique('user', '3', Array, Object(Illuminate\\Validation\\Validator))
#11 E:\\Projetos Desenvolvimento\\ProjetosPhpStorm\\ProjetosLaravel\
ightlife\\vendor\\laravel\\framework\\src\\Illuminate\\Validation\\Validator.php(277): Illuminate\\Validation\\Validator->validateAttribute('user', 'Unique')
#12 E:\\Projetos Desenvolvimento\\ProjetosPhpStorm\\ProjetosLaravel\
ightlife\\vendor\\laravel\\framework\\src\\Illuminate\\Validation\\Validator.php(302): Illuminate\\Validation\\Validator->passes()
#13 E:\\Projetos Desenvolvimento\\ProjetosPhpStorm\\ProjetosLaravel\
ightlife\\vendor\\laravel\\framework\\src\\Illuminate\\Validation\\ValidatesWhenResolvedTrait.php(25): Illuminate\\Validation\\Validator->fails()
#14 E:\\Projetos Desenvolvimento\\ProjetosPhpStorm\\ProjetosLaravel\
ightlife\\app\\Http\\Request\\FormRequest.php(20): Illuminate\\Foundation\\Http\\FormRequest->validateResolved()
#15 E:\\Projetos Desenvolvimento\\ProjetosPhpStorm\\ProjetosLaravel\
ightlife\\vendor\\laravel\\framework\\src\\Illuminate\\Foundation\\Providers\\FormRequestServiceProvider.php(30): App\\Http\\Requests\\FormRequest->validateResolved()
#16 E:\\Projetos Desenvolvimento\\ProjetosPhpStorm\\ProjetosLaravel\
ightlife\\vendor\\laravel\\framework\\src\\Illuminate\\Container\\Container.php(1084): Illuminate\\Foundation\\Providers\\FormRequestServiceProvider->Illuminate\\Foundation\\Providers\\{closure}(Object(App\\Http\\Requests\\CreateOrUpdateEstablishment), Object(Illuminate\\Foundation\\Application))
#17 E:\\Projetos Desenvolvimento\\ProjetosPhpStorm\\ProjetosLaravel\
ightlife\\vendor\\laravel\\framework\\src\\Illuminate\\Container\\Container.php(1048): Illuminate\\Container\\Container->fireCallbackArray(Object(App\\Http\\Requests\\CreateOrUpdateEstablishment), Array)
#18 E:\\Projetos Desenvolvimento\\ProjetosPhpStorm\\ProjetosLaravel\
ightlife\\vendor\\laravel\\framework\\src\\Illuminate\\Container\\Container.php(1033): Illuminate\\Container\\Container->fireAfterResolvingCallbacks('App\\\\Http\\\\Reques...', Object(App\\Http\\Requests\\CreateOrUpdateEstablishment))
#19 E:\\Projetos Desenvolvimento\\ProjetosPhpStorm\\ProjetosLaravel\
ightlife\\vendor\\laravel\\framework\\src\\Illuminate\\Container\\Container.php(687): Illuminate\\Container\\Container->fireResolvingCallbacks('App\\\\Http\\\\Reques...', Object(App\\Http\\Requests\\CreateOrUpdateEstablishment))
#20 E:\\Projetos Desenvolvimento\\ProjetosPhpStorm\\ProjetosLaravel\
ightlife\\vendor\\laravel\\framework\\src\\Illuminate\\Container\\Container.php(615): Illuminate\\Container\\Container->resolve('App\\\\Http\\\\Reques...', Array)
#21 E:\\Projetos Desenvolvimento\\ProjetosPhpStorm\\ProjetosLaravel\
ightlife\\vendor\\laravel\\framework\\src\\Illuminate\\Foundation\\Application.php(767): Illuminate\\Container\\Container->make('App\\\\Http\\\\Reques...', Array)
#22 E:\\Projetos Desenvolvimento\\ProjetosPhpStorm\\ProjetosLaravel\
ightlife\\vendor\\laravel\\framework\\src\\Illuminate\\Routing\\RouteDependencyResolverTrait.php(79): Illuminate\\Foundation\\Application->make('App\\\\Http\\\\Reques...')
#23 E:\\Projetos Desenvolvimento\\ProjetosPhpStorm\\ProjetosLaravel\
ightlife\\vendor\\laravel\\framework\\src\\Illuminate\\Routing\\RouteDependencyResolverTrait.php(46): Illuminate\\Routing\\ControllerDispatcher->transformDependency(Object(ReflectionParameter), Array)
#24 E:\\Projetos Desenvolvimento\\ProjetosPhpStorm\\ProjetosLaravel\
ightlife\\vendor\\laravel\\framework\\src\\Illuminate\\Routing\\RouteDependencyResolverTrait.php(27): Illuminate\\Routing\\ControllerDispatcher->resolveMethodDependencies(Array, Object(ReflectionMethod))
#25 E:\\Projetos Desenvolvimento\\ProjetosPhpStorm\\ProjetosLaravel\
ightlife\\vendor\\laravel\\framework\\src\\Illuminate\\Routing\\ControllerDispatcher.php(41): Illuminate\\Routing\\ControllerDispatcher->resolveClassMethodDependencies(Array, Object(App\\Http\\Controllers\\Admin\\EstablishmentController), 'store')
#26 E:\\Projetos Desenvolvimento\\ProjetosPhpStorm\\ProjetosLaravel\
ightlife\\vendor\\laravel\\framework\\src\\Illuminate\\Routing\\Route.php(219): Illuminate\\Routing\\ControllerDispatcher->dispatch(Object(Illuminate\\Routing\\Route), Object(App\\Http\\Controllers\\Admin\\EstablishmentController), 'store')
#27 E:\\Projetos Desenvolvimento\\ProjetosPhpStorm\\ProjetosLaravel\
ightlife\\vendor\\laravel\\framework\\src\\Illuminate\\Routing\\Route.php(176): Illuminate\\Routing\\Route->runController()
#28 E:\\Projetos Desenvolvimento\\ProjetosPhpStorm\\ProjetosLaravel\
ightlife\\vendor\\laravel\\framework\\src\\Illuminate\\Routing\\Router.php(680): Illuminate\\Routing\\Route->run()
#29 E:\\Projetos Desenvolvimento\\ProjetosPhpStorm\\ProjetosLaravel\
ightlife\\vendor\\laravel\\framework\\src\\Illuminate\\Routing\\Pipeline.php(30): Illuminate\\Routing\\Router->Illuminate\\Routing\\{closure}(Object(Illuminate\\Http\\Request))
#30 E:\\Projetos Desenvolvimento\\ProjetosPhpStorm\\ProjetosLaravel\
ightlife\\vendor\\laravel\\framework\\src\\Illuminate\\Routing\\Middleware\\SubstituteBindings.php(41): Illuminate\\Routing\\Pipeline->Illuminate\\Routing\\{closure}(Object(Illuminate\\Http\\Request))
#31 E:\\Projetos Desenvolvimento\\ProjetosPhpStorm\\ProjetosLaravel\
ightlife\\vendor\\laravel\\framework\\src\\Illuminate\\Pipeline\\Pipeline.php(163): Illuminate\\Routing\\Middleware\\SubstituteBindings->handle(Object(Illuminate\\Http\\Request), Object(Closure))
#32 E:\\Projetos Desenvolvimento\\ProjetosPhpStorm\\ProjetosLaravel\
ightlife\\vendor\\laravel\\framework\\src\\Illuminate\\Routing\\Pipeline.php(53): Illuminate\\Pipeline\\Pipeline->Illuminate\\Pipeline\\{closure}(Object(Illuminate\\Http\\Request))
#33 E:\\Projetos Desenvolvimento\\ProjetosPhpStorm\\ProjetosLaravel\
ightlife\\vendor\\laravel\\framework\\src\\Illuminate\\Auth\\Middleware\\Authenticate.php(43): Illuminate\\Routing\\Pipeline->Illuminate\\Routing\\{closure}(Object(Illuminate\\Http\\Request))
#34 E:\\Projetos Desenvolvimento\\ProjetosPhpStorm\\ProjetosLaravel\
ightlife\\vendor\\laravel\\framework\\src\\Illuminate\\Pipeline\\Pipeline.php(163): Illuminate\\Auth\\Middleware\\Authenticate->handle(Object(Illuminate\\Http\\Request), Object(Closure))
#35 E:\\Projetos Desenvolvimento\\ProjetosPhpStorm\\ProjetosLaravel\
ightlife\\vendor\\laravel\\framework\\src\\Illuminate\\Routing\\Pipeline.php(53): Illuminate\\Pipeline\\Pipeline->Illuminate\\Pipeline\\{closure}(Object(Illuminate\\Http\\Request))
#36 E:\\Projetos Desenvolvimento\\ProjetosPhpStorm\\ProjetosLaravel\
ightlife\\vendor\\laravel\\framework\\src\\Illuminate\\Foundation\\Http\\Middleware\\VerifyCsrfToken.php(75): Illuminate\\Routing\\Pipeline->Illuminate\\Routing\\{closure}(Object(Illuminate\\Http\\Request))
#37 E:\\Projetos Desenvolvimento\\ProjetosPhpStorm\\ProjetosLaravel\
ightlife\\vendor\\laravel\\framework\\src\\Illuminate\\Pipeline\\Pipeline.php(163): Illuminate\\Foundation\\Http\\Middleware\\VerifyCsrfToken->handle(Object(Illuminate\\Http\\Request), Object(Closure))
#38 E:\\Projetos Desenvolvimento\\ProjetosPhpStorm\\ProjetosLaravel\
ightlife\\vendor\\laravel\\framework\\src\\Illuminate\\Routing\\Pipeline.php(53): Illuminate\\Pipeline\\Pipeline->Illuminate\\Pipeline\\{closure}(Object(Illuminate\\Http\\Request))
#39 E:\\Projetos Desenvolvimento\\ProjetosPhpStorm\\ProjetosLaravel\
ightlife\\vendor\\laravel\\framework\\src\\Illuminate\\View\\Middleware\\ShareErrorsFromSession.php(49): Illuminate\\Routing\\Pipeline->Illuminate\\Routing\\{closure}(Object(Illuminate\\Http\\Request))
#40 E:\\Projetos Desenvolvimento\\ProjetosPhpStorm\\ProjetosLaravel\
ightlife\\vendor\\laravel\\framework\\src\\Illuminate\\Pipeline\\Pipeline.php(163): Illuminate\\View\\Middleware\\ShareErrorsFromSession->handle(Object(Illuminate\\Http\\Request), Object(Closure))
#41 E:\\Projetos Desenvolvimento\\ProjetosPhpStorm\\ProjetosLaravel\
ightlife\\vendor\\laravel\\framework\\src\\Illuminate\\Routing\\Pipeline.php(53): Illuminate\\Pipeline\\Pipeline->Illuminate\\Pipeline\\{closure}(Object(Illuminate\\Http\\Request))
#42 E:\\Projetos Desenvolvimento\\ProjetosPhpStorm\\ProjetosLaravel\
ightlife\\vendor\\laravel\\framework\\src\\Illuminate\\Session\\Middleware\\StartSession.php(56): Illuminate\\Routing\\Pipeline->Illuminate\\Routing\\{closure}(Object(Illuminate\\Http\\Request))
#43 E:\\Projetos Desenvolvimento\\ProjetosPhpStorm\\ProjetosLaravel\
ightlife\\vendor\\laravel\\framework\\src\\Illuminate\\Pipeline\\Pipeline.php(163): Illuminate\\Session\\Middleware\\StartSession->handle(Object(Illuminate\\Http\\Request), Object(Closure))
#44 E:\\Projetos Desenvolvimento\\ProjetosPhpStorm\\ProjetosLaravel\
ightlife\\vendor\\laravel\\framework\\src\\Illuminate\\Routing\\Pipeline.php(53): Illuminate\\Pipeline\\Pipeline->Illuminate\\Pipeline\\{closure}(Object(Illuminate\\Http\\Request))
#45 E:\\Projetos Desenvolvimento\\ProjetosPhpStorm\\ProjetosLaravel\
ightlife\\vendor\\laravel\\framework\\src\\Illuminate\\Cookie\\Middleware\\AddQueuedCookiesToResponse.php(37): Illuminate\\Routing\\Pipeline->Illuminate\\Routing\\{closure}(Object(Illuminate\\Http\\Request))
#46 E:\\Projetos Desenvolvimento\\ProjetosPhpStorm\\ProjetosLaravel\
ightlife\\vendor\\laravel\\framework\\src\\Illuminate\\Pipeline\\Pipeline.php(163): Illuminate\\Cookie\\Middleware\\AddQueuedCookiesToResponse->handle(Object(Illuminate\\Http\\Request), Object(Closure))
#47 E:\\Projetos Desenvolvimento\\ProjetosPhpStorm\\ProjetosLaravel\
ightlife\\vendor\\laravel\\framework\\src\\Illuminate\\Routing\\Pipeline.php(53): Illuminate\\Pipeline\\Pipeline->Illuminate\\Pipeline\\{closure}(Object(Illuminate\\Http\\Request))
#48 E:\\Projetos Desenvolvimento\\ProjetosPhpStorm\\ProjetosLaravel\
ightlife\\vendor\\laravel\\framework\\src\\Illuminate\\Cookie\\Middleware\\EncryptCookies.php(66): Illuminate\\Routing\\Pipeline->Illuminate\\Routing\\{closure}(Object(Illuminate\\Http\\Request))
#49 E:\\Projetos Desenvolvimento\\ProjetosPhpStorm\\ProjetosLaravel\
ightlife\\vendor\\laravel\\framework\\src\\Illuminate\\Pipeline\\Pipeline.php(163): Illuminate\\Cookie\\Middleware\\EncryptCookies->handle(Object(Illuminate\\Http\\Request), Object(Closure))
#50 E:\\Projetos Desenvolvimento\\ProjetosPhpStorm\\ProjetosLaravel\
ightlife\\vendor\\laravel\\framework\\src\\Illuminate\\Routing\\Pipeline.php(53): Illuminate\\Pipeline\\Pipeline->Illuminate\\Pipeline\\{closure}(Object(Illuminate\\Http\\Request))
#51 E:\\Projetos Desenvolvimento\\ProjetosPhpStorm\\ProjetosLaravel\
ightlife\\vendor\\laravel\\framework\\src\\Illuminate\\Pipeline\\Pipeline.php(104): Illuminate\\Routing\\Pipeline->Illuminate\\Routing\\{closure}(Object(Illuminate\\Http\\Request))
#52 E:\\Projetos Desenvolvimento\\ProjetosPhpStorm\\ProjetosLaravel\
ightlife\\vendor\\laravel\\framework\\src\\Illuminate\\Routing\\Router.php(682): Illuminate\\Pipeline\\Pipeline->then(Object(Closure))
#53 E:\\Projetos Desenvolvimento\\ProjetosPhpStorm\\ProjetosLaravel\
ightlife\\vendor\\laravel\\framework\\src\\Illuminate\\Routing\\Router.php(657): Illuminate\\Routing\\Router->runRouteWithinStack(Object(Illuminate\\Routing\\Route), Object(Illuminate\\Http\\Request))
#54 E:\\Projetos Desenvolvimento\\ProjetosPhpStorm\\ProjetosLaravel\
ightlife\\vendor\\laravel\\framework\\src\\Illuminate\\Routing\\Router.php(623): Illuminate\\Routing\\Router->runRoute(Object(Illuminate\\Http\\Request), Object(Illuminate\\Routing\\Route))
#55 E:\\Projetos Desenvolvimento\\ProjetosPhpStorm\\ProjetosLaravel\
ightlife\\vendor\\laravel\\framework\\src\\Illuminate\\Routing\\Router.php(612): Illuminate\\Routing\\Router->dispatchToRoute(Object(Illuminate\\Http\\Request))
#56 E:\\Projetos Desenvolvimento\\ProjetosPhpStorm\\ProjetosLaravel\
ightlife\\vendor\\laravel\\framework\\src\\Illuminate\\Foundation\\Http\\Kernel.php(176): Illuminate\\Routing\\Router->dispatch(Object(Illuminate\\Http\\Request))
#57 E:\\Projetos Desenvolvimento\\ProjetosPhpStorm\\ProjetosLaravel\
ightlife\\vendor\\laravel\\framework\\src\\Illuminate\\Routing\\Pipeline.php(30): Illuminate\\Foundation\\Http\\Kernel->Illuminate\\Foundation\\Http\\{closure}(Object(Illuminate\\Http\\Request))
#58 E:\\Projetos Desenvolvimento\\ProjetosPhpStorm\\ProjetosLaravel\
ightlife\\vendor\\fideloper\\proxy\\src\\TrustProxies.php(57): Illuminate\\Routing\\Pipeline->Illuminate\\Routing\\{closure}(Object(Illuminate\\Http\\Request))
#59 E:\\Projetos Desenvolvimento\\ProjetosPhpStorm\\ProjetosLaravel\
ightlife\\vendor\\laravel\\framework\\src\\Illuminate\\Pipeline\\Pipeline.php(163): Fideloper\\Proxy\\TrustProxies->handle(Object(Illuminate\\Http\\Request), Object(Closure))
#60 E:\\Projetos Desenvolvimento\\ProjetosPhpStorm\\ProjetosLaravel\
ightlife\\vendor\\laravel\\framework\\src\\Illuminate\\Routing\\Pipeline.php(53): Illuminate\\Pipeline\\Pipeline->Illuminate\\Pipeline\\{closure}(Object(Illuminate\\Http\\Request))
#61 E:\\Projetos Desenvolvimento\\ProjetosPhpStorm\\ProjetosLaravel\
ightlife\\vendor\\laravel\\framework\\src\\Illuminate\\Foundation\\Http\\Middleware\\TransformsRequest.php(21): Illuminate\\Routing\\Pipeline->Illuminate\\Routing\\{closure}(Object(Illuminate\\Http\\Request))
#62 E:\\Projetos Desenvolvimento\\ProjetosPhpStorm\\ProjetosLaravel\
ightlife\\vendor\\laravel\\framework\\src\\Illuminate\\Pipeline\\Pipeline.php(163): Illuminate\\Foundation\\Http\\Middleware\\TransformsRequest->handle(Object(Illuminate\\Http\\Request), Object(Closure))
#63 E:\\Projetos Desenvolvimento\\ProjetosPhpStorm\\ProjetosLaravel\
ightlife\\vendor\\laravel\\framework\\src\\Illuminate\\Routing\\Pipeline.php(53): Illuminate\\Pipeline\\Pipeline->Illuminate\\Pipeline\\{closure}(Object(Illuminate\\Http\\Request))
#64 E:\\Projetos Desenvolvimento\\ProjetosPhpStorm\\ProjetosLaravel\
ightlife\\vendor\\laravel\\framework\\src\\Illuminate\\Foundation\\Http\\Middleware\\TransformsRequest.php(21): Illuminate\\Routing\\Pipeline->Illuminate\\Routing\\{closure}(Object(Illuminate\\Http\\Request))
#65 E:\\Projetos Desenvolvimento\\ProjetosPhpStorm\\ProjetosLaravel\
ightlife\\vendor\\laravel\\framework\\src\\Illuminate\\Pipeline\\Pipeline.php(163): Illuminate\\Foundation\\Http\\Middleware\\TransformsRequest->handle(Object(Illuminate\\Http\\Request), Object(Closure))
#66 E:\\Projetos Desenvolvimento\\ProjetosPhpStorm\\ProjetosLaravel\
ightlife\\vendor\\laravel\\framework\\src\\Illuminate\\Routing\\Pipeline.php(53): Illuminate\\Pipeline\\Pipeline->Illuminate\\Pipeline\\{closure}(Object(Illuminate\\Http\\Request))
#67 E:\\Projetos Desenvolvimento\\ProjetosPhpStorm\\ProjetosLaravel\
ightlife\\vendor\\laravel\\framework\\src\\Illuminate\\Foundation\\Http\\Middleware\\ValidatePostSize.php(27): Illuminate\\Routing\\Pipeline->Illuminate\\Routing\\{closure}(Object(Illuminate\\Http\\Request))
#68 E:\\Projetos Desenvolvimento\\ProjetosPhpStorm\\ProjetosLaravel\
ightlife\\vendor\\laravel\\framework\\src\\Illuminate\\Pipeline\\Pipeline.php(163): Illuminate\\Foundation\\Http\\Middleware\\ValidatePostSize->handle(Object(Illuminate\\Http\\Request), Object(Closure))
#69 E:\\Projetos Desenvolvimento\\ProjetosPhpStorm\\ProjetosLaravel\
ightlife\\vendor\\laravel\\framework\\src\\Illuminate\\Routing\\Pipeline.php(53): Illuminate\\Pipeline\\Pipeline->Illuminate\\Pipeline\\{closure}(Object(Illuminate\\Http\\Request))
#70 E:\\Projetos Desenvolvimento\\ProjetosPhpStorm\\ProjetosLaravel\
ightlife\\vendor\\laravel\\framework\\src\\Illuminate\\Foundation\\Http\\Middleware\\CheckForMaintenanceMode.php(62): Illuminate\\Routing\\Pipeline->Illuminate\\Routing\\{closure}(Object(Illuminate\\Http\\Request))
#71 E:\\Projetos Desenvolvimento\\ProjetosPhpStorm\\ProjetosLaravel\
ightlife\\vendor\\laravel\\framework\\src\\Illuminate\\Pipeline\\Pipeline.php(163): Illuminate\\Foundation\\Http\\Middleware\\CheckForMaintenanceMode->handle(Object(Illuminate\\Http\\Request), Object(Closure))
#72 E:\\Projetos Desenvolvimento\\ProjetosPhpStorm\\ProjetosLaravel\
ightlife\\vendor\\laravel\\framework\\src\\Illuminate\\Routing\\Pipeline.php(53): Illuminate\\Pipeline\\Pipeline->Illuminate\\Pipeline\\{closure}(Object(Illuminate\\Http\\Request))
#73 E:\\Projetos Desenvolvimento\\ProjetosPhpStorm\\ProjetosLaravel\
ightlife\\vendor\\laravel\\framework\\src\\Illuminate\\Pipeline\\Pipeline.php(104): Illuminate\\Routing\\Pipeline->Illuminate\\Routing\\{closure}(Object(Illuminate\\Http\\Request))
#74 E:\\Projetos Desenvolvimento\\ProjetosPhpStorm\\ProjetosLaravel\
ightlife\\vendor\\laravel\\framework\\src\\Illuminate\\Foundation\\Http\\Kernel.php(151): Illuminate\\Pipeline\\Pipeline->then(Object(Closure))
#75 E:\\Projetos Desenvolvimento\\ProjetosPhpStorm\\ProjetosLaravel\
ightlife\\vendor\\laravel\\framework\\src\\Illuminate\\Foundation\\Http\\Kernel.php(116): Illuminate\\Foundation\\Http\\Kernel->sendRequestThroughRouter(Object(Illuminate\\Http\\Request))
#76 E:\\Projetos Desenvolvimento\\ProjetosPhpStorm\\ProjetosLaravel\
ightlife\\public\\index.php(55): Illuminate\\Foundation\\Http\\Kernel->handle(Object(Illuminate\\Http\\Request))
#77 {main}
"} 
[2020-02-27 01:18:24] local.ERROR: SQLSTATE[42S22]: Column not found: 1054 Unknown column 'stateRegistration' in 'where clause' (SQL: select count(*) as aggregate from `establishment` where `stateRegistration` = 5156156156165156165) {"userId":1,"exception":"[object] (Illuminate\\Database\\QueryException(code: 42S22): SQLSTATE[42S22]: Column not found: 1054 Unknown column 'stateRegistration' in 'where clause' (SQL: select count(*) as aggregate from `establishment` where `stateRegistration` = 5156156156165156165) at E:\\Projetos Desenvolvimento\\ProjetosPhpStorm\\ProjetosLaravel\
ightlife\\vendor\\laravel\\framework\\src\\Illuminate\\Database\\Connection.php:664, PDOException(code: 42S22): SQLSTATE[42S22]: Column not found: 1054 Unknown column 'stateRegistration' in 'where clause' at E:\\Projetos Desenvolvimento\\ProjetosPhpStorm\\ProjetosLaravel\
ightlife\\vendor\\laravel\\framework\\src\\Illuminate\\Database\\Connection.php:326)
[stacktrace]
#0 E:\\Projetos Desenvolvimento\\ProjetosPhpStorm\\ProjetosLaravel\
ightlife\\vendor\\laravel\\framework\\src\\Illuminate\\Database\\Connection.php(624): Illuminate\\Database\\Connection->runQueryCallback('select count(*)...', Array, Object(Closure))
#1 E:\\Projetos Desenvolvimento\\ProjetosPhpStorm\\ProjetosLaravel\
ightlife\\vendor\\laravel\\framework\\src\\Illuminate\\Database\\Connection.php(333): Illuminate\\Database\\Connection->run('select count(*)...', Array, Object(Closure))
#2 E:\\Projetos Desenvolvimento\\ProjetosPhpStorm\\ProjetosLaravel\
ightlife\\vendor\\laravel\\framework\\src\\Illuminate\\Database\\Query\\Builder.php(2130): Illuminate\\Database\\Connection->select('select count(*)...', Array, false)
#3 E:\\Projetos Desenvolvimento\\ProjetosPhpStorm\\ProjetosLaravel\
ightlife\\vendor\\laravel\\framework\\src\\Illuminate\\Database\\Query\\Builder.php(2118): Illuminate\\Database\\Query\\Builder->runSelect()
#4 E:\\Projetos Desenvolvimento\\ProjetosPhpStorm\\ProjetosLaravel\
ightlife\\vendor\\laravel\\framework\\src\\Illuminate\\Database\\Query\\Builder.php(2604): Illuminate\\Database\\Query\\Builder->Illuminate\\Database\\Query\\{closure}()
#5 E:\\Projetos Desenvolvimento\\ProjetosPhpStorm\\ProjetosLaravel\
ightlife\\vendor\\laravel\\framework\\src\\Illuminate\\Database\\Query\\Builder.php(2119): Illuminate\\Database\\Query\\Builder->onceWithColumns(Array, Object(Closure))
#6 E:\\Projetos Desenvolvimento\\ProjetosPhpStorm\\ProjetosLaravel\
ightlife\\vendor\\laravel\\framework\\src\\Illuminate\\Database\\Query\\Builder.php(2531): Illuminate\\Database\\Query\\Builder->get(Array)
#7 E:\\Projetos Desenvolvimento\\ProjetosPhpStorm\\ProjetosLaravel\
ightlife\\vendor\\laravel\\framework\\src\\Illuminate\\Database\\Query\\Builder.php(2459): Illuminate\\Database\\Query\\Builder->aggregate('count', Array)
#8 E:\\Projetos Desenvolvimento\\ProjetosPhpStorm\\ProjetosLaravel\
ightlife\\vendor\\laravel\\framework\\src\\Illuminate\\Validation\\DatabasePresenceVerifier.php(55): Illuminate\\Database\\Query\\Builder->count()
#9 E:\\Projetos Desenvolvimento\\ProjetosPhpStorm\\ProjetosLaravel\
ightlife\\vendor\\laravel\\framework\\src\\Illuminate\\Validation\\Concerns\\ValidatesAttributes.php(755): Illuminate\\Validation\\DatabasePresenceVerifier->getCount('establishment', 'stateRegistrati...', '515615615616515...', NULL, NULL, Array)
#10 E:\\Projetos Desenvolvimento\\ProjetosPhpStorm\\ProjetosLaravel\
ightlife\\vendor\\laravel\\framework\\src\\Illuminate\\Validation\\Validator.php(398): Illuminate\\Validation\\Validator->validateUnique('stateRegistrati...', '515615615616515...', Array, Object(Illuminate\\Validation\\Validator))
#11 E:\\Projetos Desenvolvimento\\ProjetosPhpStorm\\ProjetosLaravel\
ightlife\\vendor\\laravel\\framework\\src\\Illuminate\\Validation\\Validator.php(277): Illuminate\\Validation\\Validator->validateAttribute('stateRegistrati...', 'Unique')
#12 E:\\Projetos Desenvolvimento\\ProjetosPhpStorm\\ProjetosLaravel\
ightlife\\vendor\\laravel\\framework\\src\\Illuminate\\Validation\\Validator.php(302): Illuminate\\Validation\\Validator->passes()
#13 E:\\Projetos Desenvolvimento\\ProjetosPhpStorm\\ProjetosLaravel\
ightlife\\vendor\\laravel\\framework\\src\\Illuminate\\Validation\\ValidatesWhenResolvedTrait.php(25): Illuminate\\Validation\\Validator->fails()
#14 E:\\Projetos Desenvolvimento\\ProjetosPhpStorm\\ProjetosLaravel\
ightlife\\app\\Http\\Request\\FormRequest.php(20): Illuminate\\Foundation\\Http\\FormRequest->validateResolved()
#15 E:\\Projetos Desenvolvimento\\ProjetosPhpStorm\\ProjetosLaravel\
ightlife\\vendor\\laravel\\framework\\src\\Illuminate\\Foundation\\Providers\\FormRequestServiceProvider.php(30): App\\Http\\Requests\\FormRequest->validateResolved()
#16 E:\\Projetos Desenvolvimento\\ProjetosPhpStorm\\ProjetosLaravel\
ightlife\\vendor\\laravel\\framework\\src\\Illuminate\\Container\\Container.php(1084): Illuminate\\Foundation\\Providers\\FormRequestServiceProvider->Illuminate\\Foundation\\Providers\\{closure}(Object(App\\Http\\Requests\\CreateOrUpdateEstablishment), Object(Illuminate\\Foundation\\Application))
#17 E:\\Projetos Desenvolvimento\\ProjetosPhpStorm\\ProjetosLaravel\
ightlife\\vendor\\laravel\\framework\\src\\Illuminate\\Container\\Container.php(1048): Illuminate\\Container\\Container->fireCallbackArray(Object(App\\Http\\Requests\\CreateOrUpdateEstablishment), Array)
#18 E:\\Projetos Desenvolvimento\\ProjetosPhpStorm\\ProjetosLaravel\
ightlife\\vendor\\laravel\\framework\\src\\Illuminate\\Container\\Container.php(1033): Illuminate\\Container\\Container->fireAfterResolvingCallbacks('App\\\\Http\\\\Reques...', Object(App\\Http\\Requests\\CreateOrUpdateEstablishment))
#19 E:\\Projetos Desenvolvimento\\ProjetosPhpStorm\\ProjetosLaravel\
ightlife\\vendor\\laravel\\framework\\src\\Illuminate\\Container\\Container.php(687): Illuminate\\Container\\Container->fireResolvingCallbacks('App\\\\Http\\\\Reques...', Object(App\\Http\\Requests\\CreateOrUpdateEstablishment))
#20 E:\\Projetos Desenvolvimento\\ProjetosPhpStorm\\ProjetosLaravel\
ightlife\\vendor\\laravel\\framework\\src\\Illuminate\\Container\\Container.php(615): Illuminate\\Container\\Container->resolve('App\\\\Http\\\\Reques...', Array)
#21 E:\\Projetos Desenvolvimento\\ProjetosPhpStorm\\ProjetosLaravel\
ightlife\\vendor\\laravel\\framework\\src\\Illuminate\\Foundation\\Application.php(767): Illuminate\\Container\\Container->make('App\\\\Http\\\\Reques...', Array)
#22 E:\\Projetos Desenvolvimento\\ProjetosPhpStorm\\ProjetosLaravel\
ightlife\\vendor\\laravel\\framework\\src\\Illuminate\\Routing\\RouteDependencyResolverTrait.php(79): Illuminate\\Foundation\\Application->make('App\\\\Http\\\\Reques...')
#23 E:\\Projetos Desenvolvimento\\ProjetosPhpStorm\\ProjetosLaravel\
ightlife\\vendor\\laravel\\framework\\src\\Illuminate\\Routing\\RouteDependencyResolverTrait.php(46): Illuminate\\Routing\\ControllerDispatcher->transformDependency(Object(ReflectionParameter), Array)
#24 E:\\Projetos Desenvolvimento\\ProjetosPhpStorm\\ProjetosLaravel\
ightlife\\vendor\\laravel\\framework\\src\\Illuminate\\Routing\\RouteDependencyResolverTrait.php(27): Illuminate\\Routing\\ControllerDispatcher->resolveMethodDependencies(Array, Object(ReflectionMethod))
#25 E:\\Projetos Desenvolvimento\\ProjetosPhpStorm\\ProjetosLaravel\
ightlife\\vendor\\laravel\\framework\\src\\Illuminate\\Routing\\ControllerDispatcher.php(41): Illuminate\\Routing\\ControllerDispatcher->resolveClassMethodDependencies(Array, Object(App\\Http\\Controllers\\Admin\\EstablishmentController), 'store')
#26 E:\\Projetos Desenvolvimento\\ProjetosPhpStorm\\ProjetosLaravel\
ightlife\\vendor\\laravel\\framework\\src\\Illuminate\\Routing\\Route.php(219): Illuminate\\Routing\\ControllerDispatcher->dispatch(Object(Illuminate\\Routing\\Route), Object(App\\Http\\Controllers\\Admin\\EstablishmentController), 'store')
#27 E:\\Projetos Desenvolvimento\\ProjetosPhpStorm\\ProjetosLaravel\
ightlife\\vendor\\laravel\\framework\\src\\Illuminate\\Routing\\Route.php(176): Illuminate\\Routing\\Route->runController()
#28 E:\\Projetos Desenvolvimento\\ProjetosPhpStorm\\ProjetosLaravel\
ightlife\\vendor\\laravel\\framework\\src\\Illuminate\\Routing\\Router.php(680): Illuminate\\Routing\\Route->run()
#29 E:\\Projetos Desenvolvimento\\ProjetosPhpStorm\\ProjetosLaravel\
ightlife\\vendor\\laravel\\framework\\src\\Illuminate\\Routing\\Pipeline.php(30): Illuminate\\Routing\\Router->Illuminate\\Routing\\{closure}(Object(Illuminate\\Http\\Request))
#30 E:\\Projetos Desenvolvimento\\ProjetosPhpStorm\\ProjetosLaravel\
ightlife\\vendor\\laravel\\framework\\src\\Illuminate\\Routing\\Middleware\\SubstituteBindings.php(41): Illuminate\\Routing\\Pipeline->Illuminate\\Routing\\{closure}(Object(Illuminate\\Http\\Request))
#31 E:\\Projetos Desenvolvimento\\ProjetosPhpStorm\\ProjetosLaravel\
ightlife\\vendor\\laravel\\framework\\src\\Illuminate\\Pipeline\\Pipeline.php(163): Illuminate\\Routing\\Middleware\\SubstituteBindings->handle(Object(Illuminate\\Http\\Request), Object(Closure))
#32 E:\\Projetos Desenvolvimento\\ProjetosPhpStorm\\ProjetosLaravel\
ightlife\\vendor\\laravel\\framework\\src\\Illuminate\\Routing\\Pipeline.php(53): Illuminate\\Pipeline\\Pipeline->Illuminate\\Pipeline\\{closure}(Object(Illuminate\\Http\\Request))
#33 E:\\Projetos Desenvolvimento\\ProjetosPhpStorm\\ProjetosLaravel\
ightlife\\vendor\\laravel\\framework\\src\\Illuminate\\Auth\\Middleware\\Authenticate.php(43): Illuminate\\Routing\\Pipeline->Illuminate\\Routing\\{closure}(Object(Illuminate\\Http\\Request))
#34 E:\\Projetos Desenvolvimento\\ProjetosPhpStorm\\ProjetosLaravel\
ightlife\\vendor\\laravel\\framework\\src\\Illuminate\\Pipeline\\Pipeline.php(163): Illuminate\\Auth\\Middleware\\Authenticate->handle(Object(Illuminate\\Http\\Request), Object(Closure))
#35 E:\\Projetos Desenvolvimento\\ProjetosPhpStorm\\ProjetosLaravel\
ightlife\\vendor\\laravel\\framework\\src\\Illuminate\\Routing\\Pipeline.php(53): Illuminate\\Pipeline\\Pipeline->Illuminate\\Pipeline\\{closure}(Object(Illuminate\\Http\\Request))
#36 E:\\Projetos Desenvolvimento\\ProjetosPhpStorm\\ProjetosLaravel\
ightlife\\vendor\\laravel\\framework\\src\\Illuminate\\Foundation\\Http\\Middleware\\VerifyCsrfToken.php(75): Illuminate\\Routing\\Pipeline->Illuminate\\Routing\\{closure}(Object(Illuminate\\Http\\Request))
#37 E:\\Projetos Desenvolvimento\\ProjetosPhpStorm\\ProjetosLaravel\
ightlife\\vendor\\laravel\\framework\\src\\Illuminate\\Pipeline\\Pipeline.php(163): Illuminate\\Foundation\\Http\\Middleware\\VerifyCsrfToken->handle(Object(Illuminate\\Http\\Request), Object(Closure))
#38 E:\\Projetos Desenvolvimento\\ProjetosPhpStorm\\ProjetosLaravel\
ightlife\\vendor\\laravel\\framework\\src\\Illuminate\\Routing\\Pipeline.php(53): Illuminate\\Pipeline\\Pipeline->Illuminate\\Pipeline\\{closure}(Object(Illuminate\\Http\\Request))
#39 E:\\Projetos Desenvolvimento\\ProjetosPhpStorm\\ProjetosLaravel\
ightlife\\vendor\\laravel\\framework\\src\\Illuminate\\View\\Middleware\\ShareErrorsFromSession.php(49): Illuminate\\Routing\\Pipeline->Illuminate\\Routing\\{closure}(Object(Illuminate\\Http\\Request))
#40 E:\\Projetos Desenvolvimento\\ProjetosPhpStorm\\ProjetosLaravel\
ightlife\\vendor\\laravel\\framework\\src\\Illuminate\\Pipeline\\Pipeline.php(163): Illuminate\\View\\Middleware\\ShareErrorsFromSession->handle(Object(Illuminate\\Http\\Request), Object(Closure))
#41 E:\\Projetos Desenvolvimento\\ProjetosPhpStorm\\ProjetosLaravel\
ightlife\\vendor\\laravel\\framework\\src\\Illuminate\\Routing\\Pipeline.php(53): Illuminate\\Pipeline\\Pipeline->Illuminate\\Pipeline\\{closure}(Object(Illuminate\\Http\\Request))
#42 E:\\Projetos Desenvolvimento\\ProjetosPhpStorm\\ProjetosLaravel\
ightlife\\vendor\\laravel\\framework\\src\\Illuminate\\Session\\Middleware\\StartSession.php(56): Illuminate\\Routing\\Pipeline->Illuminate\\Routing\\{closure}(Object(Illuminate\\Http\\Request))
#43 E:\\Projetos Desenvolvimento\\ProjetosPhpStorm\\ProjetosLaravel\
ightlife\\vendor\\laravel\\framework\\src\\Illuminate\\Pipeline\\Pipeline.php(163): Illuminate\\Session\\Middleware\\StartSession->handle(Object(Illuminate\\Http\\Request), Object(Closure))
#44 E:\\Projetos Desenvolvimento\\ProjetosPhpStorm\\ProjetosLaravel\
ightlife\\vendor\\laravel\\framework\\src\\Illuminate\\Routing\\Pipeline.php(53): Illuminate\\Pipeline\\Pipeline->Illuminate\\Pipeline\\{closure}(Object(Illuminate\\Http\\Request))
#45 E:\\Projetos Desenvolvimento\\ProjetosPhpStorm\\ProjetosLaravel\
ightlife\\vendor\\laravel\\framework\\src\\Illuminate\\Cookie\\Middleware\\AddQueuedCookiesToResponse.php(37): Illuminate\\Routing\\Pipeline->Illuminate\\Routing\\{closure}(Object(Illuminate\\Http\\Request))
#46 E:\\Projetos Desenvolvimento\\ProjetosPhpStorm\\ProjetosLaravel\
ightlife\\vendor\\laravel\\framework\\src\\Illuminate\\Pipeline\\Pipeline.php(163): Illuminate\\Cookie\\Middleware\\AddQueuedCookiesToResponse->handle(Object(Illuminate\\Http\\Request), Object(Closure))
#47 E:\\Projetos Desenvolvimento\\ProjetosPhpStorm\\ProjetosLaravel\
ightlife\\vendor\\laravel\\framework\\src\\Illuminate\\Routing\\Pipeline.php(53): Illuminate\\Pipeline\\Pipeline->Illuminate\\Pipeline\\{closure}(Object(Illuminate\\Http\\Request))
#48 E:\\Projetos Desenvolvimento\\ProjetosPhpStorm\\ProjetosLaravel\
ightlife\\vendor\\laravel\\framework\\src\\Illuminate\\Cookie\\Middleware\\EncryptCookies.php(66): Illuminate\\Routing\\Pipeline->Illuminate\\Routing\\{closure}(Object(Illuminate\\Http\\Request))
#49 E:\\Projetos Desenvolvimento\\ProjetosPhpStorm\\ProjetosLaravel\
ightlife\\vendor\\laravel\\framework\\src\\Illuminate\\Pipeline\\Pipeline.php(163): Illuminate\\Cookie\\Middleware\\EncryptCookies->handle(Object(Illuminate\\Http\\Request), Object(Closure))
#50 E:\\Projetos Desenvolvimento\\ProjetosPhpStorm\\ProjetosLaravel\
ightlife\\vendor\\laravel\\framework\\src\\Illuminate\\Routing\\Pipeline.php(53): Illuminate\\Pipeline\\Pipeline->Illuminate\\Pipeline\\{closure}(Object(Illuminate\\Http\\Request))
#51 E:\\Projetos Desenvolvimento\\ProjetosPhpStorm\\ProjetosLaravel\
ightlife\\vendor\\laravel\\framework\\src\\Illuminate\\Pipeline\\Pipeline.php(104): Illuminate\\Routing\\Pipeline->Illuminate\\Routing\\{closure}(Object(Illuminate\\Http\\Request))
#52 E:\\Projetos Desenvolvimento\\ProjetosPhpStorm\\ProjetosLaravel\
ightlife\\vendor\\laravel\\framework\\src\\Illuminate\\Routing\\Router.php(682): Illuminate\\Pipeline\\Pipeline->then(Object(Closure))
#53 E:\\Projetos Desenvolvimento\\ProjetosPhpStorm\\ProjetosLaravel\
ightlife\\vendor\\laravel\\framework\\src\\Illuminate\\Routing\\Router.php(657): Illuminate\\Routing\\Router->runRouteWithinStack(Object(Illuminate\\Routing\\Route), Object(Illuminate\\Http\\Request))
#54 E:\\Projetos Desenvolvimento\\ProjetosPhpStorm\\ProjetosLaravel\
ightlife\\vendor\\laravel\\framework\\src\\Illuminate\\Routing\\Router.php(623): Illuminate\\Routing\\Router->runRoute(Object(Illuminate\\Http\\Request), Object(Illuminate\\Routing\\Route))
#55 E:\\Projetos Desenvolvimento\\ProjetosPhpStorm\\ProjetosLaravel\
ightlife\\vendor\\laravel\\framework\\src\\Illuminate\\Routing\\Router.php(612): Illuminate\\Routing\\Router->dispatchToRoute(Object(Illuminate\\Http\\Request))
#56 E:\\Projetos Desenvolvimento\\ProjetosPhpStorm\\ProjetosLaravel\
ightlife\\vendor\\laravel\\framework\\src\\Illuminate\\Foundation\\Http\\Kernel.php(176): Illuminate\\Routing\\Router->dispatch(Object(Illuminate\\Http\\Request))
#57 E:\\Projetos Desenvolvimento\\ProjetosPhpStorm\\ProjetosLaravel\
ightlife\\vendor\\laravel\\framework\\src\\Illuminate\\Routing\\Pipeline.php(30): Illuminate\\Foundation\\Http\\Kernel->Illuminate\\Foundation\\Http\\{closure}(Object(Illuminate\\Http\\Request))
#58 E:\\Projetos Desenvolvimento\\ProjetosPhpStorm\\ProjetosLaravel\
ightlife\\vendor\\fideloper\\proxy\\src\\TrustProxies.php(57): Illuminate\\Routing\\Pipeline->Illuminate\\Routing\\{closure}(Object(Illuminate\\Http\\Request))
#59 E:\\Projetos Desenvolvimento\\ProjetosPhpStorm\\ProjetosLaravel\
ightlife\\vendor\\laravel\\framework\\src\\Illuminate\\Pipeline\\Pipeline.php(163): Fideloper\\Proxy\\TrustProxies->handle(Object(Illuminate\\Http\\Request), Object(Closure))
#60 E:\\Projetos Desenvolvimento\\ProjetosPhpStorm\\ProjetosLaravel\
ightlife\\vendor\\laravel\\framework\\src\\Illuminate\\Routing\\Pipeline.php(53): Illuminate\\Pipeline\\Pipeline->Illuminate\\Pipeline\\{closure}(Object(Illuminate\\Http\\Request))
#61 E:\\Projetos Desenvolvimento\\ProjetosPhpStorm\\ProjetosLaravel\
ightlife\\vendor\\laravel\\framework\\src\\Illuminate\\Foundation\\Http\\Middleware\\TransformsRequest.php(21): Illuminate\\Routing\\Pipeline->Illuminate\\Routing\\{closure}(Object(Illuminate\\Http\\Request))
#62 E:\\Projetos Desenvolvimento\\ProjetosPhpStorm\\ProjetosLaravel\
ightlife\\vendor\\laravel\\framework\\src\\Illuminate\\Pipeline\\Pipeline.php(163): Illuminate\\Foundation\\Http\\Middleware\\TransformsRequest->handle(Object(Illuminate\\Http\\Request), Object(Closure))
#63 E:\\Projetos Desenvolvimento\\ProjetosPhpStorm\\ProjetosLaravel\
ightlife\\vendor\\laravel\\framework\\src\\Illuminate\\Routing\\Pipeline.php(53): Illuminate\\Pipeline\\Pipeline->Illuminate\\Pipeline\\{closure}(Object(Illuminate\\Http\\Request))
#64 E:\\Projetos Desenvolvimento\\ProjetosPhpStorm\\ProjetosLaravel\
ightlife\\vendor\\laravel\\framework\\src\\Illuminate\\Foundation\\Http\\Middleware\\TransformsRequest.php(21): Illuminate\\Routing\\Pipeline->Illuminate\\Routing\\{closure}(Object(Illuminate\\Http\\Request))
#65 E:\\Projetos Desenvolvimento\\ProjetosPhpStorm\\ProjetosLaravel\
ightlife\\vendor\\laravel\\framework\\src\\Illuminate\\Pipeline\\Pipeline.php(163): Illuminate\\Foundation\\Http\\Middleware\\TransformsRequest->handle(Object(Illuminate\\Http\\Request), Object(Closure))
#66 E:\\Projetos Desenvolvimento\\ProjetosPhpStorm\\ProjetosLaravel\
ightlife\\vendor\\laravel\\framework\\src\\Illuminate\\Routing\\Pipeline.php(53): Illuminate\\Pipeline\\Pipeline->Illuminate\\Pipeline\\{closure}(Object(Illuminate\\Http\\Request))
#67 E:\\Projetos Desenvolvimento\\ProjetosPhpStorm\\ProjetosLaravel\
ightlife\\vendor\\laravel\\framework\\src\\Illuminate\\Foundation\\Http\\Middleware\\ValidatePostSize.php(27): Illuminate\\Routing\\Pipeline->Illuminate\\Routing\\{closure}(Object(Illuminate\\Http\\Request))
#68 E:\\Projetos Desenvolvimento\\ProjetosPhpStorm\\ProjetosLaravel\
ightlife\\vendor\\laravel\\framework\\src\\Illuminate\\Pipeline\\Pipeline.php(163): Illuminate\\Foundation\\Http\\Middleware\\ValidatePostSize->handle(Object(Illuminate\\Http\\Request), Object(Closure))
#69 E:\\Projetos Desenvolvimento\\ProjetosPhpStorm\\ProjetosLaravel\
ightlife\\vendor\\laravel\\framework\\src\\Illuminate\\Routing\\Pipeline.php(53): Illuminate\\Pipeline\\Pipeline->Illuminate\\Pipeline\\{closure}(Object(Illuminate\\Http\\Request))
#70 E:\\Projetos Desenvolvimento\\ProjetosPhpStorm\\ProjetosLaravel\
ightlife\\vendor\\laravel\\framework\\src\\Illuminate\\Foundation\\Http\\Middleware\\CheckForMaintenanceMode.php(62): Illuminate\\Routing\\Pipeline->Illuminate\\Routing\\{closure}(Object(Illuminate\\Http\\Request))
#71 E:\\Projetos Desenvolvimento\\ProjetosPhpStorm\\ProjetosLaravel\
ightlife\\vendor\\laravel\\framework\\src\\Illuminate\\Pipeline\\Pipeline.php(163): Illuminate\\Foundation\\Http\\Middleware\\CheckForMaintenanceMode->handle(Object(Illuminate\\Http\\Request), Object(Closure))
#72 E:\\Projetos Desenvolvimento\\ProjetosPhpStorm\\ProjetosLaravel\
ightlife\\vendor\\laravel\\framework\\src\\Illuminate\\Routing\\Pipeline.php(53): Illuminate\\Pipeline\\Pipeline->Illuminate\\Pipeline\\{closure}(Object(Illuminate\\Http\\Request))
#73 E:\\Projetos Desenvolvimento\\ProjetosPhpStorm\\ProjetosLaravel\
ightlife\\vendor\\laravel\\framework\\src\\Illuminate\\Pipeline\\Pipeline.php(104): Illuminate\\Routing\\Pipeline->Illuminate\\Routing\\{closure}(Object(Illuminate\\Http\\Request))
#74 E:\\Projetos Desenvolvimento\\ProjetosPhpStorm\\ProjetosLaravel\
ightlife\\vendor\\laravel\\framework\\src\\Illuminate\\Foundation\\Http\\Kernel.php(151): Illuminate\\Pipeline\\Pipeline->then(Object(Closure))
#75 E:\\Projetos Desenvolvimento\\ProjetosPhpStorm\\ProjetosLaravel\
ightlife\\vendor\\laravel\\framework\\src\\Illuminate\\Foundation\\Http\\Kernel.php(116): Illuminate\\Foundation\\Http\\Kernel->sendRequestThroughRouter(Object(Illuminate\\Http\\Request))
#76 E:\\Projetos Desenvolvimento\\ProjetosPhpStorm\\ProjetosLaravel\
ightlife\\public\\index.php(55): Illuminate\\Foundation\\Http\\Kernel->handle(Object(Illuminate\\Http\\Request))
#77 {main}
"} 
[2020-02-27 23:54:54] local.ERROR: Call to undefined function ¨sizeof() (View: E:\Projetos Desenvolvimento\ProjetosPhpStorm\ProjetosLaravel\nightlife\resources\views\admin\establishment\form.blade.php) {"userId":1,"exception":"[object] (ErrorException(code: 0): Call to undefined function ¨sizeof() (View: E:\\Projetos Desenvolvimento\\ProjetosPhpStorm\\ProjetosLaravel\
ightlife\esources\\views\\admin\\establishment\\form.blade.php) at E:\\Projetos Desenvolvimento\\ProjetosPhpStorm\\ProjetosLaravel\
ightlife\\storage\\framework\\views\\a4a64a92b39a705d70c6be89888055b2ce23b52b.php:80, Symfony\\Component\\Debug\\Exception\\FatalThrowableError(code: 0): Call to undefined function ¨sizeof() at E:\\Projetos Desenvolvimento\\ProjetosPhpStorm\\ProjetosLaravel\
ightlife\\storage\\framework\\views\\a4a64a92b39a705d70c6be89888055b2ce23b52b.php:80)
[stacktrace]
#0 E:\\Projetos Desenvolvimento\\ProjetosPhpStorm\\ProjetosLaravel\
ightlife\\vendor\\laravel\\framework\\src\\Illuminate\\View\\Engines\\PhpEngine.php(47): Illuminate\\View\\Engines\\CompilerEngine->handleViewException(Object(Symfony\\Component\\Debug\\Exception\\FatalThrowableError), 1)
#1 E:\\Projetos Desenvolvimento\\ProjetosPhpStorm\\ProjetosLaravel\
ightlife\\vendor\\laravel\\framework\\src\\Illuminate\\View\\Engines\\CompilerEngine.php(59): Illuminate\\View\\Engines\\PhpEngine->evaluatePath('E:\\\\Projetos Des...', Array)
#2 E:\\Projetos Desenvolvimento\\ProjetosPhpStorm\\ProjetosLaravel\
ightlife\\vendor\\laravel\\framework\\src\\Illuminate\\View\\View.php(142): Illuminate\\View\\Engines\\CompilerEngine->get('E:\\\\Projetos Des...', Array)
#3 E:\\Projetos Desenvolvimento\\ProjetosPhpStorm\\ProjetosLaravel\
ightlife\\vendor\\laravel\\framework\\src\\Illuminate\\View\\View.php(125): Illuminate\\View\\View->getContents()
#4 E:\\Projetos Desenvolvimento\\ProjetosPhpStorm\\ProjetosLaravel\
ightlife\\vendor\\laravel\\framework\\src\\Illuminate\\View\\View.php(90): Illuminate\\View\\View->renderContents()
#5 E:\\Projetos Desenvolvimento\\ProjetosPhpStorm\\ProjetosLaravel\
ightlife\\vendor\\laravel\\framework\\src\\Illuminate\\Http\\Response.php(42): Illuminate\\View\\View->render()
#6 E:\\Projetos Desenvolvimento\\ProjetosPhpStorm\\ProjetosLaravel\
ightlife\\vendor\\symfony\\http-foundation\\Response.php(202): Illuminate\\Http\\Response->setContent(Object(Illuminate\\View\\View))
#7 E:\\Projetos Desenvolvimento\\ProjetosPhpStorm\\ProjetosLaravel\
ightlife\\vendor\\laravel\\framework\\src\\Illuminate\\Routing\\Router.php(748): Symfony\\Component\\HttpFoundation\\Response->__construct(Object(Illuminate\\View\\View))
#8 E:\\Projetos Desenvolvimento\\ProjetosPhpStorm\\ProjetosLaravel\
ightlife\\vendor\\laravel\\framework\\src\\Illuminate\\Routing\\Router.php(720): Illuminate\\Routing\\Router::toResponse(Object(Illuminate\\Http\\Request), Object(Illuminate\\View\\View))
#9 E:\\Projetos Desenvolvimento\\ProjetosPhpStorm\\ProjetosLaravel\
ightlife\\vendor\\laravel\\framework\\src\\Illuminate\\Routing\\Router.php(680): Illuminate\\Routing\\Router->prepareResponse(Object(Illuminate\\Http\\Request), Object(Illuminate\\View\\View))
#10 E:\\Projetos Desenvolvimento\\ProjetosPhpStorm\\ProjetosLaravel\
ightlife\\vendor\\laravel\\framework\\src\\Illuminate\\Routing\\Pipeline.php(30): Illuminate\\Routing\\Router->Illuminate\\Routing\\{closure}(Object(Illuminate\\Http\\Request))
#11 E:\\Projetos Desenvolvimento\\ProjetosPhpStorm\\ProjetosLaravel\
ightlife\\vendor\\laravel\\framework\\src\\Illuminate\\Routing\\Middleware\\SubstituteBindings.php(41): Illuminate\\Routing\\Pipeline->Illuminate\\Routing\\{closure}(Object(Illuminate\\Http\\Request))
#12 E:\\Projetos Desenvolvimento\\ProjetosPhpStorm\\ProjetosLaravel\
ightlife\\vendor\\laravel\\framework\\src\\Illuminate\\Pipeline\\Pipeline.php(163): Illuminate\\Routing\\Middleware\\SubstituteBindings->handle(Object(Illuminate\\Http\\Request), Object(Closure))
#13 E:\\Projetos Desenvolvimento\\ProjetosPhpStorm\\ProjetosLaravel\
ightlife\\vendor\\laravel\\framework\\src\\Illuminate\\Routing\\Pipeline.php(53): Illuminate\\Pipeline\\Pipeline->Illuminate\\Pipeline\\{closure}(Object(Illuminate\\Http\\Request))
#14 E:\\Projetos Desenvolvimento\\ProjetosPhpStorm\\ProjetosLaravel\
ightlife\\vendor\\laravel\\framework\\src\\Illuminate\\Auth\\Middleware\\Authenticate.php(43): Illuminate\\Routing\\Pipeline->Illuminate\\Routing\\{closure}(Object(Illuminate\\Http\\Request))
#15 E:\\Projetos Desenvolvimento\\ProjetosPhpStorm\\ProjetosLaravel\
ightlife\\vendor\\laravel\\framework\\src\\Illuminate\\Pipeline\\Pipeline.php(163): Illuminate\\Auth\\Middleware\\Authenticate->handle(Object(Illuminate\\Http\\Request), Object(Closure))
#16 E:\\Projetos Desenvolvimento\\ProjetosPhpStorm\\ProjetosLaravel\
ightlife\\vendor\\laravel\\framework\\src\\Illuminate\\Routing\\Pipeline.php(53): Illuminate\\Pipeline\\Pipeline->Illuminate\\Pipeline\\{closure}(Object(Illuminate\\Http\\Request))
#17 E:\\Projetos Desenvolvimento\\ProjetosPhpStorm\\ProjetosLaravel\
ightlife\\vendor\\laravel\\framework\\src\\Illuminate\\Foundation\\Http\\Middleware\\VerifyCsrfToken.php(75): Illuminate\\Routing\\Pipeline->Illuminate\\Routing\\{closure}(Object(Illuminate\\Http\\Request))
#18 E:\\Projetos Desenvolvimento\\ProjetosPhpStorm\\ProjetosLaravel\
ightlife\\vendor\\laravel\\framework\\src\\Illuminate\\Pipeline\\Pipeline.php(163): Illuminate\\Foundation\\Http\\Middleware\\VerifyCsrfToken->handle(Object(Illuminate\\Http\\Request), Object(Closure))
#19 E:\\Projetos Desenvolvimento\\ProjetosPhpStorm\\ProjetosLaravel\
ightlife\\vendor\\laravel\\framework\\src\\Illuminate\\Routing\\Pipeline.php(53): Illuminate\\Pipeline\\Pipeline->Illuminate\\Pipeline\\{closure}(Object(Illuminate\\Http\\Request))
#20 E:\\Projetos Desenvolvimento\\ProjetosPhpStorm\\ProjetosLaravel\
ightlife\\vendor\\laravel\\framework\\src\\Illuminate\\View\\Middleware\\ShareErrorsFromSession.php(49): Illuminate\\Routing\\Pipeline->Illuminate\\Routing\\{closure}(Object(Illuminate\\Http\\Request))
#21 E:\\Projetos Desenvolvimento\\ProjetosPhpStorm\\ProjetosLaravel\
ightlife\\vendor\\laravel\\framework\\src\\Illuminate\\Pipeline\\Pipeline.php(163): Illuminate\\View\\Middleware\\ShareErrorsFromSession->handle(Object(Illuminate\\Http\\Request), Object(Closure))
#22 E:\\Projetos Desenvolvimento\\ProjetosPhpStorm\\ProjetosLaravel\
ightlife\\vendor\\laravel\\framework\\src\\Illuminate\\Routing\\Pipeline.php(53): Illuminate\\Pipeline\\Pipeline->Illuminate\\Pipeline\\{closure}(Object(Illuminate\\Http\\Request))
#23 E:\\Projetos Desenvolvimento\\ProjetosPhpStorm\\ProjetosLaravel\
ightlife\\vendor\\laravel\\framework\\src\\Illuminate\\Session\\Middleware\\StartSession.php(56): Illuminate\\Routing\\Pipeline->Illuminate\\Routing\\{closure}(Object(Illuminate\\Http\\Request))
#24 E:\\Projetos Desenvolvimento\\ProjetosPhpStorm\\ProjetosLaravel\
ightlife\\vendor\\laravel\\framework\\src\\Illuminate\\Pipeline\\Pipeline.php(163): Illuminate\\Session\\Middleware\\StartSession->handle(Object(Illuminate\\Http\\Request), Object(Closure))
#25 E:\\Projetos Desenvolvimento\\ProjetosPhpStorm\\ProjetosLaravel\
ightlife\\vendor\\laravel\\framework\\src\\Illuminate\\Routing\\Pipeline.php(53): Illuminate\\Pipeline\\Pipeline->Illuminate\\Pipeline\\{closure}(Object(Illuminate\\Http\\Request))
#26 E:\\Projetos Desenvolvimento\\ProjetosPhpStorm\\ProjetosLaravel\
ightlife\\vendor\\laravel\\framework\\src\\Illuminate\\Cookie\\Middleware\\AddQueuedCookiesToResponse.php(37): Illuminate\\Routing\\Pipeline->Illuminate\\Routing\\{closure}(Object(Illuminate\\Http\\Request))
#27 E:\\Projetos Desenvolvimento\\ProjetosPhpStorm\\ProjetosLaravel\
ightlife\\vendor\\laravel\\framework\\src\\Illuminate\\Pipeline\\Pipeline.php(163): Illuminate\\Cookie\\Middleware\\AddQueuedCookiesToResponse->handle(Object(Illuminate\\Http\\Request), Object(Closure))
#28 E:\\Projetos Desenvolvimento\\ProjetosPhpStorm\\ProjetosLaravel\
ightlife\\vendor\\laravel\\framework\\src\\Illuminate\\Routing\\Pipeline.php(53): Illuminate\\Pipeline\\Pipeline->Illuminate\\Pipeline\\{closure}(Object(Illuminate\\Http\\Request))
#29 E:\\Projetos Desenvolvimento\\ProjetosPhpStorm\\ProjetosLaravel\
ightlife\\vendor\\laravel\\framework\\src\\Illuminate\\Cookie\\Middleware\\EncryptCookies.php(66): Illuminate\\Routing\\Pipeline->Illuminate\\Routing\\{closure}(Object(Illuminate\\Http\\Request))
#30 E:\\Projetos Desenvolvimento\\ProjetosPhpStorm\\ProjetosLaravel\
ightlife\\vendor\\laravel\\framework\\src\\Illuminate\\Pipeline\\Pipeline.php(163): Illuminate\\Cookie\\Middleware\\EncryptCookies->handle(Object(Illuminate\\Http\\Request), Object(Closure))
#31 E:\\Projetos Desenvolvimento\\ProjetosPhpStorm\\ProjetosLaravel\
ightlife\\vendor\\laravel\\framework\\src\\Illuminate\\Routing\\Pipeline.php(53): Illuminate\\Pipeline\\Pipeline->Illuminate\\Pipeline\\{closure}(Object(Illuminate\\Http\\Request))
#32 E:\\Projetos Desenvolvimento\\ProjetosPhpStorm\\ProjetosLaravel\
ightlife\\vendor\\laravel\\framework\\src\\Illuminate\\Pipeline\\Pipeline.php(104): Illuminate\\Routing\\Pipeline->Illuminate\\Routing\\{closure}(Object(Illuminate\\Http\\Request))
#33 E:\\Projetos Desenvolvimento\\ProjetosPhpStorm\\ProjetosLaravel\
ightlife\\vendor\\laravel\\framework\\src\\Illuminate\\Routing\\Router.php(682): Illuminate\\Pipeline\\Pipeline->then(Object(Closure))
#34 E:\\Projetos Desenvolvimento\\ProjetosPhpStorm\\ProjetosLaravel\
ightlife\\vendor\\laravel\\framework\\src\\Illuminate\\Routing\\Router.php(657): Illuminate\\Routing\\Router->runRouteWithinStack(Object(Illuminate\\Routing\\Route), Object(Illuminate\\Http\\Request))
#35 E:\\Projetos Desenvolvimento\\ProjetosPhpStorm\\ProjetosLaravel\
ightlife\\vendor\\laravel\\framework\\src\\Illuminate\\Routing\\Router.php(623): Illuminate\\Routing\\Router->runRoute(Object(Illuminate\\Http\\Request), Object(Illuminate\\Routing\\Route))
#36 E:\\Projetos Desenvolvimento\\ProjetosPhpStorm\\ProjetosLaravel\
ightlife\\vendor\\laravel\\framework\\src\\Illuminate\\Routing\\Router.php(612): Illuminate\\Routing\\Router->dispatchToRoute(Object(Illuminate\\Http\\Request))
#37 E:\\Projetos Desenvolvimento\\ProjetosPhpStorm\\ProjetosLaravel\
ightlife\\vendor\\laravel\\framework\\src\\Illuminate\\Foundation\\Http\\Kernel.php(176): Illuminate\\Routing\\Router->dispatch(Object(Illuminate\\Http\\Request))
#38 E:\\Projetos Desenvolvimento\\ProjetosPhpStorm\\ProjetosLaravel\
ightlife\\vendor\\laravel\\framework\\src\\Illuminate\\Routing\\Pipeline.php(30): Illuminate\\Foundation\\Http\\Kernel->Illuminate\\Foundation\\Http\\{closure}(Object(Illuminate\\Http\\Request))
#39 E:\\Projetos Desenvolvimento\\ProjetosPhpStorm\\ProjetosLaravel\
ightlife\\vendor\\fideloper\\proxy\\src\\TrustProxies.php(57): Illuminate\\Routing\\Pipeline->Illuminate\\Routing\\{closure}(Object(Illuminate\\Http\\Request))
#40 E:\\Projetos Desenvolvimento\\ProjetosPhpStorm\\ProjetosLaravel\
ightlife\\vendor\\laravel\\framework\\src\\Illuminate\\Pipeline\\Pipeline.php(163): Fideloper\\Proxy\\TrustProxies->handle(Object(Illuminate\\Http\\Request), Object(Closure))
#41 E:\\Projetos Desenvolvimento\\ProjetosPhpStorm\\ProjetosLaravel\
ightlife\\vendor\\laravel\\framework\\src\\Illuminate\\Routing\\Pipeline.php(53): Illuminate\\Pipeline\\Pipeline->Illuminate\\Pipeline\\{closure}(Object(Illuminate\\Http\\Request))
#42 E:\\Projetos Desenvolvimento\\ProjetosPhpStorm\\ProjetosLaravel\
ightlife\\vendor\\laravel\\framework\\src\\Illuminate\\Foundation\\Http\\Middleware\\TransformsRequest.php(21): Illuminate\\Routing\\Pipeline->Illuminate\\Routing\\{closure}(Object(Illuminate\\Http\\Request))
#43 E:\\Projetos Desenvolvimento\\ProjetosPhpStorm\\ProjetosLaravel\
ightlife\\vendor\\laravel\\framework\\src\\Illuminate\\Pipeline\\Pipeline.php(163): Illuminate\\Foundation\\Http\\Middleware\\TransformsRequest->handle(Object(Illuminate\\Http\\Request), Object(Closure))
#44 E:\\Projetos Desenvolvimento\\ProjetosPhpStorm\\ProjetosLaravel\
ightlife\\vendor\\laravel\\framework\\src\\Illuminate\\Routing\\Pipeline.php(53): Illuminate\\Pipeline\\Pipeline->Illuminate\\Pipeline\\{closure}(Object(Illuminate\\Http\\Request))
#45 E:\\Projetos Desenvolvimento\\ProjetosPhpStorm\\ProjetosLaravel\
ightlife\\vendor\\laravel\\framework\\src\\Illuminate\\Foundation\\Http\\Middleware\\TransformsRequest.php(21): Illuminate\\Routing\\Pipeline->Illuminate\\Routing\\{closure}(Object(Illuminate\\Http\\Request))
#46 E:\\Projetos Desenvolvimento\\ProjetosPhpStorm\\ProjetosLaravel\
ightlife\\vendor\\laravel\\framework\\src\\Illuminate\\Pipeline\\Pipeline.php(163): Illuminate\\Foundation\\Http\\Middleware\\TransformsRequest->handle(Object(Illuminate\\Http\\Request), Object(Closure))
#47 E:\\Projetos Desenvolvimento\\ProjetosPhpStorm\\ProjetosLaravel\
ightlife\\vendor\\laravel\\framework\\src\\Illuminate\\Routing\\Pipeline.php(53): Illuminate\\Pipeline\\Pipeline->Illuminate\\Pipeline\\{closure}(Object(Illuminate\\Http\\Request))
#48 E:\\Projetos Desenvolvimento\\ProjetosPhpStorm\\ProjetosLaravel\
ightlife\\vendor\\laravel\\framework\\src\\Illuminate\\Foundation\\Http\\Middleware\\ValidatePostSize.php(27): Illuminate\\Routing\\Pipeline->Illuminate\\Routing\\{closure}(Object(Illuminate\\Http\\Request))
#49 E:\\Projetos Desenvolvimento\\ProjetosPhpStorm\\ProjetosLaravel\
ightlife\\vendor\\laravel\\framework\\src\\Illuminate\\Pipeline\\Pipeline.php(163): Illuminate\\Foundation\\Http\\Middleware\\ValidatePostSize->handle(Object(Illuminate\\Http\\Request), Object(Closure))
#50 E:\\Projetos Desenvolvimento\\ProjetosPhpStorm\\ProjetosLaravel\
ightlife\\vendor\\laravel\\framework\\src\\Illuminate\\Routing\\Pipeline.php(53): Illuminate\\Pipeline\\Pipeline->Illuminate\\Pipeline\\{closure}(Object(Illuminate\\Http\\Request))
#51 E:\\Projetos Desenvolvimento\\ProjetosPhpStorm\\ProjetosLaravel\
ightlife\\vendor\\laravel\\framework\\src\\Illuminate\\Foundation\\Http\\Middleware\\CheckForMaintenanceMode.php(62): Illuminate\\Routing\\Pipeline->Illuminate\\Routing\\{closure}(Object(Illuminate\\Http\\Request))
#52 E:\\Projetos Desenvolvimento\\ProjetosPhpStorm\\ProjetosLaravel\
ightlife\\vendor\\laravel\\framework\\src\\Illuminate\\Pipeline\\Pipeline.php(163): Illuminate\\Foundation\\Http\\Middleware\\CheckForMaintenanceMode->handle(Object(Illuminate\\Http\\Request), Object(Closure))
#53 E:\\Projetos Desenvolvimento\\ProjetosPhpStorm\\ProjetosLaravel\
ightlife\\vendor\\laravel\\framework\\src\\Illuminate\\Routing\\Pipeline.php(53): Illuminate\\Pipeline\\Pipeline->Illuminate\\Pipeline\\{closure}(Object(Illuminate\\Http\\Request))
#54 E:\\Projetos Desenvolvimento\\ProjetosPhpStorm\\ProjetosLaravel\
ightlife\\vendor\\laravel\\framework\\src\\Illuminate\\Pipeline\\Pipeline.php(104): Illuminate\\Routing\\Pipeline->Illuminate\\Routing\\{closure}(Object(Illuminate\\Http\\Request))
#55 E:\\Projetos Desenvolvimento\\ProjetosPhpStorm\\ProjetosLaravel\
ightlife\\vendor\\laravel\\framework\\src\\Illuminate\\Foundation\\Http\\Kernel.php(151): Illuminate\\Pipeline\\Pipeline->then(Object(Closure))
#56 E:\\Projetos Desenvolvimento\\ProjetosPhpStorm\\ProjetosLaravel\
ightlife\\vendor\\laravel\\framework\\src\\Illuminate\\Foundation\\Http\\Kernel.php(116): Illuminate\\Foundation\\Http\\Kernel->sendRequestThroughRouter(Object(Illuminate\\Http\\Request))
#57 E:\\Projetos Desenvolvimento\\ProjetosPhpStorm\\ProjetosLaravel\
ightlife\\public\\index.php(55): Illuminate\\Foundation\\Http\\Kernel->handle(Object(Illuminate\\Http\\Request))
#58 {main}
"} 
[2020-02-27 23:58:51] local.ERROR: View [form.alert] not found. (View: E:\Projetos Desenvolvimento\ProjetosPhpStorm\ProjetosLaravel\nightlife\resources\views\admin\establishment\form.blade.php) {"userId":1,"exception":"[object] (ErrorException(code: 0): View [form.alert] not found. (View: E:\\Projetos Desenvolvimento\\ProjetosPhpStorm\\ProjetosLaravel\
ightlife\esources\\views\\admin\\establishment\\form.blade.php) at E:\\Projetos Desenvolvimento\\ProjetosPhpStorm\\ProjetosLaravel\
ightlife\\vendor\\laravel\\framework\\src\\Illuminate\\View\\FileViewFinder.php:137, InvalidArgumentException(code: 0): View [form.alert] not found. at E:\\Projetos Desenvolvimento\\ProjetosPhpStorm\\ProjetosLaravel\
ightlife\\vendor\\laravel\\framework\\src\\Illuminate\\View\\FileViewFinder.php:137)
[stacktrace]
#0 E:\\Projetos Desenvolvimento\\ProjetosPhpStorm\\ProjetosLaravel\
ightlife\\vendor\\laravel\\framework\\src\\Illuminate\\View\\Engines\\PhpEngine.php(45): Illuminate\\View\\Engines\\CompilerEngine->handleViewException(Object(InvalidArgumentException), 1)
#1 E:\\Projetos Desenvolvimento\\ProjetosPhpStorm\\ProjetosLaravel\
ightlife\\vendor\\laravel\\framework\\src\\Illuminate\\View\\Engines\\CompilerEngine.php(59): Illuminate\\View\\Engines\\PhpEngine->evaluatePath('E:\\\\Projetos Des...', Array)
#2 E:\\Projetos Desenvolvimento\\ProjetosPhpStorm\\ProjetosLaravel\
ightlife\\vendor\\laravel\\framework\\src\\Illuminate\\View\\View.php(142): Illuminate\\View\\Engines\\CompilerEngine->get('E:\\\\Projetos Des...', Array)
#3 E:\\Projetos Desenvolvimento\\ProjetosPhpStorm\\ProjetosLaravel\
ightlife\\vendor\\laravel\\framework\\src\\Illuminate\\View\\View.php(125): Illuminate\\View\\View->getContents()
#4 E:\\Projetos Desenvolvimento\\ProjetosPhpStorm\\ProjetosLaravel\
ightlife\\vendor\\laravel\\framework\\src\\Illuminate\\View\\View.php(90): Illuminate\\View\\View->renderContents()
#5 E:\\Projetos Desenvolvimento\\ProjetosPhpStorm\\ProjetosLaravel\
ightlife\\vendor\\laravel\\framework\\src\\Illuminate\\Http\\Response.php(42): Illuminate\\View\\View->render()
#6 E:\\Projetos Desenvolvimento\\ProjetosPhpStorm\\ProjetosLaravel\
ightlife\\vendor\\symfony\\http-foundation\\Response.php(202): Illuminate\\Http\\Response->setContent(Object(Illuminate\\View\\View))
#7 E:\\Projetos Desenvolvimento\\ProjetosPhpStorm\\ProjetosLaravel\
ightlife\\vendor\\laravel\\framework\\src\\Illuminate\\Routing\\Router.php(748): Symfony\\Component\\HttpFoundation\\Response->__construct(Object(Illuminate\\View\\View))
#8 E:\\Projetos Desenvolvimento\\ProjetosPhpStorm\\ProjetosLaravel\
ightlife\\vendor\\laravel\\framework\\src\\Illuminate\\Routing\\Router.php(720): Illuminate\\Routing\\Router::toResponse(Object(Illuminate\\Http\\Request), Object(Illuminate\\View\\View))
#9 E:\\Projetos Desenvolvimento\\ProjetosPhpStorm\\ProjetosLaravel\
ightlife\\vendor\\laravel\\framework\\src\\Illuminate\\Routing\\Router.php(680): Illuminate\\Routing\\Router->prepareResponse(Object(Illuminate\\Http\\Request), Object(Illuminate\\View\\View))
#10 E:\\Projetos Desenvolvimento\\ProjetosPhpStorm\\ProjetosLaravel\
ightlife\\vendor\\laravel\\framework\\src\\Illuminate\\Routing\\Pipeline.php(30): Illuminate\\Routing\\Router->Illuminate\\Routing\\{closure}(Object(Illuminate\\Http\\Request))
#11 E:\\Projetos Desenvolvimento\\ProjetosPhpStorm\\ProjetosLaravel\
ightlife\\vendor\\laravel\\framework\\src\\Illuminate\\Routing\\Middleware\\SubstituteBindings.php(41): Illuminate\\Routing\\Pipeline->Illuminate\\Routing\\{closure}(Object(Illuminate\\Http\\Request))
#12 E:\\Projetos Desenvolvimento\\ProjetosPhpStorm\\ProjetosLaravel\
ightlife\\vendor\\laravel\\framework\\src\\Illuminate\\Pipeline\\Pipeline.php(163): Illuminate\\Routing\\Middleware\\SubstituteBindings->handle(Object(Illuminate\\Http\\Request), Object(Closure))
#13 E:\\Projetos Desenvolvimento\\ProjetosPhpStorm\\ProjetosLaravel\
ightlife\\vendor\\laravel\\framework\\src\\Illuminate\\Routing\\Pipeline.php(53): Illuminate\\Pipeline\\Pipeline->Illuminate\\Pipeline\\{closure}(Object(Illuminate\\Http\\Request))
#14 E:\\Projetos Desenvolvimento\\ProjetosPhpStorm\\ProjetosLaravel\
ightlife\\vendor\\laravel\\framework\\src\\Illuminate\\Auth\\Middleware\\Authenticate.php(43): Illuminate\\Routing\\Pipeline->Illuminate\\Routing\\{closure}(Object(Illuminate\\Http\\Request))
#15 E:\\Projetos Desenvolvimento\\ProjetosPhpStorm\\ProjetosLaravel\
ightlife\\vendor\\laravel\\framework\\src\\Illuminate\\Pipeline\\Pipeline.php(163): Illuminate\\Auth\\Middleware\\Authenticate->handle(Object(Illuminate\\Http\\Request), Object(Closure))
#16 E:\\Projetos Desenvolvimento\\ProjetosPhpStorm\\ProjetosLaravel\
ightlife\\vendor\\laravel\\framework\\src\\Illuminate\\Routing\\Pipeline.php(53): Illuminate\\Pipeline\\Pipeline->Illuminate\\Pipeline\\{closure}(Object(Illuminate\\Http\\Request))
#17 E:\\Projetos Desenvolvimento\\ProjetosPhpStorm\\ProjetosLaravel\
ightlife\\vendor\\laravel\\framework\\src\\Illuminate\\Foundation\\Http\\Middleware\\VerifyCsrfToken.php(75): Illuminate\\Routing\\Pipeline->Illuminate\\Routing\\{closure}(Object(Illuminate\\Http\\Request))
#18 E:\\Projetos Desenvolvimento\\ProjetosPhpStorm\\ProjetosLaravel\
ightlife\\vendor\\laravel\\framework\\src\\Illuminate\\Pipeline\\Pipeline.php(163): Illuminate\\Foundation\\Http\\Middleware\\VerifyCsrfToken->handle(Object(Illuminate\\Http\\Request), Object(Closure))
#19 E:\\Projetos Desenvolvimento\\ProjetosPhpStorm\\ProjetosLaravel\
ightlife\\vendor\\laravel\\framework\\src\\Illuminate\\Routing\\Pipeline.php(53): Illuminate\\Pipeline\\Pipeline->Illuminate\\Pipeline\\{closure}(Object(Illuminate\\Http\\Request))
#20 E:\\Projetos Desenvolvimento\\ProjetosPhpStorm\\ProjetosLaravel\
ightlife\\vendor\\laravel\\framework\\src\\Illuminate\\View\\Middleware\\ShareErrorsFromSession.php(49): Illuminate\\Routing\\Pipeline->Illuminate\\Routing\\{closure}(Object(Illuminate\\Http\\Request))
#21 E:\\Projetos Desenvolvimento\\ProjetosPhpStorm\\ProjetosLaravel\
ightlife\\vendor\\laravel\\framework\\src\\Illuminate\\Pipeline\\Pipeline.php(163): Illuminate\\View\\Middleware\\ShareErrorsFromSession->handle(Object(Illuminate\\Http\\Request), Object(Closure))
#22 E:\\Projetos Desenvolvimento\\ProjetosPhpStorm\\ProjetosLaravel\
ightlife\\vendor\\laravel\\framework\\src\\Illuminate\\Routing\\Pipeline.php(53): Illuminate\\Pipeline\\Pipeline->Illuminate\\Pipeline\\{closure}(Object(Illuminate\\Http\\Request))
#23 E:\\Projetos Desenvolvimento\\ProjetosPhpStorm\\ProjetosLaravel\
ightlife\\vendor\\laravel\\framework\\src\\Illuminate\\Session\\Middleware\\StartSession.php(56): Illuminate\\Routing\\Pipeline->Illuminate\\Routing\\{closure}(Object(Illuminate\\Http\\Request))
#24 E:\\Projetos Desenvolvimento\\ProjetosPhpStorm\\ProjetosLaravel\
ightlife\\vendor\\laravel\\framework\\src\\Illuminate\\Pipeline\\Pipeline.php(163): Illuminate\\Session\\Middleware\\StartSession->handle(Object(Illuminate\\Http\\Request), Object(Closure))
#25 E:\\Projetos Desenvolvimento\\ProjetosPhpStorm\\ProjetosLaravel\
ightlife\\vendor\\laravel\\framework\\src\\Illuminate\\Routing\\Pipeline.php(53): Illuminate\\Pipeline\\Pipeline->Illuminate\\Pipeline\\{closure}(Object(Illuminate\\Http\\Request))
#26 E:\\Projetos Desenvolvimento\\ProjetosPhpStorm\\ProjetosLaravel\
ightlife\\vendor\\laravel\\framework\\src\\Illuminate\\Cookie\\Middleware\\AddQueuedCookiesToResponse.php(37): Illuminate\\Routing\\Pipeline->Illuminate\\Routing\\{closure}(Object(Illuminate\\Http\\Request))
#27 E:\\Projetos Desenvolvimento\\ProjetosPhpStorm\\ProjetosLaravel\
ightlife\\vendor\\laravel\\framework\\src\\Illuminate\\Pipeline\\Pipeline.php(163): Illuminate\\Cookie\\Middleware\\AddQueuedCookiesToResponse->handle(Object(Illuminate\\Http\\Request), Object(Closure))
#28 E:\\Projetos Desenvolvimento\\ProjetosPhpStorm\\ProjetosLaravel\
ightlife\\vendor\\laravel\\framework\\src\\Illuminate\\Routing\\Pipeline.php(53): Illuminate\\Pipeline\\Pipeline->Illuminate\\Pipeline\\{closure}(Object(Illuminate\\Http\\Request))
#29 E:\\Projetos Desenvolvimento\\ProjetosPhpStorm\\ProjetosLaravel\
ightlife\\vendor\\laravel\\framework\\src\\Illuminate\\Cookie\\Middleware\\EncryptCookies.php(66): Illuminate\\Routing\\Pipeline->Illuminate\\Routing\\{closure}(Object(Illuminate\\Http\\Request))
#30 E:\\Projetos Desenvolvimento\\ProjetosPhpStorm\\ProjetosLaravel\
ightlife\\vendor\\laravel\\framework\\src\\Illuminate\\Pipeline\\Pipeline.php(163): Illuminate\\Cookie\\Middleware\\EncryptCookies->handle(Object(Illuminate\\Http\\Request), Object(Closure))
#31 E:\\Projetos Desenvolvimento\\ProjetosPhpStorm\\ProjetosLaravel\
ightlife\\vendor\\laravel\\framework\\src\\Illuminate\\Routing\\Pipeline.php(53): Illuminate\\Pipeline\\Pipeline->Illuminate\\Pipeline\\{closure}(Object(Illuminate\\Http\\Request))
#32 E:\\Projetos Desenvolvimento\\ProjetosPhpStorm\\ProjetosLaravel\
ightlife\\vendor\\laravel\\framework\\src\\Illuminate\\Pipeline\\Pipeline.php(104): Illuminate\\Routing\\Pipeline->Illuminate\\Routing\\{closure}(Object(Illuminate\\Http\\Request))
#33 E:\\Projetos Desenvolvimento\\ProjetosPhpStorm\\ProjetosLaravel\
ightlife\\vendor\\laravel\\framework\\src\\Illuminate\\Routing\\Router.php(682): Illuminate\\Pipeline\\Pipeline->then(Object(Closure))
#34 E:\\Projetos Desenvolvimento\\ProjetosPhpStorm\\ProjetosLaravel\
ightlife\\vendor\\laravel\\framework\\src\\Illuminate\\Routing\\Router.php(657): Illuminate\\Routing\\Router->runRouteWithinStack(Object(Illuminate\\Routing\\Route), Object(Illuminate\\Http\\Request))
#35 E:\\Projetos Desenvolvimento\\ProjetosPhpStorm\\ProjetosLaravel\
ightlife\\vendor\\laravel\\framework\\src\\Illuminate\\Routing\\Router.php(623): Illuminate\\Routing\\Router->runRoute(Object(Illuminate\\Http\\Request), Object(Illuminate\\Routing\\Route))
#36 E:\\Projetos Desenvolvimento\\ProjetosPhpStorm\\ProjetosLaravel\
ightlife\\vendor\\laravel\\framework\\src\\Illuminate\\Routing\\Router.php(612): Illuminate\\Routing\\Router->dispatchToRoute(Object(Illuminate\\Http\\Request))
#37 E:\\Projetos Desenvolvimento\\ProjetosPhpStorm\\ProjetosLaravel\
ightlife\\vendor\\laravel\\framework\\src\\Illuminate\\Foundation\\Http\\Kernel.php(176): Illuminate\\Routing\\Router->dispatch(Object(Illuminate\\Http\\Request))
#38 E:\\Projetos Desenvolvimento\\ProjetosPhpStorm\\ProjetosLaravel\
ightlife\\vendor\\laravel\\framework\\src\\Illuminate\\Routing\\Pipeline.php(30): Illuminate\\Foundation\\Http\\Kernel->Illuminate\\Foundation\\Http\\{closure}(Object(Illuminate\\Http\\Request))
#39 E:\\Projetos Desenvolvimento\\ProjetosPhpStorm\\ProjetosLaravel\
ightlife\\vendor\\fideloper\\proxy\\src\\TrustProxies.php(57): Illuminate\\Routing\\Pipeline->Illuminate\\Routing\\{closure}(Object(Illuminate\\Http\\Request))
#40 E:\\Projetos Desenvolvimento\\ProjetosPhpStorm\\ProjetosLaravel\
ightlife\\vendor\\laravel\\framework\\src\\Illuminate\\Pipeline\\Pipeline.php(163): Fideloper\\Proxy\\TrustProxies->handle(Object(Illuminate\\Http\\Request), Object(Closure))
#41 E:\\Projetos Desenvolvimento\\ProjetosPhpStorm\\ProjetosLaravel\
ightlife\\vendor\\laravel\\framework\\src\\Illuminate\\Routing\\Pipeline.php(53): Illuminate\\Pipeline\\Pipeline->Illuminate\\Pipeline\\{closure}(Object(Illuminate\\Http\\Request))
#42 E:\\Projetos Desenvolvimento\\ProjetosPhpStorm\\ProjetosLaravel\
ightlife\\vendor\\laravel\\framework\\src\\Illuminate\\Foundation\\Http\\Middleware\\TransformsRequest.php(21): Illuminate\\Routing\\Pipeline->Illuminate\\Routing\\{closure}(Object(Illuminate\\Http\\Request))
#43 E:\\Projetos Desenvolvimento\\ProjetosPhpStorm\\ProjetosLaravel\
ightlife\\vendor\\laravel\\framework\\src\\Illuminate\\Pipeline\\Pipeline.php(163): Illuminate\\Foundation\\Http\\Middleware\\TransformsRequest->handle(Object(Illuminate\\Http\\Request), Object(Closure))
#44 E:\\Projetos Desenvolvimento\\ProjetosPhpStorm\\ProjetosLaravel\
ightlife\\vendor\\laravel\\framework\\src\\Illuminate\\Routing\\Pipeline.php(53): Illuminate\\Pipeline\\Pipeline->Illuminate\\Pipeline\\{closure}(Object(Illuminate\\Http\\Request))
#45 E:\\Projetos Desenvolvimento\\ProjetosPhpStorm\\ProjetosLaravel\
ightlife\\vendor\\laravel\\framework\\src\\Illuminate\\Foundation\\Http\\Middleware\\TransformsRequest.php(21): Illuminate\\Routing\\Pipeline->Illuminate\\Routing\\{closure}(Object(Illuminate\\Http\\Request))
#46 E:\\Projetos Desenvolvimento\\ProjetosPhpStorm\\ProjetosLaravel\
ightlife\\vendor\\laravel\\framework\\src\\Illuminate\\Pipeline\\Pipeline.php(163): Illuminate\\Foundation\\Http\\Middleware\\TransformsRequest->handle(Object(Illuminate\\Http\\Request), Object(Closure))
#47 E:\\Projetos Desenvolvimento\\ProjetosPhpStorm\\ProjetosLaravel\
ightlife\\vendor\\laravel\\framework\\src\\Illuminate\\Routing\\Pipeline.php(53): Illuminate\\Pipeline\\Pipeline->Illuminate\\Pipeline\\{closure}(Object(Illuminate\\Http\\Request))
#48 E:\\Projetos Desenvolvimento\\ProjetosPhpStorm\\ProjetosLaravel\
ightlife\\vendor\\laravel\\framework\\src\\Illuminate\\Foundation\\Http\\Middleware\\ValidatePostSize.php(27): Illuminate\\Routing\\Pipeline->Illuminate\\Routing\\{closure}(Object(Illuminate\\Http\\Request))
#49 E:\\Projetos Desenvolvimento\\ProjetosPhpStorm\\ProjetosLaravel\
ightlife\\vendor\\laravel\\framework\\src\\Illuminate\\Pipeline\\Pipeline.php(163): Illuminate\\Foundation\\Http\\Middleware\\ValidatePostSize->handle(Object(Illuminate\\Http\\Request), Object(Closure))
#50 E:\\Projetos Desenvolvimento\\ProjetosPhpStorm\\ProjetosLaravel\
ightlife\\vendor\\laravel\\framework\\src\\Illuminate\\Routing\\Pipeline.php(53): Illuminate\\Pipeline\\Pipeline->Illuminate\\Pipeline\\{closure}(Object(Illuminate\\Http\\Request))
#51 E:\\Projetos Desenvolvimento\\ProjetosPhpStorm\\ProjetosLaravel\
ightlife\\vendor\\laravel\\framework\\src\\Illuminate\\Foundation\\Http\\Middleware\\CheckForMaintenanceMode.php(62): Illuminate\\Routing\\Pipeline->Illuminate\\Routing\\{closure}(Object(Illuminate\\Http\\Request))
#52 E:\\Projetos Desenvolvimento\\ProjetosPhpStorm\\ProjetosLaravel\
ightlife\\vendor\\laravel\\framework\\src\\Illuminate\\Pipeline\\Pipeline.php(163): Illuminate\\Foundation\\Http\\Middleware\\CheckForMaintenanceMode->handle(Object(Illuminate\\Http\\Request), Object(Closure))
#53 E:\\Projetos Desenvolvimento\\ProjetosPhpStorm\\ProjetosLaravel\
ightlife\\vendor\\laravel\\framework\\src\\Illuminate\\Routing\\Pipeline.php(53): Illuminate\\Pipeline\\Pipeline->Illuminate\\Pipeline\\{closure}(Object(Illuminate\\Http\\Request))
#54 E:\\Projetos Desenvolvimento\\ProjetosPhpStorm\\ProjetosLaravel\
ightlife\\vendor\\laravel\\framework\\src\\Illuminate\\Pipeline\\Pipeline.php(104): Illuminate\\Routing\\Pipeline->Illuminate\\Routing\\{closure}(Object(Illuminate\\Http\\Request))
#55 E:\\Projetos Desenvolvimento\\ProjetosPhpStorm\\ProjetosLaravel\
ightlife\\vendor\\laravel\\framework\\src\\Illuminate\\Foundation\\Http\\Kernel.php(151): Illuminate\\Pipeline\\Pipeline->then(Object(Closure))
#56 E:\\Projetos Desenvolvimento\\ProjetosPhpStorm\\ProjetosLaravel\
ightlife\\vendor\\laravel\\framework\\src\\Illuminate\\Foundation\\Http\\Kernel.php(116): Illuminate\\Foundation\\Http\\Kernel->sendRequestThroughRouter(Object(Illuminate\\Http\\Request))
#57 E:\\Projetos Desenvolvimento\\ProjetosPhpStorm\\ProjetosLaravel\
ightlife\\public\\index.php(55): Illuminate\\Foundation\\Http\\Kernel->handle(Object(Illuminate\\Http\\Request))
#58 {main}
"} 
