[2020-02-28 00:08:33] local.ERROR: Class 'App\Http\Controllers\Admin\DB' not found {"userId":1,"exception":"[object] (Symfony\\Component\\Debug\\Exception\\FatalThrowableError(code: 0): Class 'App\\Http\\Controllers\\Admin\\DB' not found at E:\\Projetos Desenvolvimento\\ProjetosPhpStorm\\ProjetosLaravel\
ightlife\\app\\Http\\Controllers\\Admin\\EstablishmentController.php:76)
[stacktrace]
#0 [internal function]: App\\Http\\Controllers\\Admin\\EstablishmentController->store(Object(App\\Http\\Requests\\CreateOrUpdateEstablishment))
#1 E:\\Projetos Desenvolvimento\\ProjetosPhpStorm\\ProjetosLaravel\
ightlife\\vendor\\laravel\\framework\\src\\Illuminate\\Routing\\Controller.php(54): call_user_func_array(Array, Array)
#2 E:\\Projetos Desenvolvimento\\ProjetosPhpStorm\\ProjetosLaravel\
ightlife\\vendor\\laravel\\framework\\src\\Illuminate\\Routing\\ControllerDispatcher.php(45): Illuminate\\Routing\\Controller->callAction('store', Array)
#3 E:\\Projetos Desenvolvimento\\ProjetosPhpStorm\\ProjetosLaravel\
ightlife\\vendor\\laravel\\framework\\src\\Illuminate\\Routing\\Route.php(219): Illuminate\\Routing\\ControllerDispatcher->dispatch(Object(Illuminate\\Routing\\Route), Object(App\\Http\\Controllers\\Admin\\EstablishmentController), 'store')
#4 E:\\Projetos Desenvolvimento\\ProjetosPhpStorm\\ProjetosLaravel\
ightlife\\vendor\\laravel\\framework\\src\\Illuminate\\Routing\\Route.php(176): Illuminate\\Routing\\Route->runController()
#5 E:\\Projetos Desenvolvimento\\ProjetosPhpStorm\\ProjetosLaravel\
ightlife\\vendor\\laravel\\framework\\src\\Illuminate\\Routing\\Router.php(680): Illuminate\\Routing\\Route->run()
#6 E:\\Projetos Desenvolvimento\\ProjetosPhpStorm\\ProjetosLaravel\
ightlife\\vendor\\laravel\\framework\\src\\Illuminate\\Routing\\Pipeline.php(30): Illuminate\\Routing\\Router->Illuminate\\Routing\\{closure}(Object(Illuminate\\Http\\Request))
#7 E:\\Projetos Desenvolvimento\\ProjetosPhpStorm\\ProjetosLaravel\
ightlife\\vendor\\laravel\\framework\\src\\Illuminate\\Routing\\Middleware\\SubstituteBindings.php(41): Illuminate\\Routing\\Pipeline->Illuminate\\Routing\\{closure}(Object(Illuminate\\Http\\Request))
#8 E:\\Projetos Desenvolvimento\\ProjetosPhpStorm\\ProjetosLaravel\
ightlife\\vendor\\laravel\\framework\\src\\Illuminate\\Pipeline\\Pipeline.php(163): Illuminate\\Routing\\Middleware\\SubstituteBindings->handle(Object(Illuminate\\Http\\Request), Object(Closure))
#9 E:\\Projetos Desenvolvimento\\ProjetosPhpStorm\\ProjetosLaravel\
ightlife\\vendor\\laravel\\framework\\src\\Illuminate\\Routing\\Pipeline.php(53): Illuminate\\Pipeline\\Pipeline->Illuminate\\Pipeline\\{closure}(Object(Illuminate\\Http\\Request))
#10 E:\\Projetos Desenvolvimento\\ProjetosPhpStorm\\ProjetosLaravel\
ightlife\\vendor\\laravel\\framework\\src\\Illuminate\\Auth\\Middleware\\Authenticate.php(43): Illuminate\\Routing\\Pipeline->Illuminate\\Routing\\{closure}(Object(Illuminate\\Http\\Request))
#11 E:\\Projetos Desenvolvimento\\ProjetosPhpStorm\\ProjetosLaravel\
ightlife\\vendor\\laravel\\framework\\src\\Illuminate\\Pipeline\\Pipeline.php(163): Illuminate\\Auth\\Middleware\\Authenticate->handle(Object(Illuminate\\Http\\Request), Object(Closure))
#12 E:\\Projetos Desenvolvimento\\ProjetosPhpStorm\\ProjetosLaravel\
ightlife\\vendor\\laravel\\framework\\src\\Illuminate\\Routing\\Pipeline.php(53): Illuminate\\Pipeline\\Pipeline->Illuminate\\Pipeline\\{closure}(Object(Illuminate\\Http\\Request))
#13 E:\\Projetos Desenvolvimento\\ProjetosPhpStorm\\ProjetosLaravel\
ightlife\\vendor\\laravel\\framework\\src\\Illuminate\\Foundation\\Http\\Middleware\\VerifyCsrfToken.php(75): Illuminate\\Routing\\Pipeline->Illuminate\\Routing\\{closure}(Object(Illuminate\\Http\\Request))
#14 E:\\Projetos Desenvolvimento\\ProjetosPhpStorm\\ProjetosLaravel\
ightlife\\vendor\\laravel\\framework\\src\\Illuminate\\Pipeline\\Pipeline.php(163): Illuminate\\Foundation\\Http\\Middleware\\VerifyCsrfToken->handle(Object(Illuminate\\Http\\Request), Object(Closure))
#15 E:\\Projetos Desenvolvimento\\ProjetosPhpStorm\\ProjetosLaravel\
ightlife\\vendor\\laravel\\framework\\src\\Illuminate\\Routing\\Pipeline.php(53): Illuminate\\Pipeline\\Pipeline->Illuminate\\Pipeline\\{closure}(Object(Illuminate\\Http\\Request))
#16 E:\\Projetos Desenvolvimento\\ProjetosPhpStorm\\ProjetosLaravel\
ightlife\\vendor\\laravel\\framework\\src\\Illuminate\\View\\Middleware\\ShareErrorsFromSession.php(49): Illuminate\\Routing\\Pipeline->Illuminate\\Routing\\{closure}(Object(Illuminate\\Http\\Request))
#17 E:\\Projetos Desenvolvimento\\ProjetosPhpStorm\\ProjetosLaravel\
ightlife\\vendor\\laravel\\framework\\src\\Illuminate\\Pipeline\\Pipeline.php(163): Illuminate\\View\\Middleware\\ShareErrorsFromSession->handle(Object(Illuminate\\Http\\Request), Object(Closure))
#18 E:\\Projetos Desenvolvimento\\ProjetosPhpStorm\\ProjetosLaravel\
ightlife\\vendor\\laravel\\framework\\src\\Illuminate\\Routing\\Pipeline.php(53): Illuminate\\Pipeline\\Pipeline->Illuminate\\Pipeline\\{closure}(Object(Illuminate\\Http\\Request))
#19 E:\\Projetos Desenvolvimento\\ProjetosPhpStorm\\ProjetosLaravel\
ightlife\\vendor\\laravel\\framework\\src\\Illuminate\\Session\\Middleware\\StartSession.php(56): Illuminate\\Routing\\Pipeline->Illuminate\\Routing\\{closure}(Object(Illuminate\\Http\\Request))
#20 E:\\Projetos Desenvolvimento\\ProjetosPhpStorm\\ProjetosLaravel\
ightlife\\vendor\\laravel\\framework\\src\\Illuminate\\Pipeline\\Pipeline.php(163): Illuminate\\Session\\Middleware\\StartSession->handle(Object(Illuminate\\Http\\Request), Object(Closure))
#21 E:\\Projetos Desenvolvimento\\ProjetosPhpStorm\\ProjetosLaravel\
ightlife\\vendor\\laravel\\framework\\src\\Illuminate\\Routing\\Pipeline.php(53): Illuminate\\Pipeline\\Pipeline->Illuminate\\Pipeline\\{closure}(Object(Illuminate\\Http\\Request))
#22 E:\\Projetos Desenvolvimento\\ProjetosPhpStorm\\ProjetosLaravel\
ightlife\\vendor\\laravel\\framework\\src\\Illuminate\\Cookie\\Middleware\\AddQueuedCookiesToResponse.php(37): Illuminate\\Routing\\Pipeline->Illuminate\\Routing\\{closure}(Object(Illuminate\\Http\\Request))
#23 E:\\Projetos Desenvolvimento\\ProjetosPhpStorm\\ProjetosLaravel\
ightlife\\vendor\\laravel\\framework\\src\\Illuminate\\Pipeline\\Pipeline.php(163): Illuminate\\Cookie\\Middleware\\AddQueuedCookiesToResponse->handle(Object(Illuminate\\Http\\Request), Object(Closure))
#24 E:\\Projetos Desenvolvimento\\ProjetosPhpStorm\\ProjetosLaravel\
ightlife\\vendor\\laravel\\framework\\src\\Illuminate\\Routing\\Pipeline.php(53): Illuminate\\Pipeline\\Pipeline->Illuminate\\Pipeline\\{closure}(Object(Illuminate\\Http\\Request))
#25 E:\\Projetos Desenvolvimento\\ProjetosPhpStorm\\ProjetosLaravel\
ightlife\\vendor\\laravel\\framework\\src\\Illuminate\\Cookie\\Middleware\\EncryptCookies.php(66): Illuminate\\Routing\\Pipeline->Illuminate\\Routing\\{closure}(Object(Illuminate\\Http\\Request))
#26 E:\\Projetos Desenvolvimento\\ProjetosPhpStorm\\ProjetosLaravel\
ightlife\\vendor\\laravel\\framework\\src\\Illuminate\\Pipeline\\Pipeline.php(163): Illuminate\\Cookie\\Middleware\\EncryptCookies->handle(Object(Illuminate\\Http\\Request), Object(Closure))
#27 E:\\Projetos Desenvolvimento\\ProjetosPhpStorm\\ProjetosLaravel\
ightlife\\vendor\\laravel\\framework\\src\\Illuminate\\Routing\\Pipeline.php(53): Illuminate\\Pipeline\\Pipeline->Illuminate\\Pipeline\\{closure}(Object(Illuminate\\Http\\Request))
#28 E:\\Projetos Desenvolvimento\\ProjetosPhpStorm\\ProjetosLaravel\
ightlife\\vendor\\laravel\\framework\\src\\Illuminate\\Pipeline\\Pipeline.php(104): Illuminate\\Routing\\Pipeline->Illuminate\\Routing\\{closure}(Object(Illuminate\\Http\\Request))
#29 E:\\Projetos Desenvolvimento\\ProjetosPhpStorm\\ProjetosLaravel\
ightlife\\vendor\\laravel\\framework\\src\\Illuminate\\Routing\\Router.php(682): Illuminate\\Pipeline\\Pipeline->then(Object(Closure))
#30 E:\\Projetos Desenvolvimento\\ProjetosPhpStorm\\ProjetosLaravel\
ightlife\\vendor\\laravel\\framework\\src\\Illuminate\\Routing\\Router.php(657): Illuminate\\Routing\\Router->runRouteWithinStack(Object(Illuminate\\Routing\\Route), Object(Illuminate\\Http\\Request))
#31 E:\\Projetos Desenvolvimento\\ProjetosPhpStorm\\ProjetosLaravel\
ightlife\\vendor\\laravel\\framework\\src\\Illuminate\\Routing\\Router.php(623): Illuminate\\Routing\\Router->runRoute(Object(Illuminate\\Http\\Request), Object(Illuminate\\Routing\\Route))
#32 E:\\Projetos Desenvolvimento\\ProjetosPhpStorm\\ProjetosLaravel\
ightlife\\vendor\\laravel\\framework\\src\\Illuminate\\Routing\\Router.php(612): Illuminate\\Routing\\Router->dispatchToRoute(Object(Illuminate\\Http\\Request))
#33 E:\\Projetos Desenvolvimento\\ProjetosPhpStorm\\ProjetosLaravel\
ightlife\\vendor\\laravel\\framework\\src\\Illuminate\\Foundation\\Http\\Kernel.php(176): Illuminate\\Routing\\Router->dispatch(Object(Illuminate\\Http\\Request))
#34 E:\\Projetos Desenvolvimento\\ProjetosPhpStorm\\ProjetosLaravel\
ightlife\\vendor\\laravel\\framework\\src\\Illuminate\\Routing\\Pipeline.php(30): Illuminate\\Foundation\\Http\\Kernel->Illuminate\\Foundation\\Http\\{closure}(Object(Illuminate\\Http\\Request))
#35 E:\\Projetos Desenvolvimento\\ProjetosPhpStorm\\ProjetosLaravel\
ightlife\\vendor\\fideloper\\proxy\\src\\TrustProxies.php(57): Illuminate\\Routing\\Pipeline->Illuminate\\Routing\\{closure}(Object(Illuminate\\Http\\Request))
#36 E:\\Projetos Desenvolvimento\\ProjetosPhpStorm\\ProjetosLaravel\
ightlife\\vendor\\laravel\\framework\\src\\Illuminate\\Pipeline\\Pipeline.php(163): Fideloper\\Proxy\\TrustProxies->handle(Object(Illuminate\\Http\\Request), Object(Closure))
#37 E:\\Projetos Desenvolvimento\\ProjetosPhpStorm\\ProjetosLaravel\
ightlife\\vendor\\laravel\\framework\\src\\Illuminate\\Routing\\Pipeline.php(53): Illuminate\\Pipeline\\Pipeline->Illuminate\\Pipeline\\{closure}(Object(Illuminate\\Http\\Request))
#38 E:\\Projetos Desenvolvimento\\ProjetosPhpStorm\\ProjetosLaravel\
ightlife\\vendor\\laravel\\framework\\src\\Illuminate\\Foundation\\Http\\Middleware\\TransformsRequest.php(21): Illuminate\\Routing\\Pipeline->Illuminate\\Routing\\{closure}(Object(Illuminate\\Http\\Request))
#39 E:\\Projetos Desenvolvimento\\ProjetosPhpStorm\\ProjetosLaravel\
ightlife\\vendor\\laravel\\framework\\src\\Illuminate\\Pipeline\\Pipeline.php(163): Illuminate\\Foundation\\Http\\Middleware\\TransformsRequest->handle(Object(Illuminate\\Http\\Request), Object(Closure))
#40 E:\\Projetos Desenvolvimento\\ProjetosPhpStorm\\ProjetosLaravel\
ightlife\\vendor\\laravel\\framework\\src\\Illuminate\\Routing\\Pipeline.php(53): Illuminate\\Pipeline\\Pipeline->Illuminate\\Pipeline\\{closure}(Object(Illuminate\\Http\\Request))
#41 E:\\Projetos Desenvolvimento\\ProjetosPhpStorm\\ProjetosLaravel\
ightlife\\vendor\\laravel\\framework\\src\\Illuminate\\Foundation\\Http\\Middleware\\TransformsRequest.php(21): Illuminate\\Routing\\Pipeline->Illuminate\\Routing\\{closure}(Object(Illuminate\\Http\\Request))
#42 E:\\Projetos Desenvolvimento\\ProjetosPhpStorm\\ProjetosLaravel\
ightlife\\vendor\\laravel\\framework\\src\\Illuminate\\Pipeline\\Pipeline.php(163): Illuminate\\Foundation\\Http\\Middleware\\TransformsRequest->handle(Object(Illuminate\\Http\\Request), Object(Closure))
#43 E:\\Projetos Desenvolvimento\\ProjetosPhpStorm\\ProjetosLaravel\
ightlife\\vendor\\laravel\\framework\\src\\Illuminate\\Routing\\Pipeline.php(53): Illuminate\\Pipeline\\Pipeline->Illuminate\\Pipeline\\{closure}(Object(Illuminate\\Http\\Request))
#44 E:\\Projetos Desenvolvimento\\ProjetosPhpStorm\\ProjetosLaravel\
ightlife\\vendor\\laravel\\framework\\src\\Illuminate\\Foundation\\Http\\Middleware\\ValidatePostSize.php(27): Illuminate\\Routing\\Pipeline->Illuminate\\Routing\\{closure}(Object(Illuminate\\Http\\Request))
#45 E:\\Projetos Desenvolvimento\\ProjetosPhpStorm\\ProjetosLaravel\
ightlife\\vendor\\laravel\\framework\\src\\Illuminate\\Pipeline\\Pipeline.php(163): Illuminate\\Foundation\\Http\\Middleware\\ValidatePostSize->handle(Object(Illuminate\\Http\\Request), Object(Closure))
#46 E:\\Projetos Desenvolvimento\\ProjetosPhpStorm\\ProjetosLaravel\
ightlife\\vendor\\laravel\\framework\\src\\Illuminate\\Routing\\Pipeline.php(53): Illuminate\\Pipeline\\Pipeline->Illuminate\\Pipeline\\{closure}(Object(Illuminate\\Http\\Request))
#47 E:\\Projetos Desenvolvimento\\ProjetosPhpStorm\\ProjetosLaravel\
ightlife\\vendor\\laravel\\framework\\src\\Illuminate\\Foundation\\Http\\Middleware\\CheckForMaintenanceMode.php(62): Illuminate\\Routing\\Pipeline->Illuminate\\Routing\\{closure}(Object(Illuminate\\Http\\Request))
#48 E:\\Projetos Desenvolvimento\\ProjetosPhpStorm\\ProjetosLaravel\
ightlife\\vendor\\laravel\\framework\\src\\Illuminate\\Pipeline\\Pipeline.php(163): Illuminate\\Foundation\\Http\\Middleware\\CheckForMaintenanceMode->handle(Object(Illuminate\\Http\\Request), Object(Closure))
#49 E:\\Projetos Desenvolvimento\\ProjetosPhpStorm\\ProjetosLaravel\
ightlife\\vendor\\laravel\\framework\\src\\Illuminate\\Routing\\Pipeline.php(53): Illuminate\\Pipeline\\Pipeline->Illuminate\\Pipeline\\{closure}(Object(Illuminate\\Http\\Request))
#50 E:\\Projetos Desenvolvimento\\ProjetosPhpStorm\\ProjetosLaravel\
ightlife\\vendor\\laravel\\framework\\src\\Illuminate\\Pipeline\\Pipeline.php(104): Illuminate\\Routing\\Pipeline->Illuminate\\Routing\\{closure}(Object(Illuminate\\Http\\Request))
#51 E:\\Projetos Desenvolvimento\\ProjetosPhpStorm\\ProjetosLaravel\
ightlife\\vendor\\laravel\\framework\\src\\Illuminate\\Foundation\\Http\\Kernel.php(151): Illuminate\\Pipeline\\Pipeline->then(Object(Closure))
#52 E:\\Projetos Desenvolvimento\\ProjetosPhpStorm\\ProjetosLaravel\
ightlife\\vendor\\laravel\\framework\\src\\Illuminate\\Foundation\\Http\\Kernel.php(116): Illuminate\\Foundation\\Http\\Kernel->sendRequestThroughRouter(Object(Illuminate\\Http\\Request))
#53 E:\\Projetos Desenvolvimento\\ProjetosPhpStorm\\ProjetosLaravel\
ightlife\\public\\index.php(55): Illuminate\\Foundation\\Http\\Kernel->handle(Object(Illuminate\\Http\\Request))
#54 {main}
"} 
[2020-02-28 01:01:01] local.ERROR: Class 'App\Http\Controllers\Admin\DB' not found {"userId":1,"exception":"[object] (Symfony\\Component\\Debug\\Exception\\FatalThrowableError(code: 0): Class 'App\\Http\\Controllers\\Admin\\DB' not found at E:\\Projetos Desenvolvimento\\ProjetosPhpStorm\\ProjetosLaravel\
ightlife\\app\\Http\\Controllers\\Admin\\EstablishmentController.php:76)
[stacktrace]
#0 [internal function]: App\\Http\\Controllers\\Admin\\EstablishmentController->store(Object(App\\Http\\Requests\\CreateOrUpdateEstablishment))
#1 E:\\Projetos Desenvolvimento\\ProjetosPhpStorm\\ProjetosLaravel\
ightlife\\vendor\\laravel\\framework\\src\\Illuminate\\Routing\\Controller.php(54): call_user_func_array(Array, Array)
#2 E:\\Projetos Desenvolvimento\\ProjetosPhpStorm\\ProjetosLaravel\
ightlife\\vendor\\laravel\\framework\\src\\Illuminate\\Routing\\ControllerDispatcher.php(45): Illuminate\\Routing\\Controller->callAction('store', Array)
#3 E:\\Projetos Desenvolvimento\\ProjetosPhpStorm\\ProjetosLaravel\
ightlife\\vendor\\laravel\\framework\\src\\Illuminate\\Routing\\Route.php(219): Illuminate\\Routing\\ControllerDispatcher->dispatch(Object(Illuminate\\Routing\\Route), Object(App\\Http\\Controllers\\Admin\\EstablishmentController), 'store')
#4 E:\\Projetos Desenvolvimento\\ProjetosPhpStorm\\ProjetosLaravel\
ightlife\\vendor\\laravel\\framework\\src\\Illuminate\\Routing\\Route.php(176): Illuminate\\Routing\\Route->runController()
#5 E:\\Projetos Desenvolvimento\\ProjetosPhpStorm\\ProjetosLaravel\
ightlife\\vendor\\laravel\\framework\\src\\Illuminate\\Routing\\Router.php(680): Illuminate\\Routing\\Route->run()
#6 E:\\Projetos Desenvolvimento\\ProjetosPhpStorm\\ProjetosLaravel\
ightlife\\vendor\\laravel\\framework\\src\\Illuminate\\Routing\\Pipeline.php(30): Illuminate\\Routing\\Router->Illuminate\\Routing\\{closure}(Object(Illuminate\\Http\\Request))
#7 E:\\Projetos Desenvolvimento\\ProjetosPhpStorm\\ProjetosLaravel\
ightlife\\vendor\\laravel\\framework\\src\\Illuminate\\Routing\\Middleware\\SubstituteBindings.php(41): Illuminate\\Routing\\Pipeline->Illuminate\\Routing\\{closure}(Object(Illuminate\\Http\\Request))
#8 E:\\Projetos Desenvolvimento\\ProjetosPhpStorm\\ProjetosLaravel\
ightlife\\vendor\\laravel\\framework\\src\\Illuminate\\Pipeline\\Pipeline.php(163): Illuminate\\Routing\\Middleware\\SubstituteBindings->handle(Object(Illuminate\\Http\\Request), Object(Closure))
#9 E:\\Projetos Desenvolvimento\\ProjetosPhpStorm\\ProjetosLaravel\
ightlife\\vendor\\laravel\\framework\\src\\Illuminate\\Routing\\Pipeline.php(53): Illuminate\\Pipeline\\Pipeline->Illuminate\\Pipeline\\{closure}(Object(Illuminate\\Http\\Request))
#10 E:\\Projetos Desenvolvimento\\ProjetosPhpStorm\\ProjetosLaravel\
ightlife\\vendor\\laravel\\framework\\src\\Illuminate\\Auth\\Middleware\\Authenticate.php(43): Illuminate\\Routing\\Pipeline->Illuminate\\Routing\\{closure}(Object(Illuminate\\Http\\Request))
#11 E:\\Projetos Desenvolvimento\\ProjetosPhpStorm\\ProjetosLaravel\
ightlife\\vendor\\laravel\\framework\\src\\Illuminate\\Pipeline\\Pipeline.php(163): Illuminate\\Auth\\Middleware\\Authenticate->handle(Object(Illuminate\\Http\\Request), Object(Closure))
#12 E:\\Projetos Desenvolvimento\\ProjetosPhpStorm\\ProjetosLaravel\
ightlife\\vendor\\laravel\\framework\\src\\Illuminate\\Routing\\Pipeline.php(53): Illuminate\\Pipeline\\Pipeline->Illuminate\\Pipeline\\{closure}(Object(Illuminate\\Http\\Request))
#13 E:\\Projetos Desenvolvimento\\ProjetosPhpStorm\\ProjetosLaravel\
ightlife\\vendor\\laravel\\framework\\src\\Illuminate\\Foundation\\Http\\Middleware\\VerifyCsrfToken.php(75): Illuminate\\Routing\\Pipeline->Illuminate\\Routing\\{closure}(Object(Illuminate\\Http\\Request))
#14 E:\\Projetos Desenvolvimento\\ProjetosPhpStorm\\ProjetosLaravel\
ightlife\\vendor\\laravel\\framework\\src\\Illuminate\\Pipeline\\Pipeline.php(163): Illuminate\\Foundation\\Http\\Middleware\\VerifyCsrfToken->handle(Object(Illuminate\\Http\\Request), Object(Closure))
#15 E:\\Projetos Desenvolvimento\\ProjetosPhpStorm\\ProjetosLaravel\
ightlife\\vendor\\laravel\\framework\\src\\Illuminate\\Routing\\Pipeline.php(53): Illuminate\\Pipeline\\Pipeline->Illuminate\\Pipeline\\{closure}(Object(Illuminate\\Http\\Request))
#16 E:\\Projetos Desenvolvimento\\ProjetosPhpStorm\\ProjetosLaravel\
ightlife\\vendor\\laravel\\framework\\src\\Illuminate\\View\\Middleware\\ShareErrorsFromSession.php(49): Illuminate\\Routing\\Pipeline->Illuminate\\Routing\\{closure}(Object(Illuminate\\Http\\Request))
#17 E:\\Projetos Desenvolvimento\\ProjetosPhpStorm\\ProjetosLaravel\
ightlife\\vendor\\laravel\\framework\\src\\Illuminate\\Pipeline\\Pipeline.php(163): Illuminate\\View\\Middleware\\ShareErrorsFromSession->handle(Object(Illuminate\\Http\\Request), Object(Closure))
#18 E:\\Projetos Desenvolvimento\\ProjetosPhpStorm\\ProjetosLaravel\
ightlife\\vendor\\laravel\\framework\\src\\Illuminate\\Routing\\Pipeline.php(53): Illuminate\\Pipeline\\Pipeline->Illuminate\\Pipeline\\{closure}(Object(Illuminate\\Http\\Request))
#19 E:\\Projetos Desenvolvimento\\ProjetosPhpStorm\\ProjetosLaravel\
ightlife\\vendor\\laravel\\framework\\src\\Illuminate\\Session\\Middleware\\StartSession.php(56): Illuminate\\Routing\\Pipeline->Illuminate\\Routing\\{closure}(Object(Illuminate\\Http\\Request))
#20 E:\\Projetos Desenvolvimento\\ProjetosPhpStorm\\ProjetosLaravel\
ightlife\\vendor\\laravel\\framework\\src\\Illuminate\\Pipeline\\Pipeline.php(163): Illuminate\\Session\\Middleware\\StartSession->handle(Object(Illuminate\\Http\\Request), Object(Closure))
#21 E:\\Projetos Desenvolvimento\\ProjetosPhpStorm\\ProjetosLaravel\
ightlife\\vendor\\laravel\\framework\\src\\Illuminate\\Routing\\Pipeline.php(53): Illuminate\\Pipeline\\Pipeline->Illuminate\\Pipeline\\{closure}(Object(Illuminate\\Http\\Request))
#22 E:\\Projetos Desenvolvimento\\ProjetosPhpStorm\\ProjetosLaravel\
ightlife\\vendor\\laravel\\framework\\src\\Illuminate\\Cookie\\Middleware\\AddQueuedCookiesToResponse.php(37): Illuminate\\Routing\\Pipeline->Illuminate\\Routing\\{closure}(Object(Illuminate\\Http\\Request))
#23 E:\\Projetos Desenvolvimento\\ProjetosPhpStorm\\ProjetosLaravel\
ightlife\\vendor\\laravel\\framework\\src\\Illuminate\\Pipeline\\Pipeline.php(163): Illuminate\\Cookie\\Middleware\\AddQueuedCookiesToResponse->handle(Object(Illuminate\\Http\\Request), Object(Closure))
#24 E:\\Projetos Desenvolvimento\\ProjetosPhpStorm\\ProjetosLaravel\
ightlife\\vendor\\laravel\\framework\\src\\Illuminate\\Routing\\Pipeline.php(53): Illuminate\\Pipeline\\Pipeline->Illuminate\\Pipeline\\{closure}(Object(Illuminate\\Http\\Request))
#25 E:\\Projetos Desenvolvimento\\ProjetosPhpStorm\\ProjetosLaravel\
ightlife\\vendor\\laravel\\framework\\src\\Illuminate\\Cookie\\Middleware\\EncryptCookies.php(66): Illuminate\\Routing\\Pipeline->Illuminate\\Routing\\{closure}(Object(Illuminate\\Http\\Request))
#26 E:\\Projetos Desenvolvimento\\ProjetosPhpStorm\\ProjetosLaravel\
ightlife\\vendor\\laravel\\framework\\src\\Illuminate\\Pipeline\\Pipeline.php(163): Illuminate\\Cookie\\Middleware\\EncryptCookies->handle(Object(Illuminate\\Http\\Request), Object(Closure))
#27 E:\\Projetos Desenvolvimento\\ProjetosPhpStorm\\ProjetosLaravel\
ightlife\\vendor\\laravel\\framework\\src\\Illuminate\\Routing\\Pipeline.php(53): Illuminate\\Pipeline\\Pipeline->Illuminate\\Pipeline\\{closure}(Object(Illuminate\\Http\\Request))
#28 E:\\Projetos Desenvolvimento\\ProjetosPhpStorm\\ProjetosLaravel\
ightlife\\vendor\\laravel\\framework\\src\\Illuminate\\Pipeline\\Pipeline.php(104): Illuminate\\Routing\\Pipeline->Illuminate\\Routing\\{closure}(Object(Illuminate\\Http\\Request))
#29 E:\\Projetos Desenvolvimento\\ProjetosPhpStorm\\ProjetosLaravel\
ightlife\\vendor\\laravel\\framework\\src\\Illuminate\\Routing\\Router.php(682): Illuminate\\Pipeline\\Pipeline->then(Object(Closure))
#30 E:\\Projetos Desenvolvimento\\ProjetosPhpStorm\\ProjetosLaravel\
ightlife\\vendor\\laravel\\framework\\src\\Illuminate\\Routing\\Router.php(657): Illuminate\\Routing\\Router->runRouteWithinStack(Object(Illuminate\\Routing\\Route), Object(Illuminate\\Http\\Request))
#31 E:\\Projetos Desenvolvimento\\ProjetosPhpStorm\\ProjetosLaravel\
ightlife\\vendor\\laravel\\framework\\src\\Illuminate\\Routing\\Router.php(623): Illuminate\\Routing\\Router->runRoute(Object(Illuminate\\Http\\Request), Object(Illuminate\\Routing\\Route))
#32 E:\\Projetos Desenvolvimento\\ProjetosPhpStorm\\ProjetosLaravel\
ightlife\\vendor\\laravel\\framework\\src\\Illuminate\\Routing\\Router.php(612): Illuminate\\Routing\\Router->dispatchToRoute(Object(Illuminate\\Http\\Request))
#33 E:\\Projetos Desenvolvimento\\ProjetosPhpStorm\\ProjetosLaravel\
ightlife\\vendor\\laravel\\framework\\src\\Illuminate\\Foundation\\Http\\Kernel.php(176): Illuminate\\Routing\\Router->dispatch(Object(Illuminate\\Http\\Request))
#34 E:\\Projetos Desenvolvimento\\ProjetosPhpStorm\\ProjetosLaravel\
ightlife\\vendor\\laravel\\framework\\src\\Illuminate\\Routing\\Pipeline.php(30): Illuminate\\Foundation\\Http\\Kernel->Illuminate\\Foundation\\Http\\{closure}(Object(Illuminate\\Http\\Request))
#35 E:\\Projetos Desenvolvimento\\ProjetosPhpStorm\\ProjetosLaravel\
ightlife\\vendor\\fideloper\\proxy\\src\\TrustProxies.php(57): Illuminate\\Routing\\Pipeline->Illuminate\\Routing\\{closure}(Object(Illuminate\\Http\\Request))
#36 E:\\Projetos Desenvolvimento\\ProjetosPhpStorm\\ProjetosLaravel\
ightlife\\vendor\\laravel\\framework\\src\\Illuminate\\Pipeline\\Pipeline.php(163): Fideloper\\Proxy\\TrustProxies->handle(Object(Illuminate\\Http\\Request), Object(Closure))
#37 E:\\Projetos Desenvolvimento\\ProjetosPhpStorm\\ProjetosLaravel\
ightlife\\vendor\\laravel\\framework\\src\\Illuminate\\Routing\\Pipeline.php(53): Illuminate\\Pipeline\\Pipeline->Illuminate\\Pipeline\\{closure}(Object(Illuminate\\Http\\Request))
#38 E:\\Projetos Desenvolvimento\\ProjetosPhpStorm\\ProjetosLaravel\
ightlife\\vendor\\laravel\\framework\\src\\Illuminate\\Foundation\\Http\\Middleware\\TransformsRequest.php(21): Illuminate\\Routing\\Pipeline->Illuminate\\Routing\\{closure}(Object(Illuminate\\Http\\Request))
#39 E:\\Projetos Desenvolvimento\\ProjetosPhpStorm\\ProjetosLaravel\
ightlife\\vendor\\laravel\\framework\\src\\Illuminate\\Pipeline\\Pipeline.php(163): Illuminate\\Foundation\\Http\\Middleware\\TransformsRequest->handle(Object(Illuminate\\Http\\Request), Object(Closure))
#40 E:\\Projetos Desenvolvimento\\ProjetosPhpStorm\\ProjetosLaravel\
ightlife\\vendor\\laravel\\framework\\src\\Illuminate\\Routing\\Pipeline.php(53): Illuminate\\Pipeline\\Pipeline->Illuminate\\Pipeline\\{closure}(Object(Illuminate\\Http\\Request))
#41 E:\\Projetos Desenvolvimento\\ProjetosPhpStorm\\ProjetosLaravel\
ightlife\\vendor\\laravel\\framework\\src\\Illuminate\\Foundation\\Http\\Middleware\\TransformsRequest.php(21): Illuminate\\Routing\\Pipeline->Illuminate\\Routing\\{closure}(Object(Illuminate\\Http\\Request))
#42 E:\\Projetos Desenvolvimento\\ProjetosPhpStorm\\ProjetosLaravel\
ightlife\\vendor\\laravel\\framework\\src\\Illuminate\\Pipeline\\Pipeline.php(163): Illuminate\\Foundation\\Http\\Middleware\\TransformsRequest->handle(Object(Illuminate\\Http\\Request), Object(Closure))
#43 E:\\Projetos Desenvolvimento\\ProjetosPhpStorm\\ProjetosLaravel\
ightlife\\vendor\\laravel\\framework\\src\\Illuminate\\Routing\\Pipeline.php(53): Illuminate\\Pipeline\\Pipeline->Illuminate\\Pipeline\\{closure}(Object(Illuminate\\Http\\Request))
#44 E:\\Projetos Desenvolvimento\\ProjetosPhpStorm\\ProjetosLaravel\
ightlife\\vendor\\laravel\\framework\\src\\Illuminate\\Foundation\\Http\\Middleware\\ValidatePostSize.php(27): Illuminate\\Routing\\Pipeline->Illuminate\\Routing\\{closure}(Object(Illuminate\\Http\\Request))
#45 E:\\Projetos Desenvolvimento\\ProjetosPhpStorm\\ProjetosLaravel\
ightlife\\vendor\\laravel\\framework\\src\\Illuminate\\Pipeline\\Pipeline.php(163): Illuminate\\Foundation\\Http\\Middleware\\ValidatePostSize->handle(Object(Illuminate\\Http\\Request), Object(Closure))
#46 E:\\Projetos Desenvolvimento\\ProjetosPhpStorm\\ProjetosLaravel\
ightlife\\vendor\\laravel\\framework\\src\\Illuminate\\Routing\\Pipeline.php(53): Illuminate\\Pipeline\\Pipeline->Illuminate\\Pipeline\\{closure}(Object(Illuminate\\Http\\Request))
#47 E:\\Projetos Desenvolvimento\\ProjetosPhpStorm\\ProjetosLaravel\
ightlife\\vendor\\laravel\\framework\\src\\Illuminate\\Foundation\\Http\\Middleware\\CheckForMaintenanceMode.php(62): Illuminate\\Routing\\Pipeline->Illuminate\\Routing\\{closure}(Object(Illuminate\\Http\\Request))
#48 E:\\Projetos Desenvolvimento\\ProjetosPhpStorm\\ProjetosLaravel\
ightlife\\vendor\\laravel\\framework\\src\\Illuminate\\Pipeline\\Pipeline.php(163): Illuminate\\Foundation\\Http\\Middleware\\CheckForMaintenanceMode->handle(Object(Illuminate\\Http\\Request), Object(Closure))
#49 E:\\Projetos Desenvolvimento\\ProjetosPhpStorm\\ProjetosLaravel\
ightlife\\vendor\\laravel\\framework\\src\\Illuminate\\Routing\\Pipeline.php(53): Illuminate\\Pipeline\\Pipeline->Illuminate\\Pipeline\\{closure}(Object(Illuminate\\Http\\Request))
#50 E:\\Projetos Desenvolvimento\\ProjetosPhpStorm\\ProjetosLaravel\
ightlife\\vendor\\laravel\\framework\\src\\Illuminate\\Pipeline\\Pipeline.php(104): Illuminate\\Routing\\Pipeline->Illuminate\\Routing\\{closure}(Object(Illuminate\\Http\\Request))
#51 E:\\Projetos Desenvolvimento\\ProjetosPhpStorm\\ProjetosLaravel\
ightlife\\vendor\\laravel\\framework\\src\\Illuminate\\Foundation\\Http\\Kernel.php(151): Illuminate\\Pipeline\\Pipeline->then(Object(Closure))
#52 E:\\Projetos Desenvolvimento\\ProjetosPhpStorm\\ProjetosLaravel\
ightlife\\vendor\\laravel\\framework\\src\\Illuminate\\Foundation\\Http\\Kernel.php(116): Illuminate\\Foundation\\Http\\Kernel->sendRequestThroughRouter(Object(Illuminate\\Http\\Request))
#53 E:\\Projetos Desenvolvimento\\ProjetosPhpStorm\\ProjetosLaravel\
ightlife\\public\\index.php(55): Illuminate\\Foundation\\Http\\Kernel->handle(Object(Illuminate\\Http\\Request))
#54 {main}
"} 
[2020-02-28 01:27:26] local.ERROR: Undefined variable: establishment (View: E:\Projetos Desenvolvimento\ProjetosPhpStorm\ProjetosLaravel\nightlife\resources\views\admin\establishment\index.blade.php) {"userId":1,"exception":"[object] (ErrorException(code: 0): Undefined variable: establishment (View: E:\\Projetos Desenvolvimento\\ProjetosPhpStorm\\ProjetosLaravel\
ightlife\esources\\views\\admin\\establishment\\index.blade.php) at E:\\Projetos Desenvolvimento\\ProjetosPhpStorm\\ProjetosLaravel\
ightlife\\storage\\framework\\views\\053e0c4d5ec0ea8a9b79dab3ceda53fcc0ebb825.php:8, ErrorException(code: 0): Undefined variable: establishment at E:\\Projetos Desenvolvimento\\ProjetosPhpStorm\\ProjetosLaravel\
ightlife\\storage\\framework\\views\\053e0c4d5ec0ea8a9b79dab3ceda53fcc0ebb825.php:8)
[stacktrace]
#0 E:\\Projetos Desenvolvimento\\ProjetosPhpStorm\\ProjetosLaravel\
ightlife\\vendor\\laravel\\framework\\src\\Illuminate\\View\\Engines\\PhpEngine.php(45): Illuminate\\View\\Engines\\CompilerEngine->handleViewException(Object(ErrorException), 1)
#1 E:\\Projetos Desenvolvimento\\ProjetosPhpStorm\\ProjetosLaravel\
ightlife\\vendor\\laravel\\framework\\src\\Illuminate\\View\\Engines\\CompilerEngine.php(59): Illuminate\\View\\Engines\\PhpEngine->evaluatePath('E:\\\\Projetos Des...', Array)
#2 E:\\Projetos Desenvolvimento\\ProjetosPhpStorm\\ProjetosLaravel\
ightlife\\vendor\\laravel\\framework\\src\\Illuminate\\View\\View.php(142): Illuminate\\View\\Engines\\CompilerEngine->get('E:\\\\Projetos Des...', Array)
#3 E:\\Projetos Desenvolvimento\\ProjetosPhpStorm\\ProjetosLaravel\
ightlife\\vendor\\laravel\\framework\\src\\Illuminate\\View\\View.php(125): Illuminate\\View\\View->getContents()
#4 E:\\Projetos Desenvolvimento\\ProjetosPhpStorm\\ProjetosLaravel\
ightlife\\vendor\\laravel\\framework\\src\\Illuminate\\View\\View.php(90): Illuminate\\View\\View->renderContents()
#5 E:\\Projetos Desenvolvimento\\ProjetosPhpStorm\\ProjetosLaravel\
ightlife\\vendor\\laravel\\framework\\src\\Illuminate\\Http\\Response.php(42): Illuminate\\View\\View->render()
#6 E:\\Projetos Desenvolvimento\\ProjetosPhpStorm\\ProjetosLaravel\
ightlife\\vendor\\symfony\\http-foundation\\Response.php(202): Illuminate\\Http\\Response->setContent(Object(Illuminate\\View\\View))
#7 E:\\Projetos Desenvolvimento\\ProjetosPhpStorm\\ProjetosLaravel\
ightlife\\vendor\\laravel\\framework\\src\\Illuminate\\Routing\\Router.php(748): Symfony\\Component\\HttpFoundation\\Response->__construct(Object(Illuminate\\View\\View))
#8 E:\\Projetos Desenvolvimento\\ProjetosPhpStorm\\ProjetosLaravel\
ightlife\\vendor\\laravel\\framework\\src\\Illuminate\\Routing\\Router.php(720): Illuminate\\Routing\\Router::toResponse(Object(Illuminate\\Http\\Request), Object(Illuminate\\View\\View))
#9 E:\\Projetos Desenvolvimento\\ProjetosPhpStorm\\ProjetosLaravel\
ightlife\\vendor\\laravel\\framework\\src\\Illuminate\\Routing\\Router.php(680): Illuminate\\Routing\\Router->prepareResponse(Object(Illuminate\\Http\\Request), Object(Illuminate\\View\\View))
#10 E:\\Projetos Desenvolvimento\\ProjetosPhpStorm\\ProjetosLaravel\
ightlife\\vendor\\laravel\\framework\\src\\Illuminate\\Routing\\Pipeline.php(30): Illuminate\\Routing\\Router->Illuminate\\Routing\\{closure}(Object(Illuminate\\Http\\Request))
#11 E:\\Projetos Desenvolvimento\\ProjetosPhpStorm\\ProjetosLaravel\
ightlife\\vendor\\laravel\\framework\\src\\Illuminate\\Routing\\Middleware\\SubstituteBindings.php(41): Illuminate\\Routing\\Pipeline->Illuminate\\Routing\\{closure}(Object(Illuminate\\Http\\Request))
#12 E:\\Projetos Desenvolvimento\\ProjetosPhpStorm\\ProjetosLaravel\
ightlife\\vendor\\laravel\\framework\\src\\Illuminate\\Pipeline\\Pipeline.php(163): Illuminate\\Routing\\Middleware\\SubstituteBindings->handle(Object(Illuminate\\Http\\Request), Object(Closure))
#13 E:\\Projetos Desenvolvimento\\ProjetosPhpStorm\\ProjetosLaravel\
ightlife\\vendor\\laravel\\framework\\src\\Illuminate\\Routing\\Pipeline.php(53): Illuminate\\Pipeline\\Pipeline->Illuminate\\Pipeline\\{closure}(Object(Illuminate\\Http\\Request))
#14 E:\\Projetos Desenvolvimento\\ProjetosPhpStorm\\ProjetosLaravel\
ightlife\\vendor\\laravel\\framework\\src\\Illuminate\\Auth\\Middleware\\Authenticate.php(43): Illuminate\\Routing\\Pipeline->Illuminate\\Routing\\{closure}(Object(Illuminate\\Http\\Request))
#15 E:\\Projetos Desenvolvimento\\ProjetosPhpStorm\\ProjetosLaravel\
ightlife\\vendor\\laravel\\framework\\src\\Illuminate\\Pipeline\\Pipeline.php(163): Illuminate\\Auth\\Middleware\\Authenticate->handle(Object(Illuminate\\Http\\Request), Object(Closure))
#16 E:\\Projetos Desenvolvimento\\ProjetosPhpStorm\\ProjetosLaravel\
ightlife\\vendor\\laravel\\framework\\src\\Illuminate\\Routing\\Pipeline.php(53): Illuminate\\Pipeline\\Pipeline->Illuminate\\Pipeline\\{closure}(Object(Illuminate\\Http\\Request))
#17 E:\\Projetos Desenvolvimento\\ProjetosPhpStorm\\ProjetosLaravel\
ightlife\\vendor\\laravel\\framework\\src\\Illuminate\\Foundation\\Http\\Middleware\\VerifyCsrfToken.php(75): Illuminate\\Routing\\Pipeline->Illuminate\\Routing\\{closure}(Object(Illuminate\\Http\\Request))
#18 E:\\Projetos Desenvolvimento\\ProjetosPhpStorm\\ProjetosLaravel\
ightlife\\vendor\\laravel\\framework\\src\\Illuminate\\Pipeline\\Pipeline.php(163): Illuminate\\Foundation\\Http\\Middleware\\VerifyCsrfToken->handle(Object(Illuminate\\Http\\Request), Object(Closure))
#19 E:\\Projetos Desenvolvimento\\ProjetosPhpStorm\\ProjetosLaravel\
ightlife\\vendor\\laravel\\framework\\src\\Illuminate\\Routing\\Pipeline.php(53): Illuminate\\Pipeline\\Pipeline->Illuminate\\Pipeline\\{closure}(Object(Illuminate\\Http\\Request))
#20 E:\\Projetos Desenvolvimento\\ProjetosPhpStorm\\ProjetosLaravel\
ightlife\\vendor\\laravel\\framework\\src\\Illuminate\\View\\Middleware\\ShareErrorsFromSession.php(49): Illuminate\\Routing\\Pipeline->Illuminate\\Routing\\{closure}(Object(Illuminate\\Http\\Request))
#21 E:\\Projetos Desenvolvimento\\ProjetosPhpStorm\\ProjetosLaravel\
ightlife\\vendor\\laravel\\framework\\src\\Illuminate\\Pipeline\\Pipeline.php(163): Illuminate\\View\\Middleware\\ShareErrorsFromSession->handle(Object(Illuminate\\Http\\Request), Object(Closure))
#22 E:\\Projetos Desenvolvimento\\ProjetosPhpStorm\\ProjetosLaravel\
ightlife\\vendor\\laravel\\framework\\src\\Illuminate\\Routing\\Pipeline.php(53): Illuminate\\Pipeline\\Pipeline->Illuminate\\Pipeline\\{closure}(Object(Illuminate\\Http\\Request))
#23 E:\\Projetos Desenvolvimento\\ProjetosPhpStorm\\ProjetosLaravel\
ightlife\\vendor\\laravel\\framework\\src\\Illuminate\\Session\\Middleware\\StartSession.php(56): Illuminate\\Routing\\Pipeline->Illuminate\\Routing\\{closure}(Object(Illuminate\\Http\\Request))
#24 E:\\Projetos Desenvolvimento\\ProjetosPhpStorm\\ProjetosLaravel\
ightlife\\vendor\\laravel\\framework\\src\\Illuminate\\Pipeline\\Pipeline.php(163): Illuminate\\Session\\Middleware\\StartSession->handle(Object(Illuminate\\Http\\Request), Object(Closure))
#25 E:\\Projetos Desenvolvimento\\ProjetosPhpStorm\\ProjetosLaravel\
ightlife\\vendor\\laravel\\framework\\src\\Illuminate\\Routing\\Pipeline.php(53): Illuminate\\Pipeline\\Pipeline->Illuminate\\Pipeline\\{closure}(Object(Illuminate\\Http\\Request))
#26 E:\\Projetos Desenvolvimento\\ProjetosPhpStorm\\ProjetosLaravel\
ightlife\\vendor\\laravel\\framework\\src\\Illuminate\\Cookie\\Middleware\\AddQueuedCookiesToResponse.php(37): Illuminate\\Routing\\Pipeline->Illuminate\\Routing\\{closure}(Object(Illuminate\\Http\\Request))
#27 E:\\Projetos Desenvolvimento\\ProjetosPhpStorm\\ProjetosLaravel\
ightlife\\vendor\\laravel\\framework\\src\\Illuminate\\Pipeline\\Pipeline.php(163): Illuminate\\Cookie\\Middleware\\AddQueuedCookiesToResponse->handle(Object(Illuminate\\Http\\Request), Object(Closure))
#28 E:\\Projetos Desenvolvimento\\ProjetosPhpStorm\\ProjetosLaravel\
ightlife\\vendor\\laravel\\framework\\src\\Illuminate\\Routing\\Pipeline.php(53): Illuminate\\Pipeline\\Pipeline->Illuminate\\Pipeline\\{closure}(Object(Illuminate\\Http\\Request))
#29 E:\\Projetos Desenvolvimento\\ProjetosPhpStorm\\ProjetosLaravel\
ightlife\\vendor\\laravel\\framework\\src\\Illuminate\\Cookie\\Middleware\\EncryptCookies.php(66): Illuminate\\Routing\\Pipeline->Illuminate\\Routing\\{closure}(Object(Illuminate\\Http\\Request))
#30 E:\\Projetos Desenvolvimento\\ProjetosPhpStorm\\ProjetosLaravel\
ightlife\\vendor\\laravel\\framework\\src\\Illuminate\\Pipeline\\Pipeline.php(163): Illuminate\\Cookie\\Middleware\\EncryptCookies->handle(Object(Illuminate\\Http\\Request), Object(Closure))
#31 E:\\Projetos Desenvolvimento\\ProjetosPhpStorm\\ProjetosLaravel\
ightlife\\vendor\\laravel\\framework\\src\\Illuminate\\Routing\\Pipeline.php(53): Illuminate\\Pipeline\\Pipeline->Illuminate\\Pipeline\\{closure}(Object(Illuminate\\Http\\Request))
#32 E:\\Projetos Desenvolvimento\\ProjetosPhpStorm\\ProjetosLaravel\
ightlife\\vendor\\laravel\\framework\\src\\Illuminate\\Pipeline\\Pipeline.php(104): Illuminate\\Routing\\Pipeline->Illuminate\\Routing\\{closure}(Object(Illuminate\\Http\\Request))
#33 E:\\Projetos Desenvolvimento\\ProjetosPhpStorm\\ProjetosLaravel\
ightlife\\vendor\\laravel\\framework\\src\\Illuminate\\Routing\\Router.php(682): Illuminate\\Pipeline\\Pipeline->then(Object(Closure))
#34 E:\\Projetos Desenvolvimento\\ProjetosPhpStorm\\ProjetosLaravel\
ightlife\\vendor\\laravel\\framework\\src\\Illuminate\\Routing\\Router.php(657): Illuminate\\Routing\\Router->runRouteWithinStack(Object(Illuminate\\Routing\\Route), Object(Illuminate\\Http\\Request))
#35 E:\\Projetos Desenvolvimento\\ProjetosPhpStorm\\ProjetosLaravel\
ightlife\\vendor\\laravel\\framework\\src\\Illuminate\\Routing\\Router.php(623): Illuminate\\Routing\\Router->runRoute(Object(Illuminate\\Http\\Request), Object(Illuminate\\Routing\\Route))
#36 E:\\Projetos Desenvolvimento\\ProjetosPhpStorm\\ProjetosLaravel\
ightlife\\vendor\\laravel\\framework\\src\\Illuminate\\Routing\\Router.php(612): Illuminate\\Routing\\Router->dispatchToRoute(Object(Illuminate\\Http\\Request))
#37 E:\\Projetos Desenvolvimento\\ProjetosPhpStorm\\ProjetosLaravel\
ightlife\\vendor\\laravel\\framework\\src\\Illuminate\\Foundation\\Http\\Kernel.php(176): Illuminate\\Routing\\Router->dispatch(Object(Illuminate\\Http\\Request))
#38 E:\\Projetos Desenvolvimento\\ProjetosPhpStorm\\ProjetosLaravel\
ightlife\\vendor\\laravel\\framework\\src\\Illuminate\\Routing\\Pipeline.php(30): Illuminate\\Foundation\\Http\\Kernel->Illuminate\\Foundation\\Http\\{closure}(Object(Illuminate\\Http\\Request))
#39 E:\\Projetos Desenvolvimento\\ProjetosPhpStorm\\ProjetosLaravel\
ightlife\\vendor\\fideloper\\proxy\\src\\TrustProxies.php(57): Illuminate\\Routing\\Pipeline->Illuminate\\Routing\\{closure}(Object(Illuminate\\Http\\Request))
#40 E:\\Projetos Desenvolvimento\\ProjetosPhpStorm\\ProjetosLaravel\
ightlife\\vendor\\laravel\\framework\\src\\Illuminate\\Pipeline\\Pipeline.php(163): Fideloper\\Proxy\\TrustProxies->handle(Object(Illuminate\\Http\\Request), Object(Closure))
#41 E:\\Projetos Desenvolvimento\\ProjetosPhpStorm\\ProjetosLaravel\
ightlife\\vendor\\laravel\\framework\\src\\Illuminate\\Routing\\Pipeline.php(53): Illuminate\\Pipeline\\Pipeline->Illuminate\\Pipeline\\{closure}(Object(Illuminate\\Http\\Request))
#42 E:\\Projetos Desenvolvimento\\ProjetosPhpStorm\\ProjetosLaravel\
ightlife\\vendor\\laravel\\framework\\src\\Illuminate\\Foundation\\Http\\Middleware\\TransformsRequest.php(21): Illuminate\\Routing\\Pipeline->Illuminate\\Routing\\{closure}(Object(Illuminate\\Http\\Request))
#43 E:\\Projetos Desenvolvimento\\ProjetosPhpStorm\\ProjetosLaravel\
ightlife\\vendor\\laravel\\framework\\src\\Illuminate\\Pipeline\\Pipeline.php(163): Illuminate\\Foundation\\Http\\Middleware\\TransformsRequest->handle(Object(Illuminate\\Http\\Request), Object(Closure))
#44 E:\\Projetos Desenvolvimento\\ProjetosPhpStorm\\ProjetosLaravel\
ightlife\\vendor\\laravel\\framework\\src\\Illuminate\\Routing\\Pipeline.php(53): Illuminate\\Pipeline\\Pipeline->Illuminate\\Pipeline\\{closure}(Object(Illuminate\\Http\\Request))
#45 E:\\Projetos Desenvolvimento\\ProjetosPhpStorm\\ProjetosLaravel\
ightlife\\vendor\\laravel\\framework\\src\\Illuminate\\Foundation\\Http\\Middleware\\TransformsRequest.php(21): Illuminate\\Routing\\Pipeline->Illuminate\\Routing\\{closure}(Object(Illuminate\\Http\\Request))
#46 E:\\Projetos Desenvolvimento\\ProjetosPhpStorm\\ProjetosLaravel\
ightlife\\vendor\\laravel\\framework\\src\\Illuminate\\Pipeline\\Pipeline.php(163): Illuminate\\Foundation\\Http\\Middleware\\TransformsRequest->handle(Object(Illuminate\\Http\\Request), Object(Closure))
#47 E:\\Projetos Desenvolvimento\\ProjetosPhpStorm\\ProjetosLaravel\
ightlife\\vendor\\laravel\\framework\\src\\Illuminate\\Routing\\Pipeline.php(53): Illuminate\\Pipeline\\Pipeline->Illuminate\\Pipeline\\{closure}(Object(Illuminate\\Http\\Request))
#48 E:\\Projetos Desenvolvimento\\ProjetosPhpStorm\\ProjetosLaravel\
ightlife\\vendor\\laravel\\framework\\src\\Illuminate\\Foundation\\Http\\Middleware\\ValidatePostSize.php(27): Illuminate\\Routing\\Pipeline->Illuminate\\Routing\\{closure}(Object(Illuminate\\Http\\Request))
#49 E:\\Projetos Desenvolvimento\\ProjetosPhpStorm\\ProjetosLaravel\
ightlife\\vendor\\laravel\\framework\\src\\Illuminate\\Pipeline\\Pipeline.php(163): Illuminate\\Foundation\\Http\\Middleware\\ValidatePostSize->handle(Object(Illuminate\\Http\\Request), Object(Closure))
#50 E:\\Projetos Desenvolvimento\\ProjetosPhpStorm\\ProjetosLaravel\
ightlife\\vendor\\laravel\\framework\\src\\Illuminate\\Routing\\Pipeline.php(53): Illuminate\\Pipeline\\Pipeline->Illuminate\\Pipeline\\{closure}(Object(Illuminate\\Http\\Request))
#51 E:\\Projetos Desenvolvimento\\ProjetosPhpStorm\\ProjetosLaravel\
ightlife\\vendor\\laravel\\framework\\src\\Illuminate\\Foundation\\Http\\Middleware\\CheckForMaintenanceMode.php(62): Illuminate\\Routing\\Pipeline->Illuminate\\Routing\\{closure}(Object(Illuminate\\Http\\Request))
#52 E:\\Projetos Desenvolvimento\\ProjetosPhpStorm\\ProjetosLaravel\
ightlife\\vendor\\laravel\\framework\\src\\Illuminate\\Pipeline\\Pipeline.php(163): Illuminate\\Foundation\\Http\\Middleware\\CheckForMaintenanceMode->handle(Object(Illuminate\\Http\\Request), Object(Closure))
#53 E:\\Projetos Desenvolvimento\\ProjetosPhpStorm\\ProjetosLaravel\
ightlife\\vendor\\laravel\\framework\\src\\Illuminate\\Routing\\Pipeline.php(53): Illuminate\\Pipeline\\Pipeline->Illuminate\\Pipeline\\{closure}(Object(Illuminate\\Http\\Request))
#54 E:\\Projetos Desenvolvimento\\ProjetosPhpStorm\\ProjetosLaravel\
ightlife\\vendor\\laravel\\framework\\src\\Illuminate\\Pipeline\\Pipeline.php(104): Illuminate\\Routing\\Pipeline->Illuminate\\Routing\\{closure}(Object(Illuminate\\Http\\Request))
#55 E:\\Projetos Desenvolvimento\\ProjetosPhpStorm\\ProjetosLaravel\
ightlife\\vendor\\laravel\\framework\\src\\Illuminate\\Foundation\\Http\\Kernel.php(151): Illuminate\\Pipeline\\Pipeline->then(Object(Closure))
#56 E:\\Projetos Desenvolvimento\\ProjetosPhpStorm\\ProjetosLaravel\
ightlife\\vendor\\laravel\\framework\\src\\Illuminate\\Foundation\\Http\\Kernel.php(116): Illuminate\\Foundation\\Http\\Kernel->sendRequestThroughRouter(Object(Illuminate\\Http\\Request))
#57 E:\\Projetos Desenvolvimento\\ProjetosPhpStorm\\ProjetosLaravel\
ightlife\\public\\index.php(55): Illuminate\\Foundation\\Http\\Kernel->handle(Object(Illuminate\\Http\\Request))
#58 {main}
"} 
[2020-02-28 01:28:24] local.ERROR: Breadcrumb not found with name "establishment.index" (View: E:\Projetos Desenvolvimento\ProjetosPhpStorm\ProjetosLaravel\nightlife\resources\views\admin\establishment\index.blade.php) {"userId":1,"exception":"[object] (ErrorException(code: 0): Breadcrumb not found with name \"establishment.index\" (View: E:\\Projetos Desenvolvimento\\ProjetosPhpStorm\\ProjetosLaravel\
ightlife\esources\\views\\admin\\establishment\\index.blade.php) at E:\\Projetos Desenvolvimento\\ProjetosPhpStorm\\ProjetosLaravel\
ightlife\\vendor\\davejamesmiller\\laravel-breadcrumbs\\src\\BreadcrumbsGenerator.php:65, DaveJamesMiller\\Breadcrumbs\\Exceptions\\InvalidBreadcrumbException(code: 0): Breadcrumb not found with name \"establishment.index\" at E:\\Projetos Desenvolvimento\\ProjetosPhpStorm\\ProjetosLaravel\
ightlife\\vendor\\davejamesmiller\\laravel-breadcrumbs\\src\\BreadcrumbsGenerator.php:65)
[stacktrace]
#0 E:\\Projetos Desenvolvimento\\ProjetosPhpStorm\\ProjetosLaravel\
ightlife\\vendor\\laravel\\framework\\src\\Illuminate\\View\\Engines\\PhpEngine.php(45): Illuminate\\View\\Engines\\CompilerEngine->handleViewException(Object(DaveJamesMiller\\Breadcrumbs\\Exceptions\\InvalidBreadcrumbException), 1)
#1 E:\\Projetos Desenvolvimento\\ProjetosPhpStorm\\ProjetosLaravel\
ightlife\\vendor\\laravel\\framework\\src\\Illuminate\\View\\Engines\\CompilerEngine.php(59): Illuminate\\View\\Engines\\PhpEngine->evaluatePath('E:\\\\Projetos Des...', Array)
#2 E:\\Projetos Desenvolvimento\\ProjetosPhpStorm\\ProjetosLaravel\
ightlife\\vendor\\laravel\\framework\\src\\Illuminate\\View\\View.php(142): Illuminate\\View\\Engines\\CompilerEngine->get('E:\\\\Projetos Des...', Array)
#3 E:\\Projetos Desenvolvimento\\ProjetosPhpStorm\\ProjetosLaravel\
ightlife\\vendor\\laravel\\framework\\src\\Illuminate\\View\\View.php(125): Illuminate\\View\\View->getContents()
#4 E:\\Projetos Desenvolvimento\\ProjetosPhpStorm\\ProjetosLaravel\
ightlife\\vendor\\laravel\\framework\\src\\Illuminate\\View\\View.php(90): Illuminate\\View\\View->renderContents()
#5 E:\\Projetos Desenvolvimento\\ProjetosPhpStorm\\ProjetosLaravel\
ightlife\\vendor\\laravel\\framework\\src\\Illuminate\\Http\\Response.php(42): Illuminate\\View\\View->render()
#6 E:\\Projetos Desenvolvimento\\ProjetosPhpStorm\\ProjetosLaravel\
ightlife\\vendor\\symfony\\http-foundation\\Response.php(202): Illuminate\\Http\\Response->setContent(Object(Illuminate\\View\\View))
#7 E:\\Projetos Desenvolvimento\\ProjetosPhpStorm\\ProjetosLaravel\
ightlife\\vendor\\laravel\\framework\\src\\Illuminate\\Routing\\Router.php(748): Symfony\\Component\\HttpFoundation\\Response->__construct(Object(Illuminate\\View\\View))
#8 E:\\Projetos Desenvolvimento\\ProjetosPhpStorm\\ProjetosLaravel\
ightlife\\vendor\\laravel\\framework\\src\\Illuminate\\Routing\\Router.php(720): Illuminate\\Routing\\Router::toResponse(Object(Illuminate\\Http\\Request), Object(Illuminate\\View\\View))
#9 E:\\Projetos Desenvolvimento\\ProjetosPhpStorm\\ProjetosLaravel\
ightlife\\vendor\\laravel\\framework\\src\\Illuminate\\Routing\\Router.php(680): Illuminate\\Routing\\Router->prepareResponse(Object(Illuminate\\Http\\Request), Object(Illuminate\\View\\View))
#10 E:\\Projetos Desenvolvimento\\ProjetosPhpStorm\\ProjetosLaravel\
ightlife\\vendor\\laravel\\framework\\src\\Illuminate\\Routing\\Pipeline.php(30): Illuminate\\Routing\\Router->Illuminate\\Routing\\{closure}(Object(Illuminate\\Http\\Request))
#11 E:\\Projetos Desenvolvimento\\ProjetosPhpStorm\\ProjetosLaravel\
ightlife\\vendor\\laravel\\framework\\src\\Illuminate\\Routing\\Middleware\\SubstituteBindings.php(41): Illuminate\\Routing\\Pipeline->Illuminate\\Routing\\{closure}(Object(Illuminate\\Http\\Request))
#12 E:\\Projetos Desenvolvimento\\ProjetosPhpStorm\\ProjetosLaravel\
ightlife\\vendor\\laravel\\framework\\src\\Illuminate\\Pipeline\\Pipeline.php(163): Illuminate\\Routing\\Middleware\\SubstituteBindings->handle(Object(Illuminate\\Http\\Request), Object(Closure))
#13 E:\\Projetos Desenvolvimento\\ProjetosPhpStorm\\ProjetosLaravel\
ightlife\\vendor\\laravel\\framework\\src\\Illuminate\\Routing\\Pipeline.php(53): Illuminate\\Pipeline\\Pipeline->Illuminate\\Pipeline\\{closure}(Object(Illuminate\\Http\\Request))
#14 E:\\Projetos Desenvolvimento\\ProjetosPhpStorm\\ProjetosLaravel\
ightlife\\vendor\\laravel\\framework\\src\\Illuminate\\Auth\\Middleware\\Authenticate.php(43): Illuminate\\Routing\\Pipeline->Illuminate\\Routing\\{closure}(Object(Illuminate\\Http\\Request))
#15 E:\\Projetos Desenvolvimento\\ProjetosPhpStorm\\ProjetosLaravel\
ightlife\\vendor\\laravel\\framework\\src\\Illuminate\\Pipeline\\Pipeline.php(163): Illuminate\\Auth\\Middleware\\Authenticate->handle(Object(Illuminate\\Http\\Request), Object(Closure))
#16 E:\\Projetos Desenvolvimento\\ProjetosPhpStorm\\ProjetosLaravel\
ightlife\\vendor\\laravel\\framework\\src\\Illuminate\\Routing\\Pipeline.php(53): Illuminate\\Pipeline\\Pipeline->Illuminate\\Pipeline\\{closure}(Object(Illuminate\\Http\\Request))
#17 E:\\Projetos Desenvolvimento\\ProjetosPhpStorm\\ProjetosLaravel\
ightlife\\vendor\\laravel\\framework\\src\\Illuminate\\Foundation\\Http\\Middleware\\VerifyCsrfToken.php(75): Illuminate\\Routing\\Pipeline->Illuminate\\Routing\\{closure}(Object(Illuminate\\Http\\Request))
#18 E:\\Projetos Desenvolvimento\\ProjetosPhpStorm\\ProjetosLaravel\
ightlife\\vendor\\laravel\\framework\\src\\Illuminate\\Pipeline\\Pipeline.php(163): Illuminate\\Foundation\\Http\\Middleware\\VerifyCsrfToken->handle(Object(Illuminate\\Http\\Request), Object(Closure))
#19 E:\\Projetos Desenvolvimento\\ProjetosPhpStorm\\ProjetosLaravel\
ightlife\\vendor\\laravel\\framework\\src\\Illuminate\\Routing\\Pipeline.php(53): Illuminate\\Pipeline\\Pipeline->Illuminate\\Pipeline\\{closure}(Object(Illuminate\\Http\\Request))
#20 E:\\Projetos Desenvolvimento\\ProjetosPhpStorm\\ProjetosLaravel\
ightlife\\vendor\\laravel\\framework\\src\\Illuminate\\View\\Middleware\\ShareErrorsFromSession.php(49): Illuminate\\Routing\\Pipeline->Illuminate\\Routing\\{closure}(Object(Illuminate\\Http\\Request))
#21 E:\\Projetos Desenvolvimento\\ProjetosPhpStorm\\ProjetosLaravel\
ightlife\\vendor\\laravel\\framework\\src\\Illuminate\\Pipeline\\Pipeline.php(163): Illuminate\\View\\Middleware\\ShareErrorsFromSession->handle(Object(Illuminate\\Http\\Request), Object(Closure))
#22 E:\\Projetos Desenvolvimento\\ProjetosPhpStorm\\ProjetosLaravel\
ightlife\\vendor\\laravel\\framework\\src\\Illuminate\\Routing\\Pipeline.php(53): Illuminate\\Pipeline\\Pipeline->Illuminate\\Pipeline\\{closure}(Object(Illuminate\\Http\\Request))
#23 E:\\Projetos Desenvolvimento\\ProjetosPhpStorm\\ProjetosLaravel\
ightlife\\vendor\\laravel\\framework\\src\\Illuminate\\Session\\Middleware\\StartSession.php(56): Illuminate\\Routing\\Pipeline->Illuminate\\Routing\\{closure}(Object(Illuminate\\Http\\Request))
#24 E:\\Projetos Desenvolvimento\\ProjetosPhpStorm\\ProjetosLaravel\
ightlife\\vendor\\laravel\\framework\\src\\Illuminate\\Pipeline\\Pipeline.php(163): Illuminate\\Session\\Middleware\\StartSession->handle(Object(Illuminate\\Http\\Request), Object(Closure))
#25 E:\\Projetos Desenvolvimento\\ProjetosPhpStorm\\ProjetosLaravel\
ightlife\\vendor\\laravel\\framework\\src\\Illuminate\\Routing\\Pipeline.php(53): Illuminate\\Pipeline\\Pipeline->Illuminate\\Pipeline\\{closure}(Object(Illuminate\\Http\\Request))
#26 E:\\Projetos Desenvolvimento\\ProjetosPhpStorm\\ProjetosLaravel\
ightlife\\vendor\\laravel\\framework\\src\\Illuminate\\Cookie\\Middleware\\AddQueuedCookiesToResponse.php(37): Illuminate\\Routing\\Pipeline->Illuminate\\Routing\\{closure}(Object(Illuminate\\Http\\Request))
#27 E:\\Projetos Desenvolvimento\\ProjetosPhpStorm\\ProjetosLaravel\
ightlife\\vendor\\laravel\\framework\\src\\Illuminate\\Pipeline\\Pipeline.php(163): Illuminate\\Cookie\\Middleware\\AddQueuedCookiesToResponse->handle(Object(Illuminate\\Http\\Request), Object(Closure))
#28 E:\\Projetos Desenvolvimento\\ProjetosPhpStorm\\ProjetosLaravel\
ightlife\\vendor\\laravel\\framework\\src\\Illuminate\\Routing\\Pipeline.php(53): Illuminate\\Pipeline\\Pipeline->Illuminate\\Pipeline\\{closure}(Object(Illuminate\\Http\\Request))
#29 E:\\Projetos Desenvolvimento\\ProjetosPhpStorm\\ProjetosLaravel\
ightlife\\vendor\\laravel\\framework\\src\\Illuminate\\Cookie\\Middleware\\EncryptCookies.php(66): Illuminate\\Routing\\Pipeline->Illuminate\\Routing\\{closure}(Object(Illuminate\\Http\\Request))
#30 E:\\Projetos Desenvolvimento\\ProjetosPhpStorm\\ProjetosLaravel\
ightlife\\vendor\\laravel\\framework\\src\\Illuminate\\Pipeline\\Pipeline.php(163): Illuminate\\Cookie\\Middleware\\EncryptCookies->handle(Object(Illuminate\\Http\\Request), Object(Closure))
#31 E:\\Projetos Desenvolvimento\\ProjetosPhpStorm\\ProjetosLaravel\
ightlife\\vendor\\laravel\\framework\\src\\Illuminate\\Routing\\Pipeline.php(53): Illuminate\\Pipeline\\Pipeline->Illuminate\\Pipeline\\{closure}(Object(Illuminate\\Http\\Request))
#32 E:\\Projetos Desenvolvimento\\ProjetosPhpStorm\\ProjetosLaravel\
ightlife\\vendor\\laravel\\framework\\src\\Illuminate\\Pipeline\\Pipeline.php(104): Illuminate\\Routing\\Pipeline->Illuminate\\Routing\\{closure}(Object(Illuminate\\Http\\Request))
#33 E:\\Projetos Desenvolvimento\\ProjetosPhpStorm\\ProjetosLaravel\
ightlife\\vendor\\laravel\\framework\\src\\Illuminate\\Routing\\Router.php(682): Illuminate\\Pipeline\\Pipeline->then(Object(Closure))
#34 E:\\Projetos Desenvolvimento\\ProjetosPhpStorm\\ProjetosLaravel\
ightlife\\vendor\\laravel\\framework\\src\\Illuminate\\Routing\\Router.php(657): Illuminate\\Routing\\Router->runRouteWithinStack(Object(Illuminate\\Routing\\Route), Object(Illuminate\\Http\\Request))
#35 E:\\Projetos Desenvolvimento\\ProjetosPhpStorm\\ProjetosLaravel\
ightlife\\vendor\\laravel\\framework\\src\\Illuminate\\Routing\\Router.php(623): Illuminate\\Routing\\Router->runRoute(Object(Illuminate\\Http\\Request), Object(Illuminate\\Routing\\Route))
#36 E:\\Projetos Desenvolvimento\\ProjetosPhpStorm\\ProjetosLaravel\
ightlife\\vendor\\laravel\\framework\\src\\Illuminate\\Routing\\Router.php(612): Illuminate\\Routing\\Router->dispatchToRoute(Object(Illuminate\\Http\\Request))
#37 E:\\Projetos Desenvolvimento\\ProjetosPhpStorm\\ProjetosLaravel\
ightlife\\vendor\\laravel\\framework\\src\\Illuminate\\Foundation\\Http\\Kernel.php(176): Illuminate\\Routing\\Router->dispatch(Object(Illuminate\\Http\\Request))
#38 E:\\Projetos Desenvolvimento\\ProjetosPhpStorm\\ProjetosLaravel\
ightlife\\vendor\\laravel\\framework\\src\\Illuminate\\Routing\\Pipeline.php(30): Illuminate\\Foundation\\Http\\Kernel->Illuminate\\Foundation\\Http\\{closure}(Object(Illuminate\\Http\\Request))
#39 E:\\Projetos Desenvolvimento\\ProjetosPhpStorm\\ProjetosLaravel\
ightlife\\vendor\\fideloper\\proxy\\src\\TrustProxies.php(57): Illuminate\\Routing\\Pipeline->Illuminate\\Routing\\{closure}(Object(Illuminate\\Http\\Request))
#40 E:\\Projetos Desenvolvimento\\ProjetosPhpStorm\\ProjetosLaravel\
ightlife\\vendor\\laravel\\framework\\src\\Illuminate\\Pipeline\\Pipeline.php(163): Fideloper\\Proxy\\TrustProxies->handle(Object(Illuminate\\Http\\Request), Object(Closure))
#41 E:\\Projetos Desenvolvimento\\ProjetosPhpStorm\\ProjetosLaravel\
ightlife\\vendor\\laravel\\framework\\src\\Illuminate\\Routing\\Pipeline.php(53): Illuminate\\Pipeline\\Pipeline->Illuminate\\Pipeline\\{closure}(Object(Illuminate\\Http\\Request))
#42 E:\\Projetos Desenvolvimento\\ProjetosPhpStorm\\ProjetosLaravel\
ightlife\\vendor\\laravel\\framework\\src\\Illuminate\\Foundation\\Http\\Middleware\\TransformsRequest.php(21): Illuminate\\Routing\\Pipeline->Illuminate\\Routing\\{closure}(Object(Illuminate\\Http\\Request))
#43 E:\\Projetos Desenvolvimento\\ProjetosPhpStorm\\ProjetosLaravel\
ightlife\\vendor\\laravel\\framework\\src\\Illuminate\\Pipeline\\Pipeline.php(163): Illuminate\\Foundation\\Http\\Middleware\\TransformsRequest->handle(Object(Illuminate\\Http\\Request), Object(Closure))
#44 E:\\Projetos Desenvolvimento\\ProjetosPhpStorm\\ProjetosLaravel\
ightlife\\vendor\\laravel\\framework\\src\\Illuminate\\Routing\\Pipeline.php(53): Illuminate\\Pipeline\\Pipeline->Illuminate\\Pipeline\\{closure}(Object(Illuminate\\Http\\Request))
#45 E:\\Projetos Desenvolvimento\\ProjetosPhpStorm\\ProjetosLaravel\
ightlife\\vendor\\laravel\\framework\\src\\Illuminate\\Foundation\\Http\\Middleware\\TransformsRequest.php(21): Illuminate\\Routing\\Pipeline->Illuminate\\Routing\\{closure}(Object(Illuminate\\Http\\Request))
#46 E:\\Projetos Desenvolvimento\\ProjetosPhpStorm\\ProjetosLaravel\
ightlife\\vendor\\laravel\\framework\\src\\Illuminate\\Pipeline\\Pipeline.php(163): Illuminate\\Foundation\\Http\\Middleware\\TransformsRequest->handle(Object(Illuminate\\Http\\Request), Object(Closure))
#47 E:\\Projetos Desenvolvimento\\ProjetosPhpStorm\\ProjetosLaravel\
ightlife\\vendor\\laravel\\framework\\src\\Illuminate\\Routing\\Pipeline.php(53): Illuminate\\Pipeline\\Pipeline->Illuminate\\Pipeline\\{closure}(Object(Illuminate\\Http\\Request))
#48 E:\\Projetos Desenvolvimento\\ProjetosPhpStorm\\ProjetosLaravel\
ightlife\\vendor\\laravel\\framework\\src\\Illuminate\\Foundation\\Http\\Middleware\\ValidatePostSize.php(27): Illuminate\\Routing\\Pipeline->Illuminate\\Routing\\{closure}(Object(Illuminate\\Http\\Request))
#49 E:\\Projetos Desenvolvimento\\ProjetosPhpStorm\\ProjetosLaravel\
ightlife\\vendor\\laravel\\framework\\src\\Illuminate\\Pipeline\\Pipeline.php(163): Illuminate\\Foundation\\Http\\Middleware\\ValidatePostSize->handle(Object(Illuminate\\Http\\Request), Object(Closure))
#50 E:\\Projetos Desenvolvimento\\ProjetosPhpStorm\\ProjetosLaravel\
ightlife\\vendor\\laravel\\framework\\src\\Illuminate\\Routing\\Pipeline.php(53): Illuminate\\Pipeline\\Pipeline->Illuminate\\Pipeline\\{closure}(Object(Illuminate\\Http\\Request))
#51 E:\\Projetos Desenvolvimento\\ProjetosPhpStorm\\ProjetosLaravel\
ightlife\\vendor\\laravel\\framework\\src\\Illuminate\\Foundation\\Http\\Middleware\\CheckForMaintenanceMode.php(62): Illuminate\\Routing\\Pipeline->Illuminate\\Routing\\{closure}(Object(Illuminate\\Http\\Request))
#52 E:\\Projetos Desenvolvimento\\ProjetosPhpStorm\\ProjetosLaravel\
ightlife\\vendor\\laravel\\framework\\src\\Illuminate\\Pipeline\\Pipeline.php(163): Illuminate\\Foundation\\Http\\Middleware\\CheckForMaintenanceMode->handle(Object(Illuminate\\Http\\Request), Object(Closure))
#53 E:\\Projetos Desenvolvimento\\ProjetosPhpStorm\\ProjetosLaravel\
ightlife\\vendor\\laravel\\framework\\src\\Illuminate\\Routing\\Pipeline.php(53): Illuminate\\Pipeline\\Pipeline->Illuminate\\Pipeline\\{closure}(Object(Illuminate\\Http\\Request))
#54 E:\\Projetos Desenvolvimento\\ProjetosPhpStorm\\ProjetosLaravel\
ightlife\\vendor\\laravel\\framework\\src\\Illuminate\\Pipeline\\Pipeline.php(104): Illuminate\\Routing\\Pipeline->Illuminate\\Routing\\{closure}(Object(Illuminate\\Http\\Request))
#55 E:\\Projetos Desenvolvimento\\ProjetosPhpStorm\\ProjetosLaravel\
ightlife\\vendor\\laravel\\framework\\src\\Illuminate\\Foundation\\Http\\Kernel.php(151): Illuminate\\Pipeline\\Pipeline->then(Object(Closure))
#56 E:\\Projetos Desenvolvimento\\ProjetosPhpStorm\\ProjetosLaravel\
ightlife\\vendor\\laravel\\framework\\src\\Illuminate\\Foundation\\Http\\Kernel.php(116): Illuminate\\Foundation\\Http\\Kernel->sendRequestThroughRouter(Object(Illuminate\\Http\\Request))
#57 E:\\Projetos Desenvolvimento\\ProjetosPhpStorm\\ProjetosLaravel\
ightlife\\public\\index.php(55): Illuminate\\Foundation\\Http\\Kernel->handle(Object(Illuminate\\Http\\Request))
#58 {main}
"} 
[2020-02-28 01:31:40] local.ERROR: View [flash-message] not found. (View: E:\Projetos Desenvolvimento\ProjetosPhpStorm\ProjetosLaravel\nightlife\resources\views\admin\establishment\index.blade.php) {"userId":1,"exception":"[object] (ErrorException(code: 0): View [flash-message] not found. (View: E:\\Projetos Desenvolvimento\\ProjetosPhpStorm\\ProjetosLaravel\
ightlife\esources\\views\\admin\\establishment\\index.blade.php) at E:\\Projetos Desenvolvimento\\ProjetosPhpStorm\\ProjetosLaravel\
ightlife\\vendor\\laravel\\framework\\src\\Illuminate\\View\\FileViewFinder.php:137, InvalidArgumentException(code: 0): View [flash-message] not found. at E:\\Projetos Desenvolvimento\\ProjetosPhpStorm\\ProjetosLaravel\
ightlife\\vendor\\laravel\\framework\\src\\Illuminate\\View\\FileViewFinder.php:137)
[stacktrace]
#0 E:\\Projetos Desenvolvimento\\ProjetosPhpStorm\\ProjetosLaravel\
ightlife\\vendor\\laravel\\framework\\src\\Illuminate\\View\\Engines\\PhpEngine.php(45): Illuminate\\View\\Engines\\CompilerEngine->handleViewException(Object(InvalidArgumentException), 1)
#1 E:\\Projetos Desenvolvimento\\ProjetosPhpStorm\\ProjetosLaravel\
ightlife\\vendor\\laravel\\framework\\src\\Illuminate\\View\\Engines\\CompilerEngine.php(59): Illuminate\\View\\Engines\\PhpEngine->evaluatePath('E:\\\\Projetos Des...', Array)
#2 E:\\Projetos Desenvolvimento\\ProjetosPhpStorm\\ProjetosLaravel\
ightlife\\vendor\\laravel\\framework\\src\\Illuminate\\View\\View.php(142): Illuminate\\View\\Engines\\CompilerEngine->get('E:\\\\Projetos Des...', Array)
#3 E:\\Projetos Desenvolvimento\\ProjetosPhpStorm\\ProjetosLaravel\
ightlife\\vendor\\laravel\\framework\\src\\Illuminate\\View\\View.php(125): Illuminate\\View\\View->getContents()
#4 E:\\Projetos Desenvolvimento\\ProjetosPhpStorm\\ProjetosLaravel\
ightlife\\vendor\\laravel\\framework\\src\\Illuminate\\View\\View.php(90): Illuminate\\View\\View->renderContents()
#5 E:\\Projetos Desenvolvimento\\ProjetosPhpStorm\\ProjetosLaravel\
ightlife\\vendor\\laravel\\framework\\src\\Illuminate\\Http\\Response.php(42): Illuminate\\View\\View->render()
#6 E:\\Projetos Desenvolvimento\\ProjetosPhpStorm\\ProjetosLaravel\
ightlife\\vendor\\symfony\\http-foundation\\Response.php(202): Illuminate\\Http\\Response->setContent(Object(Illuminate\\View\\View))
#7 E:\\Projetos Desenvolvimento\\ProjetosPhpStorm\\ProjetosLaravel\
ightlife\\vendor\\laravel\\framework\\src\\Illuminate\\Routing\\Router.php(748): Symfony\\Component\\HttpFoundation\\Response->__construct(Object(Illuminate\\View\\View))
#8 E:\\Projetos Desenvolvimento\\ProjetosPhpStorm\\ProjetosLaravel\
ightlife\\vendor\\laravel\\framework\\src\\Illuminate\\Routing\\Router.php(720): Illuminate\\Routing\\Router::toResponse(Object(Illuminate\\Http\\Request), Object(Illuminate\\View\\View))
#9 E:\\Projetos Desenvolvimento\\ProjetosPhpStorm\\ProjetosLaravel\
ightlife\\vendor\\laravel\\framework\\src\\Illuminate\\Routing\\Router.php(680): Illuminate\\Routing\\Router->prepareResponse(Object(Illuminate\\Http\\Request), Object(Illuminate\\View\\View))
#10 E:\\Projetos Desenvolvimento\\ProjetosPhpStorm\\ProjetosLaravel\
ightlife\\vendor\\laravel\\framework\\src\\Illuminate\\Routing\\Pipeline.php(30): Illuminate\\Routing\\Router->Illuminate\\Routing\\{closure}(Object(Illuminate\\Http\\Request))
#11 E:\\Projetos Desenvolvimento\\ProjetosPhpStorm\\ProjetosLaravel\
ightlife\\vendor\\laravel\\framework\\src\\Illuminate\\Routing\\Middleware\\SubstituteBindings.php(41): Illuminate\\Routing\\Pipeline->Illuminate\\Routing\\{closure}(Object(Illuminate\\Http\\Request))
#12 E:\\Projetos Desenvolvimento\\ProjetosPhpStorm\\ProjetosLaravel\
ightlife\\vendor\\laravel\\framework\\src\\Illuminate\\Pipeline\\Pipeline.php(163): Illuminate\\Routing\\Middleware\\SubstituteBindings->handle(Object(Illuminate\\Http\\Request), Object(Closure))
#13 E:\\Projetos Desenvolvimento\\ProjetosPhpStorm\\ProjetosLaravel\
ightlife\\vendor\\laravel\\framework\\src\\Illuminate\\Routing\\Pipeline.php(53): Illuminate\\Pipeline\\Pipeline->Illuminate\\Pipeline\\{closure}(Object(Illuminate\\Http\\Request))
#14 E:\\Projetos Desenvolvimento\\ProjetosPhpStorm\\ProjetosLaravel\
ightlife\\vendor\\laravel\\framework\\src\\Illuminate\\Auth\\Middleware\\Authenticate.php(43): Illuminate\\Routing\\Pipeline->Illuminate\\Routing\\{closure}(Object(Illuminate\\Http\\Request))
#15 E:\\Projetos Desenvolvimento\\ProjetosPhpStorm\\ProjetosLaravel\
ightlife\\vendor\\laravel\\framework\\src\\Illuminate\\Pipeline\\Pipeline.php(163): Illuminate\\Auth\\Middleware\\Authenticate->handle(Object(Illuminate\\Http\\Request), Object(Closure))
#16 E:\\Projetos Desenvolvimento\\ProjetosPhpStorm\\ProjetosLaravel\
ightlife\\vendor\\laravel\\framework\\src\\Illuminate\\Routing\\Pipeline.php(53): Illuminate\\Pipeline\\Pipeline->Illuminate\\Pipeline\\{closure}(Object(Illuminate\\Http\\Request))
#17 E:\\Projetos Desenvolvimento\\ProjetosPhpStorm\\ProjetosLaravel\
ightlife\\vendor\\laravel\\framework\\src\\Illuminate\\Foundation\\Http\\Middleware\\VerifyCsrfToken.php(75): Illuminate\\Routing\\Pipeline->Illuminate\\Routing\\{closure}(Object(Illuminate\\Http\\Request))
#18 E:\\Projetos Desenvolvimento\\ProjetosPhpStorm\\ProjetosLaravel\
ightlife\\vendor\\laravel\\framework\\src\\Illuminate\\Pipeline\\Pipeline.php(163): Illuminate\\Foundation\\Http\\Middleware\\VerifyCsrfToken->handle(Object(Illuminate\\Http\\Request), Object(Closure))
#19 E:\\Projetos Desenvolvimento\\ProjetosPhpStorm\\ProjetosLaravel\
ightlife\\vendor\\laravel\\framework\\src\\Illuminate\\Routing\\Pipeline.php(53): Illuminate\\Pipeline\\Pipeline->Illuminate\\Pipeline\\{closure}(Object(Illuminate\\Http\\Request))
#20 E:\\Projetos Desenvolvimento\\ProjetosPhpStorm\\ProjetosLaravel\
ightlife\\vendor\\laravel\\framework\\src\\Illuminate\\View\\Middleware\\ShareErrorsFromSession.php(49): Illuminate\\Routing\\Pipeline->Illuminate\\Routing\\{closure}(Object(Illuminate\\Http\\Request))
#21 E:\\Projetos Desenvolvimento\\ProjetosPhpStorm\\ProjetosLaravel\
ightlife\\vendor\\laravel\\framework\\src\\Illuminate\\Pipeline\\Pipeline.php(163): Illuminate\\View\\Middleware\\ShareErrorsFromSession->handle(Object(Illuminate\\Http\\Request), Object(Closure))
#22 E:\\Projetos Desenvolvimento\\ProjetosPhpStorm\\ProjetosLaravel\
ightlife\\vendor\\laravel\\framework\\src\\Illuminate\\Routing\\Pipeline.php(53): Illuminate\\Pipeline\\Pipeline->Illuminate\\Pipeline\\{closure}(Object(Illuminate\\Http\\Request))
#23 E:\\Projetos Desenvolvimento\\ProjetosPhpStorm\\ProjetosLaravel\
ightlife\\vendor\\laravel\\framework\\src\\Illuminate\\Session\\Middleware\\StartSession.php(56): Illuminate\\Routing\\Pipeline->Illuminate\\Routing\\{closure}(Object(Illuminate\\Http\\Request))
#24 E:\\Projetos Desenvolvimento\\ProjetosPhpStorm\\ProjetosLaravel\
ightlife\\vendor\\laravel\\framework\\src\\Illuminate\\Pipeline\\Pipeline.php(163): Illuminate\\Session\\Middleware\\StartSession->handle(Object(Illuminate\\Http\\Request), Object(Closure))
#25 E:\\Projetos Desenvolvimento\\ProjetosPhpStorm\\ProjetosLaravel\
ightlife\\vendor\\laravel\\framework\\src\\Illuminate\\Routing\\Pipeline.php(53): Illuminate\\Pipeline\\Pipeline->Illuminate\\Pipeline\\{closure}(Object(Illuminate\\Http\\Request))
#26 E:\\Projetos Desenvolvimento\\ProjetosPhpStorm\\ProjetosLaravel\
ightlife\\vendor\\laravel\\framework\\src\\Illuminate\\Cookie\\Middleware\\AddQueuedCookiesToResponse.php(37): Illuminate\\Routing\\Pipeline->Illuminate\\Routing\\{closure}(Object(Illuminate\\Http\\Request))
#27 E:\\Projetos Desenvolvimento\\ProjetosPhpStorm\\ProjetosLaravel\
ightlife\\vendor\\laravel\\framework\\src\\Illuminate\\Pipeline\\Pipeline.php(163): Illuminate\\Cookie\\Middleware\\AddQueuedCookiesToResponse->handle(Object(Illuminate\\Http\\Request), Object(Closure))
#28 E:\\Projetos Desenvolvimento\\ProjetosPhpStorm\\ProjetosLaravel\
ightlife\\vendor\\laravel\\framework\\src\\Illuminate\\Routing\\Pipeline.php(53): Illuminate\\Pipeline\\Pipeline->Illuminate\\Pipeline\\{closure}(Object(Illuminate\\Http\\Request))
#29 E:\\Projetos Desenvolvimento\\ProjetosPhpStorm\\ProjetosLaravel\
ightlife\\vendor\\laravel\\framework\\src\\Illuminate\\Cookie\\Middleware\\EncryptCookies.php(66): Illuminate\\Routing\\Pipeline->Illuminate\\Routing\\{closure}(Object(Illuminate\\Http\\Request))
#30 E:\\Projetos Desenvolvimento\\ProjetosPhpStorm\\ProjetosLaravel\
ightlife\\vendor\\laravel\\framework\\src\\Illuminate\\Pipeline\\Pipeline.php(163): Illuminate\\Cookie\\Middleware\\EncryptCookies->handle(Object(Illuminate\\Http\\Request), Object(Closure))
#31 E:\\Projetos Desenvolvimento\\ProjetosPhpStorm\\ProjetosLaravel\
ightlife\\vendor\\laravel\\framework\\src\\Illuminate\\Routing\\Pipeline.php(53): Illuminate\\Pipeline\\Pipeline->Illuminate\\Pipeline\\{closure}(Object(Illuminate\\Http\\Request))
#32 E:\\Projetos Desenvolvimento\\ProjetosPhpStorm\\ProjetosLaravel\
ightlife\\vendor\\laravel\\framework\\src\\Illuminate\\Pipeline\\Pipeline.php(104): Illuminate\\Routing\\Pipeline->Illuminate\\Routing\\{closure}(Object(Illuminate\\Http\\Request))
#33 E:\\Projetos Desenvolvimento\\ProjetosPhpStorm\\ProjetosLaravel\
ightlife\\vendor\\laravel\\framework\\src\\Illuminate\\Routing\\Router.php(682): Illuminate\\Pipeline\\Pipeline->then(Object(Closure))
#34 E:\\Projetos Desenvolvimento\\ProjetosPhpStorm\\ProjetosLaravel\
ightlife\\vendor\\laravel\\framework\\src\\Illuminate\\Routing\\Router.php(657): Illuminate\\Routing\\Router->runRouteWithinStack(Object(Illuminate\\Routing\\Route), Object(Illuminate\\Http\\Request))
#35 E:\\Projetos Desenvolvimento\\ProjetosPhpStorm\\ProjetosLaravel\
ightlife\\vendor\\laravel\\framework\\src\\Illuminate\\Routing\\Router.php(623): Illuminate\\Routing\\Router->runRoute(Object(Illuminate\\Http\\Request), Object(Illuminate\\Routing\\Route))
#36 E:\\Projetos Desenvolvimento\\ProjetosPhpStorm\\ProjetosLaravel\
ightlife\\vendor\\laravel\\framework\\src\\Illuminate\\Routing\\Router.php(612): Illuminate\\Routing\\Router->dispatchToRoute(Object(Illuminate\\Http\\Request))
#37 E:\\Projetos Desenvolvimento\\ProjetosPhpStorm\\ProjetosLaravel\
ightlife\\vendor\\laravel\\framework\\src\\Illuminate\\Foundation\\Http\\Kernel.php(176): Illuminate\\Routing\\Router->dispatch(Object(Illuminate\\Http\\Request))
#38 E:\\Projetos Desenvolvimento\\ProjetosPhpStorm\\ProjetosLaravel\
ightlife\\vendor\\laravel\\framework\\src\\Illuminate\\Routing\\Pipeline.php(30): Illuminate\\Foundation\\Http\\Kernel->Illuminate\\Foundation\\Http\\{closure}(Object(Illuminate\\Http\\Request))
#39 E:\\Projetos Desenvolvimento\\ProjetosPhpStorm\\ProjetosLaravel\
ightlife\\vendor\\fideloper\\proxy\\src\\TrustProxies.php(57): Illuminate\\Routing\\Pipeline->Illuminate\\Routing\\{closure}(Object(Illuminate\\Http\\Request))
#40 E:\\Projetos Desenvolvimento\\ProjetosPhpStorm\\ProjetosLaravel\
ightlife\\vendor\\laravel\\framework\\src\\Illuminate\\Pipeline\\Pipeline.php(163): Fideloper\\Proxy\\TrustProxies->handle(Object(Illuminate\\Http\\Request), Object(Closure))
#41 E:\\Projetos Desenvolvimento\\ProjetosPhpStorm\\ProjetosLaravel\
ightlife\\vendor\\laravel\\framework\\src\\Illuminate\\Routing\\Pipeline.php(53): Illuminate\\Pipeline\\Pipeline->Illuminate\\Pipeline\\{closure}(Object(Illuminate\\Http\\Request))
#42 E:\\Projetos Desenvolvimento\\ProjetosPhpStorm\\ProjetosLaravel\
ightlife\\vendor\\laravel\\framework\\src\\Illuminate\\Foundation\\Http\\Middleware\\TransformsRequest.php(21): Illuminate\\Routing\\Pipeline->Illuminate\\Routing\\{closure}(Object(Illuminate\\Http\\Request))
#43 E:\\Projetos Desenvolvimento\\ProjetosPhpStorm\\ProjetosLaravel\
ightlife\\vendor\\laravel\\framework\\src\\Illuminate\\Pipeline\\Pipeline.php(163): Illuminate\\Foundation\\Http\\Middleware\\TransformsRequest->handle(Object(Illuminate\\Http\\Request), Object(Closure))
#44 E:\\Projetos Desenvolvimento\\ProjetosPhpStorm\\ProjetosLaravel\
ightlife\\vendor\\laravel\\framework\\src\\Illuminate\\Routing\\Pipeline.php(53): Illuminate\\Pipeline\\Pipeline->Illuminate\\Pipeline\\{closure}(Object(Illuminate\\Http\\Request))
#45 E:\\Projetos Desenvolvimento\\ProjetosPhpStorm\\ProjetosLaravel\
ightlife\\vendor\\laravel\\framework\\src\\Illuminate\\Foundation\\Http\\Middleware\\TransformsRequest.php(21): Illuminate\\Routing\\Pipeline->Illuminate\\Routing\\{closure}(Object(Illuminate\\Http\\Request))
#46 E:\\Projetos Desenvolvimento\\ProjetosPhpStorm\\ProjetosLaravel\
ightlife\\vendor\\laravel\\framework\\src\\Illuminate\\Pipeline\\Pipeline.php(163): Illuminate\\Foundation\\Http\\Middleware\\TransformsRequest->handle(Object(Illuminate\\Http\\Request), Object(Closure))
#47 E:\\Projetos Desenvolvimento\\ProjetosPhpStorm\\ProjetosLaravel\
ightlife\\vendor\\laravel\\framework\\src\\Illuminate\\Routing\\Pipeline.php(53): Illuminate\\Pipeline\\Pipeline->Illuminate\\Pipeline\\{closure}(Object(Illuminate\\Http\\Request))
#48 E:\\Projetos Desenvolvimento\\ProjetosPhpStorm\\ProjetosLaravel\
ightlife\\vendor\\laravel\\framework\\src\\Illuminate\\Foundation\\Http\\Middleware\\ValidatePostSize.php(27): Illuminate\\Routing\\Pipeline->Illuminate\\Routing\\{closure}(Object(Illuminate\\Http\\Request))
#49 E:\\Projetos Desenvolvimento\\ProjetosPhpStorm\\ProjetosLaravel\
ightlife\\vendor\\laravel\\framework\\src\\Illuminate\\Pipeline\\Pipeline.php(163): Illuminate\\Foundation\\Http\\Middleware\\ValidatePostSize->handle(Object(Illuminate\\Http\\Request), Object(Closure))
#50 E:\\Projetos Desenvolvimento\\ProjetosPhpStorm\\ProjetosLaravel\
ightlife\\vendor\\laravel\\framework\\src\\Illuminate\\Routing\\Pipeline.php(53): Illuminate\\Pipeline\\Pipeline->Illuminate\\Pipeline\\{closure}(Object(Illuminate\\Http\\Request))
#51 E:\\Projetos Desenvolvimento\\ProjetosPhpStorm\\ProjetosLaravel\
ightlife\\vendor\\laravel\\framework\\src\\Illuminate\\Foundation\\Http\\Middleware\\CheckForMaintenanceMode.php(62): Illuminate\\Routing\\Pipeline->Illuminate\\Routing\\{closure}(Object(Illuminate\\Http\\Request))
#52 E:\\Projetos Desenvolvimento\\ProjetosPhpStorm\\ProjetosLaravel\
ightlife\\vendor\\laravel\\framework\\src\\Illuminate\\Pipeline\\Pipeline.php(163): Illuminate\\Foundation\\Http\\Middleware\\CheckForMaintenanceMode->handle(Object(Illuminate\\Http\\Request), Object(Closure))
#53 E:\\Projetos Desenvolvimento\\ProjetosPhpStorm\\ProjetosLaravel\
ightlife\\vendor\\laravel\\framework\\src\\Illuminate\\Routing\\Pipeline.php(53): Illuminate\\Pipeline\\Pipeline->Illuminate\\Pipeline\\{closure}(Object(Illuminate\\Http\\Request))
#54 E:\\Projetos Desenvolvimento\\ProjetosPhpStorm\\ProjetosLaravel\
ightlife\\vendor\\laravel\\framework\\src\\Illuminate\\Pipeline\\Pipeline.php(104): Illuminate\\Routing\\Pipeline->Illuminate\\Routing\\{closure}(Object(Illuminate\\Http\\Request))
#55 E:\\Projetos Desenvolvimento\\ProjetosPhpStorm\\ProjetosLaravel\
ightlife\\vendor\\laravel\\framework\\src\\Illuminate\\Foundation\\Http\\Kernel.php(151): Illuminate\\Pipeline\\Pipeline->then(Object(Closure))
#56 E:\\Projetos Desenvolvimento\\ProjetosPhpStorm\\ProjetosLaravel\
ightlife\\vendor\\laravel\\framework\\src\\Illuminate\\Foundation\\Http\\Kernel.php(116): Illuminate\\Foundation\\Http\\Kernel->sendRequestThroughRouter(Object(Illuminate\\Http\\Request))
#57 E:\\Projetos Desenvolvimento\\ProjetosPhpStorm\\ProjetosLaravel\
ightlife\\public\\index.php(55): Illuminate\\Foundation\\Http\\Kernel->handle(Object(Illuminate\\Http\\Request))
#58 {main}
"} 
[2020-02-28 23:54:38] local.ERROR: Undefined variable: inventory (View: E:\Projetos Desenvolvimento\ProjetosPhpStorm\ProjetosLaravel\nightlife\resources\views\admin\establishment\index.blade.php) {"userId":1,"exception":"[object] (ErrorException(code: 0): Undefined variable: inventory (View: E:\\Projetos Desenvolvimento\\ProjetosPhpStorm\\ProjetosLaravel\
ightlife\esources\\views\\admin\\establishment\\index.blade.php) at E:\\Projetos Desenvolvimento\\ProjetosPhpStorm\\ProjetosLaravel\
ightlife\\storage\\framework\\views\\053e0c4d5ec0ea8a9b79dab3ceda53fcc0ebb825.php:116, ErrorException(code: 0): Undefined variable: inventory at E:\\Projetos Desenvolvimento\\ProjetosPhpStorm\\ProjetosLaravel\
ightlife\\storage\\framework\\views\\053e0c4d5ec0ea8a9b79dab3ceda53fcc0ebb825.php:116)
[stacktrace]
#0 E:\\Projetos Desenvolvimento\\ProjetosPhpStorm\\ProjetosLaravel\
ightlife\\vendor\\laravel\\framework\\src\\Illuminate\\View\\Engines\\PhpEngine.php(45): Illuminate\\View\\Engines\\CompilerEngine->handleViewException(Object(ErrorException), 1)
#1 E:\\Projetos Desenvolvimento\\ProjetosPhpStorm\\ProjetosLaravel\
ightlife\\vendor\\laravel\\framework\\src\\Illuminate\\View\\Engines\\CompilerEngine.php(59): Illuminate\\View\\Engines\\PhpEngine->evaluatePath('E:\\\\Projetos Des...', Array)
#2 E:\\Projetos Desenvolvimento\\ProjetosPhpStorm\\ProjetosLaravel\
ightlife\\vendor\\laravel\\framework\\src\\Illuminate\\View\\View.php(142): Illuminate\\View\\Engines\\CompilerEngine->get('E:\\\\Projetos Des...', Array)
#3 E:\\Projetos Desenvolvimento\\ProjetosPhpStorm\\ProjetosLaravel\
ightlife\\vendor\\laravel\\framework\\src\\Illuminate\\View\\View.php(125): Illuminate\\View\\View->getContents()
#4 E:\\Projetos Desenvolvimento\\ProjetosPhpStorm\\ProjetosLaravel\
ightlife\\vendor\\laravel\\framework\\src\\Illuminate\\View\\View.php(90): Illuminate\\View\\View->renderContents()
#5 E:\\Projetos Desenvolvimento\\ProjetosPhpStorm\\ProjetosLaravel\
ightlife\\vendor\\laravel\\framework\\src\\Illuminate\\Http\\Response.php(42): Illuminate\\View\\View->render()
#6 E:\\Projetos Desenvolvimento\\ProjetosPhpStorm\\ProjetosLaravel\
ightlife\\vendor\\symfony\\http-foundation\\Response.php(202): Illuminate\\Http\\Response->setContent(Object(Illuminate\\View\\View))
#7 E:\\Projetos Desenvolvimento\\ProjetosPhpStorm\\ProjetosLaravel\
ightlife\\vendor\\laravel\\framework\\src\\Illuminate\\Routing\\Router.php(748): Symfony\\Component\\HttpFoundation\\Response->__construct(Object(Illuminate\\View\\View))
#8 E:\\Projetos Desenvolvimento\\ProjetosPhpStorm\\ProjetosLaravel\
ightlife\\vendor\\laravel\\framework\\src\\Illuminate\\Routing\\Router.php(720): Illuminate\\Routing\\Router::toResponse(Object(Illuminate\\Http\\Request), Object(Illuminate\\View\\View))
#9 E:\\Projetos Desenvolvimento\\ProjetosPhpStorm\\ProjetosLaravel\
ightlife\\vendor\\laravel\\framework\\src\\Illuminate\\Routing\\Router.php(680): Illuminate\\Routing\\Router->prepareResponse(Object(Illuminate\\Http\\Request), Object(Illuminate\\View\\View))
#10 E:\\Projetos Desenvolvimento\\ProjetosPhpStorm\\ProjetosLaravel\
ightlife\\vendor\\laravel\\framework\\src\\Illuminate\\Routing\\Pipeline.php(30): Illuminate\\Routing\\Router->Illuminate\\Routing\\{closure}(Object(Illuminate\\Http\\Request))
#11 E:\\Projetos Desenvolvimento\\ProjetosPhpStorm\\ProjetosLaravel\
ightlife\\vendor\\laravel\\framework\\src\\Illuminate\\Routing\\Middleware\\SubstituteBindings.php(41): Illuminate\\Routing\\Pipeline->Illuminate\\Routing\\{closure}(Object(Illuminate\\Http\\Request))
#12 E:\\Projetos Desenvolvimento\\ProjetosPhpStorm\\ProjetosLaravel\
ightlife\\vendor\\laravel\\framework\\src\\Illuminate\\Pipeline\\Pipeline.php(163): Illuminate\\Routing\\Middleware\\SubstituteBindings->handle(Object(Illuminate\\Http\\Request), Object(Closure))
#13 E:\\Projetos Desenvolvimento\\ProjetosPhpStorm\\ProjetosLaravel\
ightlife\\vendor\\laravel\\framework\\src\\Illuminate\\Routing\\Pipeline.php(53): Illuminate\\Pipeline\\Pipeline->Illuminate\\Pipeline\\{closure}(Object(Illuminate\\Http\\Request))
#14 E:\\Projetos Desenvolvimento\\ProjetosPhpStorm\\ProjetosLaravel\
ightlife\\vendor\\laravel\\framework\\src\\Illuminate\\Auth\\Middleware\\Authenticate.php(43): Illuminate\\Routing\\Pipeline->Illuminate\\Routing\\{closure}(Object(Illuminate\\Http\\Request))
#15 E:\\Projetos Desenvolvimento\\ProjetosPhpStorm\\ProjetosLaravel\
ightlife\\vendor\\laravel\\framework\\src\\Illuminate\\Pipeline\\Pipeline.php(163): Illuminate\\Auth\\Middleware\\Authenticate->handle(Object(Illuminate\\Http\\Request), Object(Closure))
#16 E:\\Projetos Desenvolvimento\\ProjetosPhpStorm\\ProjetosLaravel\
ightlife\\vendor\\laravel\\framework\\src\\Illuminate\\Routing\\Pipeline.php(53): Illuminate\\Pipeline\\Pipeline->Illuminate\\Pipeline\\{closure}(Object(Illuminate\\Http\\Request))
#17 E:\\Projetos Desenvolvimento\\ProjetosPhpStorm\\ProjetosLaravel\
ightlife\\vendor\\laravel\\framework\\src\\Illuminate\\Foundation\\Http\\Middleware\\VerifyCsrfToken.php(75): Illuminate\\Routing\\Pipeline->Illuminate\\Routing\\{closure}(Object(Illuminate\\Http\\Request))
#18 E:\\Projetos Desenvolvimento\\ProjetosPhpStorm\\ProjetosLaravel\
ightlife\\vendor\\laravel\\framework\\src\\Illuminate\\Pipeline\\Pipeline.php(163): Illuminate\\Foundation\\Http\\Middleware\\VerifyCsrfToken->handle(Object(Illuminate\\Http\\Request), Object(Closure))
#19 E:\\Projetos Desenvolvimento\\ProjetosPhpStorm\\ProjetosLaravel\
ightlife\\vendor\\laravel\\framework\\src\\Illuminate\\Routing\\Pipeline.php(53): Illuminate\\Pipeline\\Pipeline->Illuminate\\Pipeline\\{closure}(Object(Illuminate\\Http\\Request))
#20 E:\\Projetos Desenvolvimento\\ProjetosPhpStorm\\ProjetosLaravel\
ightlife\\vendor\\laravel\\framework\\src\\Illuminate\\View\\Middleware\\ShareErrorsFromSession.php(49): Illuminate\\Routing\\Pipeline->Illuminate\\Routing\\{closure}(Object(Illuminate\\Http\\Request))
#21 E:\\Projetos Desenvolvimento\\ProjetosPhpStorm\\ProjetosLaravel\
ightlife\\vendor\\laravel\\framework\\src\\Illuminate\\Pipeline\\Pipeline.php(163): Illuminate\\View\\Middleware\\ShareErrorsFromSession->handle(Object(Illuminate\\Http\\Request), Object(Closure))
#22 E:\\Projetos Desenvolvimento\\ProjetosPhpStorm\\ProjetosLaravel\
ightlife\\vendor\\laravel\\framework\\src\\Illuminate\\Routing\\Pipeline.php(53): Illuminate\\Pipeline\\Pipeline->Illuminate\\Pipeline\\{closure}(Object(Illuminate\\Http\\Request))
#23 E:\\Projetos Desenvolvimento\\ProjetosPhpStorm\\ProjetosLaravel\
ightlife\\vendor\\laravel\\framework\\src\\Illuminate\\Session\\Middleware\\StartSession.php(56): Illuminate\\Routing\\Pipeline->Illuminate\\Routing\\{closure}(Object(Illuminate\\Http\\Request))
#24 E:\\Projetos Desenvolvimento\\ProjetosPhpStorm\\ProjetosLaravel\
ightlife\\vendor\\laravel\\framework\\src\\Illuminate\\Pipeline\\Pipeline.php(163): Illuminate\\Session\\Middleware\\StartSession->handle(Object(Illuminate\\Http\\Request), Object(Closure))
#25 E:\\Projetos Desenvolvimento\\ProjetosPhpStorm\\ProjetosLaravel\
ightlife\\vendor\\laravel\\framework\\src\\Illuminate\\Routing\\Pipeline.php(53): Illuminate\\Pipeline\\Pipeline->Illuminate\\Pipeline\\{closure}(Object(Illuminate\\Http\\Request))
#26 E:\\Projetos Desenvolvimento\\ProjetosPhpStorm\\ProjetosLaravel\
ightlife\\vendor\\laravel\\framework\\src\\Illuminate\\Cookie\\Middleware\\AddQueuedCookiesToResponse.php(37): Illuminate\\Routing\\Pipeline->Illuminate\\Routing\\{closure}(Object(Illuminate\\Http\\Request))
#27 E:\\Projetos Desenvolvimento\\ProjetosPhpStorm\\ProjetosLaravel\
ightlife\\vendor\\laravel\\framework\\src\\Illuminate\\Pipeline\\Pipeline.php(163): Illuminate\\Cookie\\Middleware\\AddQueuedCookiesToResponse->handle(Object(Illuminate\\Http\\Request), Object(Closure))
#28 E:\\Projetos Desenvolvimento\\ProjetosPhpStorm\\ProjetosLaravel\
ightlife\\vendor\\laravel\\framework\\src\\Illuminate\\Routing\\Pipeline.php(53): Illuminate\\Pipeline\\Pipeline->Illuminate\\Pipeline\\{closure}(Object(Illuminate\\Http\\Request))
#29 E:\\Projetos Desenvolvimento\\ProjetosPhpStorm\\ProjetosLaravel\
ightlife\\vendor\\laravel\\framework\\src\\Illuminate\\Cookie\\Middleware\\EncryptCookies.php(66): Illuminate\\Routing\\Pipeline->Illuminate\\Routing\\{closure}(Object(Illuminate\\Http\\Request))
#30 E:\\Projetos Desenvolvimento\\ProjetosPhpStorm\\ProjetosLaravel\
ightlife\\vendor\\laravel\\framework\\src\\Illuminate\\Pipeline\\Pipeline.php(163): Illuminate\\Cookie\\Middleware\\EncryptCookies->handle(Object(Illuminate\\Http\\Request), Object(Closure))
#31 E:\\Projetos Desenvolvimento\\ProjetosPhpStorm\\ProjetosLaravel\
ightlife\\vendor\\laravel\\framework\\src\\Illuminate\\Routing\\Pipeline.php(53): Illuminate\\Pipeline\\Pipeline->Illuminate\\Pipeline\\{closure}(Object(Illuminate\\Http\\Request))
#32 E:\\Projetos Desenvolvimento\\ProjetosPhpStorm\\ProjetosLaravel\
ightlife\\vendor\\laravel\\framework\\src\\Illuminate\\Pipeline\\Pipeline.php(104): Illuminate\\Routing\\Pipeline->Illuminate\\Routing\\{closure}(Object(Illuminate\\Http\\Request))
#33 E:\\Projetos Desenvolvimento\\ProjetosPhpStorm\\ProjetosLaravel\
ightlife\\vendor\\laravel\\framework\\src\\Illuminate\\Routing\\Router.php(682): Illuminate\\Pipeline\\Pipeline->then(Object(Closure))
#34 E:\\Projetos Desenvolvimento\\ProjetosPhpStorm\\ProjetosLaravel\
ightlife\\vendor\\laravel\\framework\\src\\Illuminate\\Routing\\Router.php(657): Illuminate\\Routing\\Router->runRouteWithinStack(Object(Illuminate\\Routing\\Route), Object(Illuminate\\Http\\Request))
#35 E:\\Projetos Desenvolvimento\\ProjetosPhpStorm\\ProjetosLaravel\
ightlife\\vendor\\laravel\\framework\\src\\Illuminate\\Routing\\Router.php(623): Illuminate\\Routing\\Router->runRoute(Object(Illuminate\\Http\\Request), Object(Illuminate\\Routing\\Route))
#36 E:\\Projetos Desenvolvimento\\ProjetosPhpStorm\\ProjetosLaravel\
ightlife\\vendor\\laravel\\framework\\src\\Illuminate\\Routing\\Router.php(612): Illuminate\\Routing\\Router->dispatchToRoute(Object(Illuminate\\Http\\Request))
#37 E:\\Projetos Desenvolvimento\\ProjetosPhpStorm\\ProjetosLaravel\
ightlife\\vendor\\laravel\\framework\\src\\Illuminate\\Foundation\\Http\\Kernel.php(176): Illuminate\\Routing\\Router->dispatch(Object(Illuminate\\Http\\Request))
#38 E:\\Projetos Desenvolvimento\\ProjetosPhpStorm\\ProjetosLaravel\
ightlife\\vendor\\laravel\\framework\\src\\Illuminate\\Routing\\Pipeline.php(30): Illuminate\\Foundation\\Http\\Kernel->Illuminate\\Foundation\\Http\\{closure}(Object(Illuminate\\Http\\Request))
#39 E:\\Projetos Desenvolvimento\\ProjetosPhpStorm\\ProjetosLaravel\
ightlife\\vendor\\fideloper\\proxy\\src\\TrustProxies.php(57): Illuminate\\Routing\\Pipeline->Illuminate\\Routing\\{closure}(Object(Illuminate\\Http\\Request))
#40 E:\\Projetos Desenvolvimento\\ProjetosPhpStorm\\ProjetosLaravel\
ightlife\\vendor\\laravel\\framework\\src\\Illuminate\\Pipeline\\Pipeline.php(163): Fideloper\\Proxy\\TrustProxies->handle(Object(Illuminate\\Http\\Request), Object(Closure))
#41 E:\\Projetos Desenvolvimento\\ProjetosPhpStorm\\ProjetosLaravel\
ightlife\\vendor\\laravel\\framework\\src\\Illuminate\\Routing\\Pipeline.php(53): Illuminate\\Pipeline\\Pipeline->Illuminate\\Pipeline\\{closure}(Object(Illuminate\\Http\\Request))
#42 E:\\Projetos Desenvolvimento\\ProjetosPhpStorm\\ProjetosLaravel\
ightlife\\vendor\\laravel\\framework\\src\\Illuminate\\Foundation\\Http\\Middleware\\TransformsRequest.php(21): Illuminate\\Routing\\Pipeline->Illuminate\\Routing\\{closure}(Object(Illuminate\\Http\\Request))
#43 E:\\Projetos Desenvolvimento\\ProjetosPhpStorm\\ProjetosLaravel\
ightlife\\vendor\\laravel\\framework\\src\\Illuminate\\Pipeline\\Pipeline.php(163): Illuminate\\Foundation\\Http\\Middleware\\TransformsRequest->handle(Object(Illuminate\\Http\\Request), Object(Closure))
#44 E:\\Projetos Desenvolvimento\\ProjetosPhpStorm\\ProjetosLaravel\
ightlife\\vendor\\laravel\\framework\\src\\Illuminate\\Routing\\Pipeline.php(53): Illuminate\\Pipeline\\Pipeline->Illuminate\\Pipeline\\{closure}(Object(Illuminate\\Http\\Request))
#45 E:\\Projetos Desenvolvimento\\ProjetosPhpStorm\\ProjetosLaravel\
ightlife\\vendor\\laravel\\framework\\src\\Illuminate\\Foundation\\Http\\Middleware\\TransformsRequest.php(21): Illuminate\\Routing\\Pipeline->Illuminate\\Routing\\{closure}(Object(Illuminate\\Http\\Request))
#46 E:\\Projetos Desenvolvimento\\ProjetosPhpStorm\\ProjetosLaravel\
ightlife\\vendor\\laravel\\framework\\src\\Illuminate\\Pipeline\\Pipeline.php(163): Illuminate\\Foundation\\Http\\Middleware\\TransformsRequest->handle(Object(Illuminate\\Http\\Request), Object(Closure))
#47 E:\\Projetos Desenvolvimento\\ProjetosPhpStorm\\ProjetosLaravel\
ightlife\\vendor\\laravel\\framework\\src\\Illuminate\\Routing\\Pipeline.php(53): Illuminate\\Pipeline\\Pipeline->Illuminate\\Pipeline\\{closure}(Object(Illuminate\\Http\\Request))
#48 E:\\Projetos Desenvolvimento\\ProjetosPhpStorm\\ProjetosLaravel\
ightlife\\vendor\\laravel\\framework\\src\\Illuminate\\Foundation\\Http\\Middleware\\ValidatePostSize.php(27): Illuminate\\Routing\\Pipeline->Illuminate\\Routing\\{closure}(Object(Illuminate\\Http\\Request))
#49 E:\\Projetos Desenvolvimento\\ProjetosPhpStorm\\ProjetosLaravel\
ightlife\\vendor\\laravel\\framework\\src\\Illuminate\\Pipeline\\Pipeline.php(163): Illuminate\\Foundation\\Http\\Middleware\\ValidatePostSize->handle(Object(Illuminate\\Http\\Request), Object(Closure))
#50 E:\\Projetos Desenvolvimento\\ProjetosPhpStorm\\ProjetosLaravel\
ightlife\\vendor\\laravel\\framework\\src\\Illuminate\\Routing\\Pipeline.php(53): Illuminate\\Pipeline\\Pipeline->Illuminate\\Pipeline\\{closure}(Object(Illuminate\\Http\\Request))
#51 E:\\Projetos Desenvolvimento\\ProjetosPhpStorm\\ProjetosLaravel\
ightlife\\vendor\\laravel\\framework\\src\\Illuminate\\Foundation\\Http\\Middleware\\CheckForMaintenanceMode.php(62): Illuminate\\Routing\\Pipeline->Illuminate\\Routing\\{closure}(Object(Illuminate\\Http\\Request))
#52 E:\\Projetos Desenvolvimento\\ProjetosPhpStorm\\ProjetosLaravel\
ightlife\\vendor\\laravel\\framework\\src\\Illuminate\\Pipeline\\Pipeline.php(163): Illuminate\\Foundation\\Http\\Middleware\\CheckForMaintenanceMode->handle(Object(Illuminate\\Http\\Request), Object(Closure))
#53 E:\\Projetos Desenvolvimento\\ProjetosPhpStorm\\ProjetosLaravel\
ightlife\\vendor\\laravel\\framework\\src\\Illuminate\\Routing\\Pipeline.php(53): Illuminate\\Pipeline\\Pipeline->Illuminate\\Pipeline\\{closure}(Object(Illuminate\\Http\\Request))
#54 E:\\Projetos Desenvolvimento\\ProjetosPhpStorm\\ProjetosLaravel\
ightlife\\vendor\\laravel\\framework\\src\\Illuminate\\Pipeline\\Pipeline.php(104): Illuminate\\Routing\\Pipeline->Illuminate\\Routing\\{closure}(Object(Illuminate\\Http\\Request))
#55 E:\\Projetos Desenvolvimento\\ProjetosPhpStorm\\ProjetosLaravel\
ightlife\\vendor\\laravel\\framework\\src\\Illuminate\\Foundation\\Http\\Kernel.php(151): Illuminate\\Pipeline\\Pipeline->then(Object(Closure))
#56 E:\\Projetos Desenvolvimento\\ProjetosPhpStorm\\ProjetosLaravel\
ightlife\\vendor\\laravel\\framework\\src\\Illuminate\\Foundation\\Http\\Kernel.php(116): Illuminate\\Foundation\\Http\\Kernel->sendRequestThroughRouter(Object(Illuminate\\Http\\Request))
#57 E:\\Projetos Desenvolvimento\\ProjetosPhpStorm\\ProjetosLaravel\
ightlife\\public\\index.php(55): Illuminate\\Foundation\\Http\\Kernel->handle(Object(Illuminate\\Http\\Request))
#58 {main}
"} 
[2020-02-28 23:59:44] local.ERROR: Illegal string offset 'name' (View: E:\Projetos Desenvolvimento\ProjetosPhpStorm\ProjetosLaravel\nightlife\resources\views\admin\establishment\index.blade.php) {"userId":1,"exception":"[object] (ErrorException(code: 0): Illegal string offset 'name' (View: E:\\Projetos Desenvolvimento\\ProjetosPhpStorm\\ProjetosLaravel\
ightlife\esources\\views\\admin\\establishment\\index.blade.php) at E:\\Projetos Desenvolvimento\\ProjetosPhpStorm\\ProjetosLaravel\
ightlife\\vendor\\laravelcollective\\html\\src\\FormBuilder.php:291, ErrorException(code: 0): Illegal string offset 'name' at E:\\Projetos Desenvolvimento\\ProjetosPhpStorm\\ProjetosLaravel\
ightlife\\vendor\\laravelcollective\\html\\src\\FormBuilder.php:291)
[stacktrace]
#0 E:\\Projetos Desenvolvimento\\ProjetosPhpStorm\\ProjetosLaravel\
ightlife\\vendor\\laravel\\framework\\src\\Illuminate\\View\\Engines\\PhpEngine.php(45): Illuminate\\View\\Engines\\CompilerEngine->handleViewException(Object(ErrorException), 1)
#1 E:\\Projetos Desenvolvimento\\ProjetosPhpStorm\\ProjetosLaravel\
ightlife\\vendor\\laravel\\framework\\src\\Illuminate\\View\\Engines\\CompilerEngine.php(59): Illuminate\\View\\Engines\\PhpEngine->evaluatePath('E:\\\\Projetos Des...', Array)
#2 E:\\Projetos Desenvolvimento\\ProjetosPhpStorm\\ProjetosLaravel\
ightlife\\vendor\\laravel\\framework\\src\\Illuminate\\View\\View.php(142): Illuminate\\View\\Engines\\CompilerEngine->get('E:\\\\Projetos Des...', Array)
#3 E:\\Projetos Desenvolvimento\\ProjetosPhpStorm\\ProjetosLaravel\
ightlife\\vendor\\laravel\\framework\\src\\Illuminate\\View\\View.php(125): Illuminate\\View\\View->getContents()
#4 E:\\Projetos Desenvolvimento\\ProjetosPhpStorm\\ProjetosLaravel\
ightlife\\vendor\\laravel\\framework\\src\\Illuminate\\View\\View.php(90): Illuminate\\View\\View->renderContents()
#5 E:\\Projetos Desenvolvimento\\ProjetosPhpStorm\\ProjetosLaravel\
ightlife\\vendor\\laravel\\framework\\src\\Illuminate\\Http\\Response.php(42): Illuminate\\View\\View->render()
#6 E:\\Projetos Desenvolvimento\\ProjetosPhpStorm\\ProjetosLaravel\
ightlife\\vendor\\symfony\\http-foundation\\Response.php(202): Illuminate\\Http\\Response->setContent(Object(Illuminate\\View\\View))
#7 E:\\Projetos Desenvolvimento\\ProjetosPhpStorm\\ProjetosLaravel\
ightlife\\vendor\\laravel\\framework\\src\\Illuminate\\Routing\\Router.php(748): Symfony\\Component\\HttpFoundation\\Response->__construct(Object(Illuminate\\View\\View))
#8 E:\\Projetos Desenvolvimento\\ProjetosPhpStorm\\ProjetosLaravel\
ightlife\\vendor\\laravel\\framework\\src\\Illuminate\\Routing\\Router.php(720): Illuminate\\Routing\\Router::toResponse(Object(Illuminate\\Http\\Request), Object(Illuminate\\View\\View))
#9 E:\\Projetos Desenvolvimento\\ProjetosPhpStorm\\ProjetosLaravel\
ightlife\\vendor\\laravel\\framework\\src\\Illuminate\\Routing\\Router.php(680): Illuminate\\Routing\\Router->prepareResponse(Object(Illuminate\\Http\\Request), Object(Illuminate\\View\\View))
#10 E:\\Projetos Desenvolvimento\\ProjetosPhpStorm\\ProjetosLaravel\
ightlife\\vendor\\laravel\\framework\\src\\Illuminate\\Routing\\Pipeline.php(30): Illuminate\\Routing\\Router->Illuminate\\Routing\\{closure}(Object(Illuminate\\Http\\Request))
#11 E:\\Projetos Desenvolvimento\\ProjetosPhpStorm\\ProjetosLaravel\
ightlife\\vendor\\laravel\\framework\\src\\Illuminate\\Routing\\Middleware\\SubstituteBindings.php(41): Illuminate\\Routing\\Pipeline->Illuminate\\Routing\\{closure}(Object(Illuminate\\Http\\Request))
#12 E:\\Projetos Desenvolvimento\\ProjetosPhpStorm\\ProjetosLaravel\
ightlife\\vendor\\laravel\\framework\\src\\Illuminate\\Pipeline\\Pipeline.php(163): Illuminate\\Routing\\Middleware\\SubstituteBindings->handle(Object(Illuminate\\Http\\Request), Object(Closure))
#13 E:\\Projetos Desenvolvimento\\ProjetosPhpStorm\\ProjetosLaravel\
ightlife\\vendor\\laravel\\framework\\src\\Illuminate\\Routing\\Pipeline.php(53): Illuminate\\Pipeline\\Pipeline->Illuminate\\Pipeline\\{closure}(Object(Illuminate\\Http\\Request))
#14 E:\\Projetos Desenvolvimento\\ProjetosPhpStorm\\ProjetosLaravel\
ightlife\\vendor\\laravel\\framework\\src\\Illuminate\\Auth\\Middleware\\Authenticate.php(43): Illuminate\\Routing\\Pipeline->Illuminate\\Routing\\{closure}(Object(Illuminate\\Http\\Request))
#15 E:\\Projetos Desenvolvimento\\ProjetosPhpStorm\\ProjetosLaravel\
ightlife\\vendor\\laravel\\framework\\src\\Illuminate\\Pipeline\\Pipeline.php(163): Illuminate\\Auth\\Middleware\\Authenticate->handle(Object(Illuminate\\Http\\Request), Object(Closure))
#16 E:\\Projetos Desenvolvimento\\ProjetosPhpStorm\\ProjetosLaravel\
ightlife\\vendor\\laravel\\framework\\src\\Illuminate\\Routing\\Pipeline.php(53): Illuminate\\Pipeline\\Pipeline->Illuminate\\Pipeline\\{closure}(Object(Illuminate\\Http\\Request))
#17 E:\\Projetos Desenvolvimento\\ProjetosPhpStorm\\ProjetosLaravel\
ightlife\\vendor\\laravel\\framework\\src\\Illuminate\\Foundation\\Http\\Middleware\\VerifyCsrfToken.php(75): Illuminate\\Routing\\Pipeline->Illuminate\\Routing\\{closure}(Object(Illuminate\\Http\\Request))
#18 E:\\Projetos Desenvolvimento\\ProjetosPhpStorm\\ProjetosLaravel\
ightlife\\vendor\\laravel\\framework\\src\\Illuminate\\Pipeline\\Pipeline.php(163): Illuminate\\Foundation\\Http\\Middleware\\VerifyCsrfToken->handle(Object(Illuminate\\Http\\Request), Object(Closure))
#19 E:\\Projetos Desenvolvimento\\ProjetosPhpStorm\\ProjetosLaravel\
ightlife\\vendor\\laravel\\framework\\src\\Illuminate\\Routing\\Pipeline.php(53): Illuminate\\Pipeline\\Pipeline->Illuminate\\Pipeline\\{closure}(Object(Illuminate\\Http\\Request))
#20 E:\\Projetos Desenvolvimento\\ProjetosPhpStorm\\ProjetosLaravel\
ightlife\\vendor\\laravel\\framework\\src\\Illuminate\\View\\Middleware\\ShareErrorsFromSession.php(49): Illuminate\\Routing\\Pipeline->Illuminate\\Routing\\{closure}(Object(Illuminate\\Http\\Request))
#21 E:\\Projetos Desenvolvimento\\ProjetosPhpStorm\\ProjetosLaravel\
ightlife\\vendor\\laravel\\framework\\src\\Illuminate\\Pipeline\\Pipeline.php(163): Illuminate\\View\\Middleware\\ShareErrorsFromSession->handle(Object(Illuminate\\Http\\Request), Object(Closure))
#22 E:\\Projetos Desenvolvimento\\ProjetosPhpStorm\\ProjetosLaravel\
ightlife\\vendor\\laravel\\framework\\src\\Illuminate\\Routing\\Pipeline.php(53): Illuminate\\Pipeline\\Pipeline->Illuminate\\Pipeline\\{closure}(Object(Illuminate\\Http\\Request))
#23 E:\\Projetos Desenvolvimento\\ProjetosPhpStorm\\ProjetosLaravel\
ightlife\\vendor\\laravel\\framework\\src\\Illuminate\\Session\\Middleware\\StartSession.php(56): Illuminate\\Routing\\Pipeline->Illuminate\\Routing\\{closure}(Object(Illuminate\\Http\\Request))
#24 E:\\Projetos Desenvolvimento\\ProjetosPhpStorm\\ProjetosLaravel\
ightlife\\vendor\\laravel\\framework\\src\\Illuminate\\Pipeline\\Pipeline.php(163): Illuminate\\Session\\Middleware\\StartSession->handle(Object(Illuminate\\Http\\Request), Object(Closure))
#25 E:\\Projetos Desenvolvimento\\ProjetosPhpStorm\\ProjetosLaravel\
ightlife\\vendor\\laravel\\framework\\src\\Illuminate\\Routing\\Pipeline.php(53): Illuminate\\Pipeline\\Pipeline->Illuminate\\Pipeline\\{closure}(Object(Illuminate\\Http\\Request))
#26 E:\\Projetos Desenvolvimento\\ProjetosPhpStorm\\ProjetosLaravel\
ightlife\\vendor\\laravel\\framework\\src\\Illuminate\\Cookie\\Middleware\\AddQueuedCookiesToResponse.php(37): Illuminate\\Routing\\Pipeline->Illuminate\\Routing\\{closure}(Object(Illuminate\\Http\\Request))
#27 E:\\Projetos Desenvolvimento\\ProjetosPhpStorm\\ProjetosLaravel\
ightlife\\vendor\\laravel\\framework\\src\\Illuminate\\Pipeline\\Pipeline.php(163): Illuminate\\Cookie\\Middleware\\AddQueuedCookiesToResponse->handle(Object(Illuminate\\Http\\Request), Object(Closure))
#28 E:\\Projetos Desenvolvimento\\ProjetosPhpStorm\\ProjetosLaravel\
ightlife\\vendor\\laravel\\framework\\src\\Illuminate\\Routing\\Pipeline.php(53): Illuminate\\Pipeline\\Pipeline->Illuminate\\Pipeline\\{closure}(Object(Illuminate\\Http\\Request))
#29 E:\\Projetos Desenvolvimento\\ProjetosPhpStorm\\ProjetosLaravel\
ightlife\\vendor\\laravel\\framework\\src\\Illuminate\\Cookie\\Middleware\\EncryptCookies.php(66): Illuminate\\Routing\\Pipeline->Illuminate\\Routing\\{closure}(Object(Illuminate\\Http\\Request))
#30 E:\\Projetos Desenvolvimento\\ProjetosPhpStorm\\ProjetosLaravel\
ightlife\\vendor\\laravel\\framework\\src\\Illuminate\\Pipeline\\Pipeline.php(163): Illuminate\\Cookie\\Middleware\\EncryptCookies->handle(Object(Illuminate\\Http\\Request), Object(Closure))
#31 E:\\Projetos Desenvolvimento\\ProjetosPhpStorm\\ProjetosLaravel\
ightlife\\vendor\\laravel\\framework\\src\\Illuminate\\Routing\\Pipeline.php(53): Illuminate\\Pipeline\\Pipeline->Illuminate\\Pipeline\\{closure}(Object(Illuminate\\Http\\Request))
#32 E:\\Projetos Desenvolvimento\\ProjetosPhpStorm\\ProjetosLaravel\
ightlife\\vendor\\laravel\\framework\\src\\Illuminate\\Pipeline\\Pipeline.php(104): Illuminate\\Routing\\Pipeline->Illuminate\\Routing\\{closure}(Object(Illuminate\\Http\\Request))
#33 E:\\Projetos Desenvolvimento\\ProjetosPhpStorm\\ProjetosLaravel\
ightlife\\vendor\\laravel\\framework\\src\\Illuminate\\Routing\\Router.php(682): Illuminate\\Pipeline\\Pipeline->then(Object(Closure))
#34 E:\\Projetos Desenvolvimento\\ProjetosPhpStorm\\ProjetosLaravel\
ightlife\\vendor\\laravel\\framework\\src\\Illuminate\\Routing\\Router.php(657): Illuminate\\Routing\\Router->runRouteWithinStack(Object(Illuminate\\Routing\\Route), Object(Illuminate\\Http\\Request))
#35 E:\\Projetos Desenvolvimento\\ProjetosPhpStorm\\ProjetosLaravel\
ightlife\\vendor\\laravel\\framework\\src\\Illuminate\\Routing\\Router.php(623): Illuminate\\Routing\\Router->runRoute(Object(Illuminate\\Http\\Request), Object(Illuminate\\Routing\\Route))
#36 E:\\Projetos Desenvolvimento\\ProjetosPhpStorm\\ProjetosLaravel\
ightlife\\vendor\\laravel\\framework\\src\\Illuminate\\Routing\\Router.php(612): Illuminate\\Routing\\Router->dispatchToRoute(Object(Illuminate\\Http\\Request))
#37 E:\\Projetos Desenvolvimento\\ProjetosPhpStorm\\ProjetosLaravel\
ightlife\\vendor\\laravel\\framework\\src\\Illuminate\\Foundation\\Http\\Kernel.php(176): Illuminate\\Routing\\Router->dispatch(Object(Illuminate\\Http\\Request))
#38 E:\\Projetos Desenvolvimento\\ProjetosPhpStorm\\ProjetosLaravel\
ightlife\\vendor\\laravel\\framework\\src\\Illuminate\\Routing\\Pipeline.php(30): Illuminate\\Foundation\\Http\\Kernel->Illuminate\\Foundation\\Http\\{closure}(Object(Illuminate\\Http\\Request))
#39 E:\\Projetos Desenvolvimento\\ProjetosPhpStorm\\ProjetosLaravel\
ightlife\\vendor\\fideloper\\proxy\\src\\TrustProxies.php(57): Illuminate\\Routing\\Pipeline->Illuminate\\Routing\\{closure}(Object(Illuminate\\Http\\Request))
#40 E:\\Projetos Desenvolvimento\\ProjetosPhpStorm\\ProjetosLaravel\
ightlife\\vendor\\laravel\\framework\\src\\Illuminate\\Pipeline\\Pipeline.php(163): Fideloper\\Proxy\\TrustProxies->handle(Object(Illuminate\\Http\\Request), Object(Closure))
#41 E:\\Projetos Desenvolvimento\\ProjetosPhpStorm\\ProjetosLaravel\
ightlife\\vendor\\laravel\\framework\\src\\Illuminate\\Routing\\Pipeline.php(53): Illuminate\\Pipeline\\Pipeline->Illuminate\\Pipeline\\{closure}(Object(Illuminate\\Http\\Request))
#42 E:\\Projetos Desenvolvimento\\ProjetosPhpStorm\\ProjetosLaravel\
ightlife\\vendor\\laravel\\framework\\src\\Illuminate\\Foundation\\Http\\Middleware\\TransformsRequest.php(21): Illuminate\\Routing\\Pipeline->Illuminate\\Routing\\{closure}(Object(Illuminate\\Http\\Request))
#43 E:\\Projetos Desenvolvimento\\ProjetosPhpStorm\\ProjetosLaravel\
ightlife\\vendor\\laravel\\framework\\src\\Illuminate\\Pipeline\\Pipeline.php(163): Illuminate\\Foundation\\Http\\Middleware\\TransformsRequest->handle(Object(Illuminate\\Http\\Request), Object(Closure))
#44 E:\\Projetos Desenvolvimento\\ProjetosPhpStorm\\ProjetosLaravel\
ightlife\\vendor\\laravel\\framework\\src\\Illuminate\\Routing\\Pipeline.php(53): Illuminate\\Pipeline\\Pipeline->Illuminate\\Pipeline\\{closure}(Object(Illuminate\\Http\\Request))
#45 E:\\Projetos Desenvolvimento\\ProjetosPhpStorm\\ProjetosLaravel\
ightlife\\vendor\\laravel\\framework\\src\\Illuminate\\Foundation\\Http\\Middleware\\TransformsRequest.php(21): Illuminate\\Routing\\Pipeline->Illuminate\\Routing\\{closure}(Object(Illuminate\\Http\\Request))
#46 E:\\Projetos Desenvolvimento\\ProjetosPhpStorm\\ProjetosLaravel\
ightlife\\vendor\\laravel\\framework\\src\\Illuminate\\Pipeline\\Pipeline.php(163): Illuminate\\Foundation\\Http\\Middleware\\TransformsRequest->handle(Object(Illuminate\\Http\\Request), Object(Closure))
#47 E:\\Projetos Desenvolvimento\\ProjetosPhpStorm\\ProjetosLaravel\
ightlife\\vendor\\laravel\\framework\\src\\Illuminate\\Routing\\Pipeline.php(53): Illuminate\\Pipeline\\Pipeline->Illuminate\\Pipeline\\{closure}(Object(Illuminate\\Http\\Request))
#48 E:\\Projetos Desenvolvimento\\ProjetosPhpStorm\\ProjetosLaravel\
ightlife\\vendor\\laravel\\framework\\src\\Illuminate\\Foundation\\Http\\Middleware\\ValidatePostSize.php(27): Illuminate\\Routing\\Pipeline->Illuminate\\Routing\\{closure}(Object(Illuminate\\Http\\Request))
#49 E:\\Projetos Desenvolvimento\\ProjetosPhpStorm\\ProjetosLaravel\
ightlife\\vendor\\laravel\\framework\\src\\Illuminate\\Pipeline\\Pipeline.php(163): Illuminate\\Foundation\\Http\\Middleware\\ValidatePostSize->handle(Object(Illuminate\\Http\\Request), Object(Closure))
#50 E:\\Projetos Desenvolvimento\\ProjetosPhpStorm\\ProjetosLaravel\
ightlife\\vendor\\laravel\\framework\\src\\Illuminate\\Routing\\Pipeline.php(53): Illuminate\\Pipeline\\Pipeline->Illuminate\\Pipeline\\{closure}(Object(Illuminate\\Http\\Request))
#51 E:\\Projetos Desenvolvimento\\ProjetosPhpStorm\\ProjetosLaravel\
ightlife\\vendor\\laravel\\framework\\src\\Illuminate\\Foundation\\Http\\Middleware\\CheckForMaintenanceMode.php(62): Illuminate\\Routing\\Pipeline->Illuminate\\Routing\\{closure}(Object(Illuminate\\Http\\Request))
#52 E:\\Projetos Desenvolvimento\\ProjetosPhpStorm\\ProjetosLaravel\
ightlife\\vendor\\laravel\\framework\\src\\Illuminate\\Pipeline\\Pipeline.php(163): Illuminate\\Foundation\\Http\\Middleware\\CheckForMaintenanceMode->handle(Object(Illuminate\\Http\\Request), Object(Closure))
#53 E:\\Projetos Desenvolvimento\\ProjetosPhpStorm\\ProjetosLaravel\
ightlife\\vendor\\laravel\\framework\\src\\Illuminate\\Routing\\Pipeline.php(53): Illuminate\\Pipeline\\Pipeline->Illuminate\\Pipeline\\{closure}(Object(Illuminate\\Http\\Request))
#54 E:\\Projetos Desenvolvimento\\ProjetosPhpStorm\\ProjetosLaravel\
ightlife\\vendor\\laravel\\framework\\src\\Illuminate\\Pipeline\\Pipeline.php(104): Illuminate\\Routing\\Pipeline->Illuminate\\Routing\\{closure}(Object(Illuminate\\Http\\Request))
#55 E:\\Projetos Desenvolvimento\\ProjetosPhpStorm\\ProjetosLaravel\
ightlife\\vendor\\laravel\\framework\\src\\Illuminate\\Foundation\\Http\\Kernel.php(151): Illuminate\\Pipeline\\Pipeline->then(Object(Closure))
#56 E:\\Projetos Desenvolvimento\\ProjetosPhpStorm\\ProjetosLaravel\
ightlife\\vendor\\laravel\\framework\\src\\Illuminate\\Foundation\\Http\\Kernel.php(116): Illuminate\\Foundation\\Http\\Kernel->sendRequestThroughRouter(Object(Illuminate\\Http\\Request))
#57 E:\\Projetos Desenvolvimento\\ProjetosPhpStorm\\ProjetosLaravel\
ightlife\\public\\index.php(55): Illuminate\\Foundation\\Http\\Kernel->handle(Object(Illuminate\\Http\\Request))
#58 {main}
"} 
[2020-02-28 23:59:53] local.ERROR: Illegal string offset 'name' (View: E:\Projetos Desenvolvimento\ProjetosPhpStorm\ProjetosLaravel\nightlife\resources\views\admin\establishment\index.blade.php) {"userId":1,"exception":"[object] (ErrorException(code: 0): Illegal string offset 'name' (View: E:\\Projetos Desenvolvimento\\ProjetosPhpStorm\\ProjetosLaravel\
ightlife\esources\\views\\admin\\establishment\\index.blade.php) at E:\\Projetos Desenvolvimento\\ProjetosPhpStorm\\ProjetosLaravel\
ightlife\\vendor\\laravelcollective\\html\\src\\FormBuilder.php:291, ErrorException(code: 0): Illegal string offset 'name' at E:\\Projetos Desenvolvimento\\ProjetosPhpStorm\\ProjetosLaravel\
ightlife\\vendor\\laravelcollective\\html\\src\\FormBuilder.php:291)
[stacktrace]
#0 E:\\Projetos Desenvolvimento\\ProjetosPhpStorm\\ProjetosLaravel\
ightlife\\vendor\\laravel\\framework\\src\\Illuminate\\View\\Engines\\PhpEngine.php(45): Illuminate\\View\\Engines\\CompilerEngine->handleViewException(Object(ErrorException), 1)
#1 E:\\Projetos Desenvolvimento\\ProjetosPhpStorm\\ProjetosLaravel\
ightlife\\vendor\\laravel\\framework\\src\\Illuminate\\View\\Engines\\CompilerEngine.php(59): Illuminate\\View\\Engines\\PhpEngine->evaluatePath('E:\\\\Projetos Des...', Array)
#2 E:\\Projetos Desenvolvimento\\ProjetosPhpStorm\\ProjetosLaravel\
ightlife\\vendor\\laravel\\framework\\src\\Illuminate\\View\\View.php(142): Illuminate\\View\\Engines\\CompilerEngine->get('E:\\\\Projetos Des...', Array)
#3 E:\\Projetos Desenvolvimento\\ProjetosPhpStorm\\ProjetosLaravel\
ightlife\\vendor\\laravel\\framework\\src\\Illuminate\\View\\View.php(125): Illuminate\\View\\View->getContents()
#4 E:\\Projetos Desenvolvimento\\ProjetosPhpStorm\\ProjetosLaravel\
ightlife\\vendor\\laravel\\framework\\src\\Illuminate\\View\\View.php(90): Illuminate\\View\\View->renderContents()
#5 E:\\Projetos Desenvolvimento\\ProjetosPhpStorm\\ProjetosLaravel\
ightlife\\vendor\\laravel\\framework\\src\\Illuminate\\Http\\Response.php(42): Illuminate\\View\\View->render()
#6 E:\\Projetos Desenvolvimento\\ProjetosPhpStorm\\ProjetosLaravel\
ightlife\\vendor\\symfony\\http-foundation\\Response.php(202): Illuminate\\Http\\Response->setContent(Object(Illuminate\\View\\View))
#7 E:\\Projetos Desenvolvimento\\ProjetosPhpStorm\\ProjetosLaravel\
ightlife\\vendor\\laravel\\framework\\src\\Illuminate\\Routing\\Router.php(748): Symfony\\Component\\HttpFoundation\\Response->__construct(Object(Illuminate\\View\\View))
#8 E:\\Projetos Desenvolvimento\\ProjetosPhpStorm\\ProjetosLaravel\
ightlife\\vendor\\laravel\\framework\\src\\Illuminate\\Routing\\Router.php(720): Illuminate\\Routing\\Router::toResponse(Object(Illuminate\\Http\\Request), Object(Illuminate\\View\\View))
#9 E:\\Projetos Desenvolvimento\\ProjetosPhpStorm\\ProjetosLaravel\
ightlife\\vendor\\laravel\\framework\\src\\Illuminate\\Routing\\Router.php(680): Illuminate\\Routing\\Router->prepareResponse(Object(Illuminate\\Http\\Request), Object(Illuminate\\View\\View))
#10 E:\\Projetos Desenvolvimento\\ProjetosPhpStorm\\ProjetosLaravel\
ightlife\\vendor\\laravel\\framework\\src\\Illuminate\\Routing\\Pipeline.php(30): Illuminate\\Routing\\Router->Illuminate\\Routing\\{closure}(Object(Illuminate\\Http\\Request))
#11 E:\\Projetos Desenvolvimento\\ProjetosPhpStorm\\ProjetosLaravel\
ightlife\\vendor\\laravel\\framework\\src\\Illuminate\\Routing\\Middleware\\SubstituteBindings.php(41): Illuminate\\Routing\\Pipeline->Illuminate\\Routing\\{closure}(Object(Illuminate\\Http\\Request))
#12 E:\\Projetos Desenvolvimento\\ProjetosPhpStorm\\ProjetosLaravel\
ightlife\\vendor\\laravel\\framework\\src\\Illuminate\\Pipeline\\Pipeline.php(163): Illuminate\\Routing\\Middleware\\SubstituteBindings->handle(Object(Illuminate\\Http\\Request), Object(Closure))
#13 E:\\Projetos Desenvolvimento\\ProjetosPhpStorm\\ProjetosLaravel\
ightlife\\vendor\\laravel\\framework\\src\\Illuminate\\Routing\\Pipeline.php(53): Illuminate\\Pipeline\\Pipeline->Illuminate\\Pipeline\\{closure}(Object(Illuminate\\Http\\Request))
#14 E:\\Projetos Desenvolvimento\\ProjetosPhpStorm\\ProjetosLaravel\
ightlife\\vendor\\laravel\\framework\\src\\Illuminate\\Auth\\Middleware\\Authenticate.php(43): Illuminate\\Routing\\Pipeline->Illuminate\\Routing\\{closure}(Object(Illuminate\\Http\\Request))
#15 E:\\Projetos Desenvolvimento\\ProjetosPhpStorm\\ProjetosLaravel\
ightlife\\vendor\\laravel\\framework\\src\\Illuminate\\Pipeline\\Pipeline.php(163): Illuminate\\Auth\\Middleware\\Authenticate->handle(Object(Illuminate\\Http\\Request), Object(Closure))
#16 E:\\Projetos Desenvolvimento\\ProjetosPhpStorm\\ProjetosLaravel\
ightlife\\vendor\\laravel\\framework\\src\\Illuminate\\Routing\\Pipeline.php(53): Illuminate\\Pipeline\\Pipeline->Illuminate\\Pipeline\\{closure}(Object(Illuminate\\Http\\Request))
#17 E:\\Projetos Desenvolvimento\\ProjetosPhpStorm\\ProjetosLaravel\
ightlife\\vendor\\laravel\\framework\\src\\Illuminate\\Foundation\\Http\\Middleware\\VerifyCsrfToken.php(75): Illuminate\\Routing\\Pipeline->Illuminate\\Routing\\{closure}(Object(Illuminate\\Http\\Request))
#18 E:\\Projetos Desenvolvimento\\ProjetosPhpStorm\\ProjetosLaravel\
ightlife\\vendor\\laravel\\framework\\src\\Illuminate\\Pipeline\\Pipeline.php(163): Illuminate\\Foundation\\Http\\Middleware\\VerifyCsrfToken->handle(Object(Illuminate\\Http\\Request), Object(Closure))
#19 E:\\Projetos Desenvolvimento\\ProjetosPhpStorm\\ProjetosLaravel\
ightlife\\vendor\\laravel\\framework\\src\\Illuminate\\Routing\\Pipeline.php(53): Illuminate\\Pipeline\\Pipeline->Illuminate\\Pipeline\\{closure}(Object(Illuminate\\Http\\Request))
#20 E:\\Projetos Desenvolvimento\\ProjetosPhpStorm\\ProjetosLaravel\
ightlife\\vendor\\laravel\\framework\\src\\Illuminate\\View\\Middleware\\ShareErrorsFromSession.php(49): Illuminate\\Routing\\Pipeline->Illuminate\\Routing\\{closure}(Object(Illuminate\\Http\\Request))
#21 E:\\Projetos Desenvolvimento\\ProjetosPhpStorm\\ProjetosLaravel\
ightlife\\vendor\\laravel\\framework\\src\\Illuminate\\Pipeline\\Pipeline.php(163): Illuminate\\View\\Middleware\\ShareErrorsFromSession->handle(Object(Illuminate\\Http\\Request), Object(Closure))
#22 E:\\Projetos Desenvolvimento\\ProjetosPhpStorm\\ProjetosLaravel\
ightlife\\vendor\\laravel\\framework\\src\\Illuminate\\Routing\\Pipeline.php(53): Illuminate\\Pipeline\\Pipeline->Illuminate\\Pipeline\\{closure}(Object(Illuminate\\Http\\Request))
#23 E:\\Projetos Desenvolvimento\\ProjetosPhpStorm\\ProjetosLaravel\
ightlife\\vendor\\laravel\\framework\\src\\Illuminate\\Session\\Middleware\\StartSession.php(56): Illuminate\\Routing\\Pipeline->Illuminate\\Routing\\{closure}(Object(Illuminate\\Http\\Request))
#24 E:\\Projetos Desenvolvimento\\ProjetosPhpStorm\\ProjetosLaravel\
ightlife\\vendor\\laravel\\framework\\src\\Illuminate\\Pipeline\\Pipeline.php(163): Illuminate\\Session\\Middleware\\StartSession->handle(Object(Illuminate\\Http\\Request), Object(Closure))
#25 E:\\Projetos Desenvolvimento\\ProjetosPhpStorm\\ProjetosLaravel\
ightlife\\vendor\\laravel\\framework\\src\\Illuminate\\Routing\\Pipeline.php(53): Illuminate\\Pipeline\\Pipeline->Illuminate\\Pipeline\\{closure}(Object(Illuminate\\Http\\Request))
#26 E:\\Projetos Desenvolvimento\\ProjetosPhpStorm\\ProjetosLaravel\
ightlife\\vendor\\laravel\\framework\\src\\Illuminate\\Cookie\\Middleware\\AddQueuedCookiesToResponse.php(37): Illuminate\\Routing\\Pipeline->Illuminate\\Routing\\{closure}(Object(Illuminate\\Http\\Request))
#27 E:\\Projetos Desenvolvimento\\ProjetosPhpStorm\\ProjetosLaravel\
ightlife\\vendor\\laravel\\framework\\src\\Illuminate\\Pipeline\\Pipeline.php(163): Illuminate\\Cookie\\Middleware\\AddQueuedCookiesToResponse->handle(Object(Illuminate\\Http\\Request), Object(Closure))
#28 E:\\Projetos Desenvolvimento\\ProjetosPhpStorm\\ProjetosLaravel\
ightlife\\vendor\\laravel\\framework\\src\\Illuminate\\Routing\\Pipeline.php(53): Illuminate\\Pipeline\\Pipeline->Illuminate\\Pipeline\\{closure}(Object(Illuminate\\Http\\Request))
#29 E:\\Projetos Desenvolvimento\\ProjetosPhpStorm\\ProjetosLaravel\
ightlife\\vendor\\laravel\\framework\\src\\Illuminate\\Cookie\\Middleware\\EncryptCookies.php(66): Illuminate\\Routing\\Pipeline->Illuminate\\Routing\\{closure}(Object(Illuminate\\Http\\Request))
#30 E:\\Projetos Desenvolvimento\\ProjetosPhpStorm\\ProjetosLaravel\
ightlife\\vendor\\laravel\\framework\\src\\Illuminate\\Pipeline\\Pipeline.php(163): Illuminate\\Cookie\\Middleware\\EncryptCookies->handle(Object(Illuminate\\Http\\Request), Object(Closure))
#31 E:\\Projetos Desenvolvimento\\ProjetosPhpStorm\\ProjetosLaravel\
ightlife\\vendor\\laravel\\framework\\src\\Illuminate\\Routing\\Pipeline.php(53): Illuminate\\Pipeline\\Pipeline->Illuminate\\Pipeline\\{closure}(Object(Illuminate\\Http\\Request))
#32 E:\\Projetos Desenvolvimento\\ProjetosPhpStorm\\ProjetosLaravel\
ightlife\\vendor\\laravel\\framework\\src\\Illuminate\\Pipeline\\Pipeline.php(104): Illuminate\\Routing\\Pipeline->Illuminate\\Routing\\{closure}(Object(Illuminate\\Http\\Request))
#33 E:\\Projetos Desenvolvimento\\ProjetosPhpStorm\\ProjetosLaravel\
ightlife\\vendor\\laravel\\framework\\src\\Illuminate\\Routing\\Router.php(682): Illuminate\\Pipeline\\Pipeline->then(Object(Closure))
#34 E:\\Projetos Desenvolvimento\\ProjetosPhpStorm\\ProjetosLaravel\
ightlife\\vendor\\laravel\\framework\\src\\Illuminate\\Routing\\Router.php(657): Illuminate\\Routing\\Router->runRouteWithinStack(Object(Illuminate\\Routing\\Route), Object(Illuminate\\Http\\Request))
#35 E:\\Projetos Desenvolvimento\\ProjetosPhpStorm\\ProjetosLaravel\
ightlife\\vendor\\laravel\\framework\\src\\Illuminate\\Routing\\Router.php(623): Illuminate\\Routing\\Router->runRoute(Object(Illuminate\\Http\\Request), Object(Illuminate\\Routing\\Route))
#36 E:\\Projetos Desenvolvimento\\ProjetosPhpStorm\\ProjetosLaravel\
ightlife\\vendor\\laravel\\framework\\src\\Illuminate\\Routing\\Router.php(612): Illuminate\\Routing\\Router->dispatchToRoute(Object(Illuminate\\Http\\Request))
#37 E:\\Projetos Desenvolvimento\\ProjetosPhpStorm\\ProjetosLaravel\
ightlife\\vendor\\laravel\\framework\\src\\Illuminate\\Foundation\\Http\\Kernel.php(176): Illuminate\\Routing\\Router->dispatch(Object(Illuminate\\Http\\Request))
#38 E:\\Projetos Desenvolvimento\\ProjetosPhpStorm\\ProjetosLaravel\
ightlife\\vendor\\laravel\\framework\\src\\Illuminate\\Routing\\Pipeline.php(30): Illuminate\\Foundation\\Http\\Kernel->Illuminate\\Foundation\\Http\\{closure}(Object(Illuminate\\Http\\Request))
#39 E:\\Projetos Desenvolvimento\\ProjetosPhpStorm\\ProjetosLaravel\
ightlife\\vendor\\fideloper\\proxy\\src\\TrustProxies.php(57): Illuminate\\Routing\\Pipeline->Illuminate\\Routing\\{closure}(Object(Illuminate\\Http\\Request))
#40 E:\\Projetos Desenvolvimento\\ProjetosPhpStorm\\ProjetosLaravel\
ightlife\\vendor\\laravel\\framework\\src\\Illuminate\\Pipeline\\Pipeline.php(163): Fideloper\\Proxy\\TrustProxies->handle(Object(Illuminate\\Http\\Request), Object(Closure))
#41 E:\\Projetos Desenvolvimento\\ProjetosPhpStorm\\ProjetosLaravel\
ightlife\\vendor\\laravel\\framework\\src\\Illuminate\\Routing\\Pipeline.php(53): Illuminate\\Pipeline\\Pipeline->Illuminate\\Pipeline\\{closure}(Object(Illuminate\\Http\\Request))
#42 E:\\Projetos Desenvolvimento\\ProjetosPhpStorm\\ProjetosLaravel\
ightlife\\vendor\\laravel\\framework\\src\\Illuminate\\Foundation\\Http\\Middleware\\TransformsRequest.php(21): Illuminate\\Routing\\Pipeline->Illuminate\\Routing\\{closure}(Object(Illuminate\\Http\\Request))
#43 E:\\Projetos Desenvolvimento\\ProjetosPhpStorm\\ProjetosLaravel\
ightlife\\vendor\\laravel\\framework\\src\\Illuminate\\Pipeline\\Pipeline.php(163): Illuminate\\Foundation\\Http\\Middleware\\TransformsRequest->handle(Object(Illuminate\\Http\\Request), Object(Closure))
#44 E:\\Projetos Desenvolvimento\\ProjetosPhpStorm\\ProjetosLaravel\
ightlife\\vendor\\laravel\\framework\\src\\Illuminate\\Routing\\Pipeline.php(53): Illuminate\\Pipeline\\Pipeline->Illuminate\\Pipeline\\{closure}(Object(Illuminate\\Http\\Request))
#45 E:\\Projetos Desenvolvimento\\ProjetosPhpStorm\\ProjetosLaravel\
ightlife\\vendor\\laravel\\framework\\src\\Illuminate\\Foundation\\Http\\Middleware\\TransformsRequest.php(21): Illuminate\\Routing\\Pipeline->Illuminate\\Routing\\{closure}(Object(Illuminate\\Http\\Request))
#46 E:\\Projetos Desenvolvimento\\ProjetosPhpStorm\\ProjetosLaravel\
ightlife\\vendor\\laravel\\framework\\src\\Illuminate\\Pipeline\\Pipeline.php(163): Illuminate\\Foundation\\Http\\Middleware\\TransformsRequest->handle(Object(Illuminate\\Http\\Request), Object(Closure))
#47 E:\\Projetos Desenvolvimento\\ProjetosPhpStorm\\ProjetosLaravel\
ightlife\\vendor\\laravel\\framework\\src\\Illuminate\\Routing\\Pipeline.php(53): Illuminate\\Pipeline\\Pipeline->Illuminate\\Pipeline\\{closure}(Object(Illuminate\\Http\\Request))
#48 E:\\Projetos Desenvolvimento\\ProjetosPhpStorm\\ProjetosLaravel\
ightlife\\vendor\\laravel\\framework\\src\\Illuminate\\Foundation\\Http\\Middleware\\ValidatePostSize.php(27): Illuminate\\Routing\\Pipeline->Illuminate\\Routing\\{closure}(Object(Illuminate\\Http\\Request))
#49 E:\\Projetos Desenvolvimento\\ProjetosPhpStorm\\ProjetosLaravel\
ightlife\\vendor\\laravel\\framework\\src\\Illuminate\\Pipeline\\Pipeline.php(163): Illuminate\\Foundation\\Http\\Middleware\\ValidatePostSize->handle(Object(Illuminate\\Http\\Request), Object(Closure))
#50 E:\\Projetos Desenvolvimento\\ProjetosPhpStorm\\ProjetosLaravel\
ightlife\\vendor\\laravel\\framework\\src\\Illuminate\\Routing\\Pipeline.php(53): Illuminate\\Pipeline\\Pipeline->Illuminate\\Pipeline\\{closure}(Object(Illuminate\\Http\\Request))
#51 E:\\Projetos Desenvolvimento\\ProjetosPhpStorm\\ProjetosLaravel\
ightlife\\vendor\\laravel\\framework\\src\\Illuminate\\Foundation\\Http\\Middleware\\CheckForMaintenanceMode.php(62): Illuminate\\Routing\\Pipeline->Illuminate\\Routing\\{closure}(Object(Illuminate\\Http\\Request))
#52 E:\\Projetos Desenvolvimento\\ProjetosPhpStorm\\ProjetosLaravel\
ightlife\\vendor\\laravel\\framework\\src\\Illuminate\\Pipeline\\Pipeline.php(163): Illuminate\\Foundation\\Http\\Middleware\\CheckForMaintenanceMode->handle(Object(Illuminate\\Http\\Request), Object(Closure))
#53 E:\\Projetos Desenvolvimento\\ProjetosPhpStorm\\ProjetosLaravel\
ightlife\\vendor\\laravel\\framework\\src\\Illuminate\\Routing\\Pipeline.php(53): Illuminate\\Pipeline\\Pipeline->Illuminate\\Pipeline\\{closure}(Object(Illuminate\\Http\\Request))
#54 E:\\Projetos Desenvolvimento\\ProjetosPhpStorm\\ProjetosLaravel\
ightlife\\vendor\\laravel\\framework\\src\\Illuminate\\Pipeline\\Pipeline.php(104): Illuminate\\Routing\\Pipeline->Illuminate\\Routing\\{closure}(Object(Illuminate\\Http\\Request))
#55 E:\\Projetos Desenvolvimento\\ProjetosPhpStorm\\ProjetosLaravel\
ightlife\\vendor\\laravel\\framework\\src\\Illuminate\\Foundation\\Http\\Kernel.php(151): Illuminate\\Pipeline\\Pipeline->then(Object(Closure))
#56 E:\\Projetos Desenvolvimento\\ProjetosPhpStorm\\ProjetosLaravel\
ightlife\\vendor\\laravel\\framework\\src\\Illuminate\\Foundation\\Http\\Kernel.php(116): Illuminate\\Foundation\\Http\\Kernel->sendRequestThroughRouter(Object(Illuminate\\Http\\Request))
#57 E:\\Projetos Desenvolvimento\\ProjetosPhpStorm\\ProjetosLaravel\
ightlife\\public\\index.php(55): Illuminate\\Foundation\\Http\\Kernel->handle(Object(Illuminate\\Http\\Request))
#58 {main}
"} 
